post_id	preds_pos
1	['8zufbeuz', '6gssaxcl', 'qgwu9fsk', 'tpic8ddl', 'e2rtzymt']
2	['855atuue', 'mm2aotem', 'ky5env7t', '47p4g80o', 'lf9i6x2i']
3	['550ik6bk', '5kchpjx0', '25aj8rj5', 'edr7hrhp', '6mfd3n4s']
4	['ru2ty1y9', 'enlj85zc', 'zs78ndoa', '95wclabe', 'ozj6zju8']
5	['p8xpavbg', 'faj85qxc', '32ut5vr7', 'u6rt6zd4', '8d6vcqr3']
6	['bdcwowci', '0phcscz8', 'nns4mkkv', 'rytalfyx', 'n0actmsc']
7	['7e3kiox2', 'dzkf7c7l', '4888p05u', '6zfpcm4j', 'gkf3wez8']
8	['gha1wg4w', 'fa05sovj', '6zjzy0ft', 'b0wy5zz4', 'z6cdyy0w']
9	['09vzcqyr', '3ybiysp4', '46r46ja3', 'gobik7kl', 'gwaqh4dd']
10	['8tqm4k6k', '763v4duh', 'r58aohnu', 'a8u31pkr', 'tjhtk2up']
11	['1tamgmzm', 'ug2ka6ia', '4oxbczqe', '2x2n8blg', 'lt51utjm']
12	['iu6epm2i', 'wk3fh9ke', 'yztfkwkc', 'v4c1lgpd', 'lorpo8uk']
13	['jlrzu0wl', 'a2m0wswj', '4ylmj9ub', 'pjhu8xdh', 't85yioyl']
14	['bccrvapy', 'tl1o1wr9', '2lk2vm5r', 'flqdf8vd', '2igc5wzx']
15	['e6miaabh', 'tb8k979g', '8glhd9xe', '0vy5yifk', '122yi9np']
16	['0xhho1sh', '7uoia564', 'sy8sloqo', 'y4cqgbm2', 'w3u3vmd6']
17	['19i9lknr', 'ccxnsmia', '1t1sykok', 'q8dl0gcc', 'a17tumo7']
18	['8je46886', 'yrowv62k', '1s8jzzwg', 'z86g8dzs', 'zl4ixyg1']
19	['fff0swre', 'uom5r1pf', 'zvmwubuk', 'y0mbzzx0', 'w50gorzr']
20	['e1mnj7bf', '8iqs6jko', 'lhbk4902', 'w0ebmg16', '7zdi0y2s']
21	['lvw0cnwj', 'pc2cnhjd', '0rrhiw9m', 'lvrdgpyr', '8i7v13e8']
22	['u07jsjmf', '550ik6bk', '42t0zriz', '8x9fc130', 'njgbom98']
23	['s1hmhupe', 'x4mgnhbg', 's2j4qf0j', 'jisznsr3', 'sdij1d90']
24	['t038136e', '2hbcbvt6', 'tdlcb9bf', 's1hmhupe', '65gedo6u']
25	['uzry86hi', 'z81x8sh4', 'dvwkh1d3', '8i7v13e8', '4z8i83p4']
26	['7yldl4ld', 'i0bc6k81', '7fyhx6c2', 'yw8a1ssd', '8393t8xl']
27	['pxulu0hl', 'r5552ql7', 'wbhlwq9r', 'njj0dck7', 'k9n2a5ss']
28	['m2z6k2va', '7ruoysxu', 'ordof7g5', '8iqs6jko', 'gb1sk22m']
29	['r5iu5nr1', 'i4op2jkl', 'lk3w2kqv', 'vprj63y2', 'qjin5w03']
30	['umqu07te', 'yj25zkx6', 's44gtutu', 'zh8wzza5', 'oeudi6lr']
31	['o6zww1rr', 'ob10sxfv', 'ix0xi5jb', '2xzntu5c', 'j80mp0kn']
32	['s6b2zp99', '0mwz8kwo', 'yw5lzibk', '7gj2cl8r', 'y07xjnpe']
33	['upiu3e2d', '7zngkwoh', 'fj6l76hq', '1aqf98e0', 'cnmawglq']
34	['n5c0hcwn', 'cabmmgg6', '1vd4j3qc', 'pvrp8u8n', 'mi6bdisx']
35	['7tp8z7n8', 'ixvtt3g8', '9pn62o4p', 't023li1a', 'b2oi45ei']
36	['383sp7f5', '16ff3c7m', 'ao9bmat5', 'iuziorsk', '26kx1b0h']
37	['mg8uyeuh', '1t78tt1s', 'tb8k979g', 'eubmiblw', 'bfmcqcq1']
38	['n6of82yn', '2zbm4iwn', 'urv9o2f1', 'tah3jdw0', '7vh7d3p4']
39	['fynl88p5', '3vrg7zyc', 'i3jsvtwp', 'ijoyk390', 'lgflny84']
40	['38d6gb7o', 'eje3i558', '1fgnfh62', 'hcfoj5l1', 'wquu9zf7']
41	['y0u00y67', 'q3h8afld', 'aj64338q', 'ryfz5xsj', 'dqlay9br']
42	['32v44sw9', 'w01dub6y', 'vg96f35h', 'l70ghm8g', 'ot04th3v']
43	['yamabj5e', '52lf5gzr', 'ylvgmdwh', '296lr317', '52qpcg63']
44	['lm73oj21', '1l4o9pko', 'fien6nra', 'ml27mexb', 'aakzdkcj']
45	['bmgfoine', 'nle4axad', 'dm6pznm2', 'iu4p5k0w', 'wcq3qqt4']
46	['aekhd3tb', 'fen3nmr2', 'v7szuzfa', 'kyt14ufu', 'dxym95pe']
47	['xolflz8g', 'knlc3bxh', 'o1eecluy', '0extp6r3', 'jnwuu08w']
48	['3phrv0c4', 'r2hovw0y', 'm6eotnko', 'fe456in0', 'ereh4ub8']
49	['zb7ge4b8', 'y502wp0u', 'a3i3t6od', 'tb8k979g', 'lehxgldu']
50	['4hmecfi0', 'aj7rwpbn', 'duqgd4gs', 'rgmurgbf', 'qb1f03hz']
51	['uj5deryi', 'y40s45iv', 'mldwnz43', 'akbq0ogs', 'faue5ywu']
52	['tuqmar6w', 'v3n2r4ia', 'hngra91q', 'c1k9ubbk', 'm5k28kbu']
53	['ftq6ed38', 'apfimvix', '3jn7tdaj', 'zew4tzy7', 'z2z0hu49']
54	['4ehxnzc7', '7g9fivhc', 'gfjpsduv', '3ehm118t', '5i0m18nt']
55	['vvmb92wo', 't0iw2vod', '3otvtwbb', 'hf79cbuq', 'x51jorbm']
56	['vc6j8ao2', 'ex3s7ytv', '7qpwux9w', 'nerxtetr', 'w3d33mq0']
57	['oi8epg9m', '855atuue', 'ocxl6cf4', '0o7rm667', 'rhnr430g']
58	['z33cg3nj', 'msg9j0lb', 'ki93iltt', '09fmkhu5', 'vwgvlqml']
59	['ezrmuw48', 'ijp87jav', '7rujn0d3', '1a7ugd24', 'ix4zo0ha']
60	['qh7biax3', 'wh3k3u28', '1vyfy7i0', '7wu8bfo4', 'vp78d808']
61	['0eftiyuw', 'texmsvyt', '9t6du1v5', 'hzbtd39j', 'v4xszcfb']
62	['5hei9fac', '550ik6bk', 'xcs9podj', '6frn41zd', '8rvhqd9b']
63	['2hbcbvt6', 'tdlcb9bf', 't038136e', '3bo4md44', '5o9bbspc']
64	['72jwlfqr', 'x3q2dgdu', 'y8puocsa', 'f2zgrgva', 'fgdzfr39']
65	['urv9o2f1', 'ck338ifc', 'lfqi7jsa', 'bdcwowci', 'gbgcfa2o']
66	['i95dnfw3', '0xg1ogtc', 'e1macqqm', 'rlo0sub7', 'pxof8c2o']
67	['jk0ju2eb', '222c1jzv', 'l70ghm8g', 'ot04th3v', 'fbtyz7tk']
68	['jtaq9p6r', 'a66sszp2', 'kojb8efv', '8cd5z4di', '7momt81r']
69	['kayh0v56', 'zew4tzy7', '38paoyuc', '1m1hi735', '4yxyfjsm']
70	['jlnt1pdd', 'xzmzdq52', 'itx70h27', 'g4nto9kf', 'akbq0ogs']
71	['mpkli2xf', 'hcw0cisk', 'x73moqog', 'iu5ndsxn', 's0ca1r5s']
72	['c2s2lxw9', 'ikjfv4oh', '9n28nniu', 'q6ho9pdk', 'ruw45n81']
73	['7wu8bfo4', 'jlnt1pdd', 'sr9qxnu2', 'a3i3t6od', 'pvsox183']
74	['7zngkwoh', '1vcc1khg', 'x9sfgtim', 'ropgq7tr', '0clp6zt6']
75	['ksbha7kz', '0xg1ogtc', 'cnir3fx1', 'mp1z0269', 'i95dnfw3']
76	['bw6a5gmy', 'cfkh0ypy', 'd0lulco7', 'z3ktkgyp', 'd78zcfls']
77	['h8tv2u77', 'wbk363w1', '07a30kd9', 'un1wozy8', '6p0j6rsa']
78	['606oxq14', '387spphe', 'cpeizrdb', '5q8k71et', '19i9lknr']
79	['607lsqlg', '2rx84imv', '52x62y5l', 'knbngla3', 'pm3ck1gk']
80	['7qxs79qy', 'edx9z9oi', 'hh37bsfp', 'kfn2q7wt', 'pqt10xzt']
81	['2nj7rn4q', '5a5a8ifz', 'g9rs9cx8', 'gnhvvpn6', 'ag5coipu']
82	['yztfkwkc', '40fvjskj', 'nah1utm8', 'xz7yzr2f', '6gq5obgs']
83	['o4ruio2m', '1blzi9r3', '3akrube4', 'ryfz5xsj', 'g15tvzn4']
84	['azgerpo8', 'e7uvbra5', 'hzvqg674', 'pg69ww3a', 'gfb11r1i']
85	['5m23wtpi', 'gjo29e21', '3nxmw97e', 'rfv0omd6', 'rzrrnypq']
86	['yrowv62k', '1s8jzzwg', '8je46886', '4aps0kvp', 'rpwmcqbg']
87	['hlulg3wf', 'lxzmiehr', 'ilt03dfk', 'qjin5w03', 'icnjhhyy']
88	['paczkqnw', 'vm1o1cel', '2m6ks6nd', 'f3eogz0n', 'grx4gx95']
89	['a7eabvvo', '41jqgsv0', 'th64ca79', 'gk3wr6s1', 'xshqu7qm']
90	['630w2rtn', 'xhkjbeam', 'q1yn89cq', '3jqsmc7p', 'emg87q94']
91	['43eh69dx', 'tonemvd7', 'uv5jctnd', 'drto66xt', 'k4xafh5y']
92	['34j9n40u', 'l346qqwp', 'yuppix3r', 'rnfh9v1h', '1oiqa5zg']
93	['84z7jgcl', 'x5w0fl5w', 'rog2h4g7', 'hhswage4', 'h1wycwxc']
94	['0oq0xmzr', '1ad18z11', 'a40yhtqk', 'bre2ijbb', 'ce1a9k8b']
95	['nz976qc6', '8o2xddof', '407va85q', 'ax3e82js', 'fub50lvt']
96	['20nozop1', '8ti6r0eh', 'uc316ncl', '0iy8clcm', 'uifnjio5']
97	['ax87r0bj', 'zvngy7zz', 'iyc8j5mr', '3kk1l0ag', 'bnrmh1qs']
98	['dbxufi3m', 'yqx0xqz9', 'pmd1n2l1', '5nt99kyu', 'esmkqtvw']
99	['9169o29b', 'jjiiutd5', 'olhgu24h', 'e0pbs354', '1y1ik2u9']
100	['qci7khki', '8cvjsisw', 'onlly1ga', 'tpic8ddl', 'eauby68p']
101	['bshcsfxr', 'u95kg3m0', 'cgl7ne0v', 'nles7ymd', 'fw211spn']
102	['0g4naq14', '48ay8yl3', 'wku1sd9k', '07a30kd9', '80t2ovkk']
103	['6y6e5qgj', 'f296patc', 't3hrrigb', 'spohl5ey', 'mpeugvt9']
104	['tra5ewc5', 'rpwmcqbg', '0r0zdpds', '0hbyplqq', 'umvrwgaw']
105	['vndj6f7w', '1m1hi735', '3ttyxjgi', 'y047cuxp', 'b9nqcbf7']
106	['f2zgrgva', 'yx0u0iyw', '64qt0w2a', 'hunepli1', 'knlc3bxh']
107	['9s63qogv', 'suw0h7s3', 'uu7s0bcf', 'zwil22bs', '1cvpw5hp']
108	['vh4uq6d9', 'x7ffgtrd', 'ewg9d4ei', 'k9xhphpl', 'vnyly6uy']
109	['828s0mtz', 'urv9o2f1', 'd0tg9i90', '1uto8vrp', 'flxbomsx']
110	['0retx7ty', 'p80ni69c', 'f35cqkpf', 'po6cqv4m', '6kbdxhxv']
111	['7bhue8w5', 'tljydrnu', 'rlhayt20', '6sk97gc4', 'thiofu57']
112	['isc330rk', '0klbjvrj', 'jlnt1pdd', 'm13ndhaz', '3lfmmfp2']
113	['43c1vind', 'nvphu1fm', 'iez1j9jn', 'wq3rlpo3', 'pvsox183']
114	['yuppix3r', 'ge8o93rh', 'vmmztj0a', '8r8586br', '0h2x79ye']
115	['r2hovw0y', 'bmgfoine', '9f5szh9i', '555e3ndo', '79niee4r']
116	['n9kf6jgk', 'hhq50mrc', '6gq5obgs', 'xbqbwh9j', 'oa5yvpn7']
117	['boew323c', 'roi3lta6', '4cqf9v2v', 'tlr243il', 'qxqo23i9']
118	['pxwwpfos', 'wuazkwsi', 'tjplc5j6', 'sok0cyd3', '8acldtv2']
119	['iha9gjt4', 'jb455t9p', '1aqf98e0', 'eyxag4xd', 'nom4z0tv']
120	['q17jutw0', 'w4m9agd0', 'm6zc7wv0', 'lnls2mhg', 'dvpqkmnh']
121	['cs2mgj70', 'faj85qxc', 'vbnke2q5', 'hcn2m7v1', '9oxajwkk']
122	['tki4l0gb', '4bw26042', '3k0ksvog', 'gat4jwsu', 'jc5ik84m']
123	['pb25lrnw', '1fgnfh62', 'wwjeu8ie', 'g4hlvnmq', '8x3lqokw']
124	['a58wr0dp', 'st8mlz21', 'h00mbgsq', 'uuy94dwa', 'e6miaabh']
125	['o8gdpf0i', '5o9bbspc', '2hbcbvt6', 'tdlcb9bf', 'ktwazcrd']
126	['gw6qnwe3', '1315iz0v', 'llv66c9p', '91ea40nz', 'dytcppg2']
127	['4bbngq0z', '32ut5vr7', '35xqlryc', 'ex6ktyl6', '5azti19e']
128	['2l83gyx5', '1adofojj', 'cd7cfpx3', 'b4mjo92p', 'l63d9lyd']
129	['kfsuiz5t', 'bxuwx1jj', '32v44sw9', '7b7on38r', 'vnvcunml']
130	['p3cxk8gd', 'tgqcnfa0', 'n7oankiq', 'zp3efdn7', 'rdmmnnjd']
131	['qv6oxjwd', '3kk1l0ag', 'xzps65et', 'f0m3wuyj', '4vq9ljlg']
132	['koybwabx', 'oo4zwcdb', 'jkdyo2zp', '2arx86a6', '2la3hkzv']
133	['6hoi1u8p', 'ataabyg3', '5jwuluy9', 'rs3umc1x', 'u43jmpyx']
134	['ifgz75ch', 'cmp1bvhd', 'rlvfk8w8', '2jdlavwj', 'atji1xge']
135	['ub7ilx98', '9jsx2z6e', 'gxu62u9i', '7a7oi5dt', '2dixw8up']
136	['hfbi7sk5', 'c7jhbxcb', '828s0mtz', 'bsiwkixj', 'aptnkqw5']
137	['zbi0llig', 'oyr4klqk', 'b7vane6d', '0bh8i14e', 'qxtcbksp']
138	['nbqukjzv', '47d0wl98', 'feirpfzy', 'wk3fh9ke', '92ljfia5']
139	['xfqst9fl', 'nzfpgxa0', 'ogdqq3dl', 'a3qf6i28', '6i9yw83j']
140	['a3efmczu', '81fv8lzd', '8i9xwogu', '0ul6k6uw', 'qdtm4s83']
141	['bctb0ewu', 'vj2z52vg', '7as9f1n6', 'ip9geldg', 'kfsuiz5t']
142	['rmyy6fni', 'zqqp22y7', '61brxcg0', 'fd4aag2t', 'byh09alo']
143	['unbx6od5', 'jlnt1pdd', 'h5fvf5ja', 'spohl5ey', '7wu8bfo4']
144	['9mn6trtn', 'ykfidmzv', 'mcmqx7og', 'rpwmcqbg', 'ayxtpwfg']
145	['vu1f1hp6', 'uoa7ug6f', 'q58dzxwc', '98ejxivc', '5vx2ylui']
146	['c1db9jlv', 'otme0vmu', '8hvve871', 'to2wxs8m', '43wbbris']
147	['nz976qc6', '407va85q', 'vrjibtfi', 'xnrb0byz', 'ax3e82js']
148	['jqueo6zg', '3b63v8ja', 'p42w7vjf', '3qequ1ap', 'z6my1d83']
149	['4jjhc5zo', 'h26a3h5f', '1ktrjzha', '1hlndwzk', '43om0nji']
150	['6a8j7hjt', 'q5f98qzk', 'x14iywtr', 'xlscrlc9', '9xxv8a2d']
151	['a7frertc', 'm6zc7wv0', '2scp98u0', 'v3n2r4ia', '2a12nsnl']
152	['h0q93in1', 'yv16olzl', 'j99cgsjt', 'duqgd4gs', 'h13p6ogs']
153	['9169o29b', '7pcnf2iv', 'jjiiutd5', 'm26sn2qg', '4p6fcy8f']
154	['1w3x0g42', '13vixukm', 'xhazsa7r', 'ip9geldg', '6j45mmjh']
155	['dcfqvp4p', '4w8hz49k', 'ix0xi5jb', 'lny446a3', '0cybfr2n']
156	['s529slm0', 'aptnkqw5', 'sem6z3ka', 'hfbi7sk5', 'i9wjpbe7']
157	['xnrb0byz', '407va85q', 'fub50lvt', '28lojtvu', 'vrjibtfi']
158	['ximw03ej', 'w1bx4a7v', 'q4aqkr0w', 'yrowv62k', 'rpwmcqbg']
159	['zcnr1e2f', '2neevooh', 'hsm75cww', 'mru0mcup', 'h6b8xuvs']
160	['fien6nra', 's0ca1r5s', 'nz976qc6', '407va85q', '1l4o9pko']
161	['ezrarusj', 'owbv8ua4', 'u4doukk7', 'h4fo8h90', 'fob3kiz4']
162	['zl4ixyg1', '9pb2eqoa', 'w1bx4a7v', 'yrowv62k', 'eyxag4xd']
163	['iwc72ymq', '40vsmpfv', 'ch7nna59', 'kjl04qy5', '2ytec133']
164	['ojr558x6', 'hn21zwy1', '6ntvbee3', '8qdcls1k', 'x3f1yyjk']
165	['o1xkgkn1', '7e3kiox2', 'dqhdws5k', 'gdyntyxk', 'x4mgnhbg']
166	['3wk58t5t', 'ndhhy1xt', 'mt61b7o7', '059oj76m', '5ifrkb75']
167	['7gxlioiz', '67v65zdk', 'kk7rlevl', 'jii2rzet', 'gxvaric3']
168	['7ru6tapp', 'j58f1lwa', 'gufkvmdb', '6ovv79ia', '6ukt0gbn']
169	['klh90lvp', 'ny7wkswf', 'hg3xpej0', 'uxz185vr', 'jrqlhjsm']
170	['4img2we6', 'yfoxndf3', '29opurlw', 'u95kg3m0', '7aaiyppx']
171	['2hbcbvt6', '0oxo2awm', '41jqgsv0', 'a7eabvvo', 'xshqu7qm']
172	['w2c01295', 'xtraspw2', 'bmmdygbs', 'mnjy6bq2', 'u8mu4yga']
173	['7lhoq10e', 'h13p6ogs', '6pn9jwfn', '5fg1keua', 'ch7nna59']
174	['6j45mmjh', '6a728le9', 'gtp01rna', 'yn7e3do9', '0ul6k6uw']
175	['gzk9xbzk', 'wr9ko6l5', 'g4250q6l', 'a66sszp2', '7lli72ph']
176	['jo489zm2', 'ufzjvdho', 'j7vm8h9t', 'cfkh0ypy', '9btdjktj']
177	['x1uc10m5', 'lnnsxwk2', 'mw0wb8a8', 'q8dl0gcc', 'nro623aa']
178	['pzqmg22v', '1vj9p7vm', 'fcdwitxy', 'y12veqre', 'eyhtf6mv']
179	['kzkt3u1h', 'ymhg8mon', 'h2sryzwn', 's0374olh', 'v29jmh6s']
180	['6bgquqa1', '8rvhqd9b', 'ix4zo0ha', '20nozop1', 'yx3j6373']
181	['6frn41zd', 'n2wqalcu', 'dt8h6a0v', 'lsokxqde', 'jzosdlu7']
182	['y0qrxya9', 'msg9j0lb', '033phqmd', 'ueurvoyh', 'ep6uuulm']
183	['5d7erbr4', 'bhleyzhc', '78d7vub4', '1iago9rr', '3qgwoblb']
184	['eywnnzxe', 'byw8jsqv', 'z6cdyy0w', 'dgkutcie', 'fypodr9a']
185	['0qy6hcgp', 'hert77y1', 'hcw0cisk', 'ivy95jpw', 'e5flh0af']
186	['8t5r7ts4', 'fofw6fmx', 'dxks8jiv', 'qpbcwf5w', '5chefvkh']
187	['u1tv6n5s', 'ijp87jav', '611ih9pl', 's2j4qf0j', '4fzzoj14']
188	['eo1uz3g2', 'pg69ww3a', 'aqfrykut', 'ilt03dfk', 'pwb7rw89']
189	['rpa2v44v', 'yx3j6373', 'a503cf2x', '8uxvqspp', '3t7zln1o']
190	['lt51utjm', 'vgffg4c1', '3i82sxk8', '8ncc6d2n', 'rtus1qyw']
191	['fj6l76hq', 'q4aqkr0w', 'eyxag4xd', 'ximw03ej', 'upiu3e2d']
192	['gcsew8u3', 'amtk0s0v', 'kt7km3jb', 'hed6x22m', 'y2739974']
193	['ivug325f', 'k30wvnx8', 'm22h669g', 'iur7s6vz', 'v10454ns']
194	['7keaoi4d', 'wwjeu8ie', 'xco6yr7o', '3jv5djco', '7mjdacqp']
195	['6g7eeyjd', 'r7kvv48s', 'yxkub54e', 'a3i3t6od', 'ylojjfri']
196	['x7qlnugx', 'ho6qjkyr', 'uxz185vr', '3nxmw97e', 'qeqd4soe']
197	['8lqb9le5', 'c4h0x85r', 'q8dl0gcc', 'ga8usnni', 'rgmurgbf']
198	['8xgp6nhy', '81rxs247', 'hbyxy4ln', '6nt6msrm', 'c1k9ubbk']
199	['mt8h4rk5', 'kfsuiz5t', '2m6ks6nd', 'jtwb17u8', 'u6b8iwr0']
200	['plgip4h6', '7lhoq10e', '5upb25gt', '56zhxd6e', 'e7gq365q']
201	['w1tdg8bb', '3oetrhdh', 'ixvtt3g8', 'n1cg1cba', 'kfsuiz5t']
202	['elycje9y', 'tf5a48i2', 'r4fd5vp6', 'nvtoxzka', '4zcjjoc7']
203	['ybliwnw6', 'u6rt6zd4', 'lbrpbhpg', 'f3j0g82b', '3vrg7zyc']
204	['b35rzdga', 'et3c99w0', 'zcij2k27', 'yt7uqvno', 't3dzso36']
205	['72jwlfqr', 'lvvw1npq', 'f2zgrgva', '9kfs73sr', 'd44561hh']
206	['8bjfoa9g', '2f7wqamp', '2rx84imv', 'imivfkaj', 'ghl2a25n']
207	['2uwnamao', 'fcb8egak', 'h8c8lc0a', 'jo0m0w68', '7p68se56']
208	['2un9aggj', '9bzbab1s', 'tna7e9dw', 'xziy99uo', 'mopk56p5']
209	['utak6i4e', '7n4t8i2n', 'g0wujywh', 'pq571myy', 'qqbe2bop']
210	['iatmjkzk', 'l19nsvun', 'moxjaxuy', 'jvo0nk3w', 'rwbciyze']
211	['tu1vevx9', 'awn23o8y', 'y0wu60n4', '9rhydy8u', '33wpjnko']
212	['hhq50mrc', 'np1y2fkt', 'la2wvnb0', '4mjrpjit', '7pqy0ejn']
213	['tgqcnfa0', 'tlfvjcy2', 'rdmmnnjd', '8nil3u2k', 'n7oankiq']
214	['2zbm4iwn', '37gpov43', '6lz0kjen', 'jyxrk9bz', 'drto66xt']
215	['dyrn6z9a', 'nli8ccyv', '71x3b75z', 'j8d47de9', '3i82sxk8']
216	['94w1sbsb', '755ym7vl', 'hah9mrnh', 'h0q93in1', 'z77wg8j9']
217	['svsib7yj', '45qyz490', 'jlnt1pdd', '9ui0t9tf', 'bdb9g77g']
218	['fdyfg0kf', 'm69ceq2t', 'hkh1crxr', '8pkwqg5j', '8g8yc0tu']
219	['4yi9iup2', 'riltam7g', '7wz030vg', 'tp4yws0t', 'l19nsvun']
220	['zpqgz95r', '39mfts0g', 'plgip4h6', 'soa71kwx', 'dq6iyabh']
221	['atloc9th', 'be4afbyo', 'gu4mz2vp', '3otvtwbb', 'vvmb92wo']
222	['1n2r829p', 'rzrrnypq', 'myqli11j', 'vrs88dcy', '5m23wtpi']
223	['m89wmmxd', '35vfjer8', '5a5a8ifz', '91ea40nz', 'obhm5mc5']
224	['aaxhrecp', 'ndhhy1xt', 'znainceq', 'l6kcpnbj', '5dk3pslc']
225	['wq3rlpo3', 'tb8k979g', '43c1vind', 'hw2s28hs', '24u6q3ae']
226	['y6ufb4l6', 'm13ndhaz', 'g9rs9cx8', 'pvsox183', '6g7eeyjd']
227	['2hbcbvt6', '195h4ofw', 'iz74o9de', 's1hmhupe', 'p7foay4k']
228	['ny7wkswf', 'oz047qmf', 'i8jv5iqo', 'byvsuvn0', 'yrq57wgs']
229	['fkbup9qh', '7dk2r22z', 'hzh4wmtb', 'elviuvfz', '10e0xmnv']
230	['hcw0cisk', '0qy6hcgp', 'ivy95jpw', 'iu5ndsxn', 'myeiu66g']
231	['q4aqkr0w', 'u8mu4yga', '9pb2eqoa', 'bmmdygbs', '0clp6zt6']
232	['egn81atf', 'yamabj5e', 'uztke3jt', 'uuy94dwa', 'xyyhup28']
233	['5r0ubg5g', 'xj02160p', 'fhypca85', 'terj0odi', '63en895x']
234	['us518bwp', 'n311ptne', '7b570emm', 'ismkry9r', '8xgp6nhy']
235	['u4doukk7', '6t92yhti', 'icejfmzr', '4z8i83p4', '3vccsofn']
236	['5i0m18nt', 'cgl7ne0v', 'il4wa97x', 'bshcsfxr', 'c8od88jh']
237	['eeev3k9x', '2kft1r3l', '6q9zmieo', '5yi8lm2e', 'ku59o299']
238	['8ko7mmu3', '5u63aqo5', 'z86g8dzs', 'mcmqx7og', 'wk61uyrt']
239	['mhj9o5z5', 'hn21zwy1', 'wxxi37v9', '2w68g7cv', 'a66sszp2']
240	['2xzntu5c', 'jgbwd3ib', '3r418rss', 'w3m884ng', 'zfcc2n40']
241	['6sgeraws', 'o6kj5b97', 'von13s78', '40vsmpfv', 'dh3zqjbz']
242	['bmmdygbs', '8iqs6jko', 'q4aqkr0w', 'mnjy6bq2', 'f0judfwn']
243	['fc86sjec', '00ugdhvf', '6mfd3n4s', 'ox60yrvu', 'plpwjj4s']
244	['wa5rxe76', '97msfh4l', 'bgsbbszf', '6lz0kjen', 'l9lj98b1']
245	['0hhdwq68', 'ya18okpb', 'x9veckdi', 'a8065dca', '55u69ino']
246	['6rpm4phy', 'mx30g5w8', 'mom4y7cl', 'sgiuqs6z', 'rr0v0ju1']
247	['y6zisciu', 'od0y5ruh', 'jgq968f6', 'f6j1yhvp', '0mwz8kwo']
248	['nvbt5gxl', 'rh2jrojk', 'nz976qc6', '2l883zhe', 'qeqd4soe']
249	['6x33a6g6', 'nj94rv6f', '2r0a357c', '2hfkrl8m', 'osct0lj6']
250	['zp3efdn7', '5c1r2ml2', 'n7oankiq', 'ixvsemvw', '7twi1z5b']
251	['0v55vvfd', 'fq5nayxt', 'g15tvzn4', 'iiafud87', 'jveh2w09']
252	['g5h4tazp', '0xhho1sh', '6x33a6g6', 'z79x349o', 'tmonjdrp']
253	['1uto8vrp', 'flxbomsx', 'cvoef8qt', '828s0mtz', 'r440fw19']
254	['78kbutc3', 'pc04eb8e', 'jurqttdg', 'fo815n5l', 'cy8vyb6j']
255	['wq3rlpo3', '24u6q3ae', 'tb8k979g', '43c1vind', 'hw2s28hs']
256	['7lhoq10e', 'ozt85cz2', '81rxs247', 'flvz7qni', 'l5nncxqo']
257	['b4dz1lnn', '3r8jbhhq', '5zt4qx4q', '4hmecfi0', 'rvygtpvb']
258	['z2z0hu49', 'z807g8i5', 'bog804k9', 's2hp3sat', 'xs7vkm19']
259	['n1q1wr9s', 'nbdk83ok', '69wuny3p', '3lfmmfp2', 'umg0ms2i']
260	['uru7bkr4', '7xb7hj9u', 'txnegebz', 'v1ei9im8', '7kxi7px1']
261	['xmjj1s5s', 'xbqbwh9j', 'omk29wlq', 'xz7yzr2f', 'nxu1xoax']
262	['4img2we6', 'u95kg3m0', '29opurlw', 'nles7ymd', '40fvjskj']
263	['mdx41yqn', 'r4q0zqam', 'b0545v23', '0ya8qvka', '9ezhwvv9']
264	['me08w1ir', 'gbgcfa2o', 'hhq50mrc', 'td8uwcas', 'lbkjxws4']
265	['bf42staf', '105ezycx', 'poh3te9j', 'kd7s0mqd', '0rrhiw9m']
266	['knlc3bxh', 'sdsmy0bw', 'q1ay1u90', '7c0844ui', 'bdxzphjb']
267	['cgl7ne0v', 'bshcsfxr', '5i0m18nt', 'lai0otkm', '40fvjskj']
268	['ivxvry3u', '3t7zln1o', 'n5bnpzj6', 't019zx7q', 'xh723tgl']
269	['toj6eqs2', 'r2hovw0y', 'k42xr256', 'y2715f19', 'c84lpxrn']
270	['x4mgnhbg', 'y1uk8yfa', 'lrgmyfjs', 'qhbuvt1l', 'mgtxchud']
271	['x6m7yq65', 'jb455t9p', '9ezhwvv9', 'fj6l76hq', '844229sb']
272	['tz0pgml3', 'fup55b95', 'w04z2f0q', '6gq5obgs', '5t5l5rrx']
273	['5kchpjx0', 'n2kn7o67', 'vrzl7h45', 'wqicq5ry', 'u92vlatc']
274	['30pl5tx3', 'qi1henyy', 'ef3warsh', '3nxmw97e', 'nom4z0tv']
275	['lgflny84', 'k3vs6vhz', 'ip9geldg', '9wkqqm4z', 'i0swl50w']
276	['0qy6hcgp', 'hcw0cisk', 'ivy95jpw', 'roe6g61u', '3ls0po4k']
277	['2l883zhe', '186wyg7t', 'mo23hpe1', 'xnrb0byz', 'nz976qc6']
278	['zbi0llig', '2igc5wzx', '7wsumadw', '3t7zln1o', '8gl323hs']
279	['ax3e82js', '186wyg7t', 'mo23hpe1', '2l883zhe', 'iali360u']
280	['zjnry1ny', 's6sp3rme', 'z35xw2p0', '6o1h9uyl', 'nro623aa']
281	['oi8epg9m', 'ocxl6cf4', 'd19v8qca', 'z8758x5u', 'clk482qk']
282	['cfi5zhgu', '2jfo2csi', 'wizlpkrk', 'j1o86xp9', 'ckl3v2jq']
283	['8o2xddof', 'x7ybnese', 'xnrb0byz', '7twi1z5b', 'yidait6a']
284	['u2kjft6q', '9kq9o5wp', 'uoa7ug6f', 'n4hw9cvo', '5lqjmqu5']
285	['lh18omnj', 'qa6za0yf', 'hp4hmooy', 'la9zgtzb', '1m093f8d']
286	['o71p89nb', 't90pvtad', 'wnm89gfo', '3ncm8iwb', '8drlvdkp']
287	['q7ixed9f', 'wzp7hpgc', 'dx53hxej', 'qpgvrtee', 'h2shhuee']
288	['uhkff67h', 'ordof7g5', '0clp6zt6', '7ruoysxu', '844229sb']
289	['b3ap3gac', '5zzlhyga', 'i5vlkqvr', 'lty6oq3d', '3r418rss']
290	['t1vom8f3', 'zu5mg2im', 'y7lrp0gc', 'tdlcb9bf', '2hbcbvt6']
291	['v6jjzs7i', '914oafkn', '24u6q3ae', 'io6f6z3l', 'rhphldyp']
292	['f3eogz0n', 'pw51kd1r', 'lg6qorv0', 'dssikr5i', 'd60chk12']
293	['np1y2fkt', 'k1uvqaaa', 'gbgcfa2o', 'f3mvdpq1', '7pqy0ejn']
294	['qalficgu', 'pq571myy', 'gnhvvpn6', '6g34qwer', 'wz6446aw']
295	['42wh36ge', '0qyhjutm', 'tv1a1hwj', 'yeowvvqi', '675v58x8']
296	['ragjcn97', '4p6fcy8f', 'vx1hjh26', 'l2i3aa3k', '16lhzusy']
297	['yx3j6373', 'fw211spn', 'lai0otkm', 'q7mm4nwm', 'yfoqy2id']
298	['a40yhtqk', 'uohbxoeb', 'hn6clwoj', 'x7ybnese', '28lojtvu']
299	['g266ttng', '7b570emm', 'i99lqr0p', 'o6i5ca7h', '5t72hl4l']
300	['mnjy6bq2', '2f7wqamp', 'xtraspw2', 'ktjhr028', 'knbngla3']
301	['y43prnko', 'gin90aef', 'cnmawglq', '1aqf98e0', 'ropgq7tr']
302	['41jqgsv0', '4ij9t0t3', 'a7eabvvo', 'jisznsr3', 'hruq0hdw']
303	['l0b99hye', '5hei9fac', 'txnegebz', 'eflwztji', 'gunn55f9']
304	['8lqb9le5', '5lqjmqu5', 'rgmurgbf', 'zjpxfd7c', 'hjuftxwg']
305	['ewf1z1ee', '6ir39t8h', 'ijoyk390', '3vrg7zyc', 'vj2z52vg']
306	['2r0a357c', 'ike8mgh6', 'y8o5j2be', '5g70w76j', 'ereh4ub8']
307	['msut5gyc', 'jk5tczo0', 'k4ttbbix', 'uaccs7k9', 'ipblyab0']
308	['1epgt2u0', 'bkiobjex', '94w1sbsb', '3tlv2b5x', '8149l7tj']
309	['eyhtf6mv', 'otp1atui', 'yr27lnq8', '8xrccucr', 'ucysxk5c']
310	['cymppa7g', 'bk3ss63e', 'cs2mgj70', 'f2zgrgva', 'xl1e9gzc']
311	['g7e1mcve', 'uj0k84vk', 'p40x3cxr', 'p37dnoj8', 'dyljd7qj']
312	['kmkeetl3', 'rzrrnypq', '34eot3zh', 'q6j7vy8u', '40vsmpfv']
313	['05vmhjjp', 'la2wvnb0', 'np1y2fkt', 'ko8lyoob', '35nshnn2']
314	['si5mxgrk', '1n5750hi', 'nvphu1fm', 'iez1j9jn', 'ez1l3m4o']
315	['90323yzn', 'qgzc1moh', '6j45mmjh', 'gsvzkivp', '5y6gjl2t']
316	['hcfoj5l1', 'yjqt74q0', '08bw0h8m', 'ex6ktyl6', 'n3yuvf8v']
317	['eztw9tx6', 'fvvotkjc', '76aij6sx', '7axo7k51', 'xxeyogwd']
318	['duddd1u5', 'e5v9e584', 'gjustwrb', 'mfyurey2', 'v1uoy0sd']
319	['at5pcnrq', '2tax8ajw', 'ragjcn97', '6fpw6y8t', 'hapu56t4']
320	['wa4gt5sy', 'spohl5ey', '6gj02k04', '3lzm42wq', 'l3a3polk']
321	['ptn9ntoq', 'c1k9ubbk', '5ojyly05', 'd19v8qca', 'faue5ywu']
322	['pbhvq1nh', 'zrbesm5b', 'z807g8i5', 'wuazkwsi', 'pxwwpfos']
323	['ftq6ed38', 'rpjg4a9i', 'r1m709hb', 'ttl1ozc6', 'cfd1x420']
324	['eomtjrgc', '5kz2s7ag', 'ppuki7qn', 'u1ilcmm2', 'eo89w6qp']
325	['e3dh0huv', '10v7kfcd', '0y2kq6zg', 'grx4gx95', 'yfoqy2id']
326	['ud09l0la', 'yiopw7v4', 'ljaolrhr', 'wbhlwq9r', '3nrzupz3']
327	['gdfvt4pu', 'getnq0ek', 'mjjjciff', 'o8aosx2q', 'a3qf6i28']
328	['ylqpkosd', 'b4hl6fnw', 'nb27fn2z', 't2riiouk', 'n6p1w415']
329	['uk67ac2r', 'ky5env7t', 'nj94rv6f', '46y1pa7o', '0e97tdez']
330	['3iz0ozpx', '909kmcwv', 'l1rnnebt', 'urazxa6x', 'zli3t1wx']
331	['10dkpj5h', '3xvphg52', 'zh8wzza5', 'uk0hlynp', 'gdzx3vlt']
332	['0bh8i14e', 'zbi0llig', 'ronhrs29', 'uohbxoeb', 'onjgfr4j']
333	['hqod7v2l', 'y98m15aq', 'qk2ureql', 'jvgq2p61', '721ofhsv']
334	['xkqajjgw', 'qp34apct', 'ws3tfs1j', 'q9bwvh0t', 'dgkutcie']
335	['fz8ohqcb', '5cno180i', '8rp0v8yo', 'i6zofi4g', 'iuy5a0bk']
336	['9ds4ot1q', 'zonv6csa', 'b1fzmxdg', 'tv228fha', 'bp2ilntr']
337	['ax3e82js', 'xnrb0byz', 'mo23hpe1', 'vrjibtfi', 'zt5alyy2']
338	['8pdlynuo', 'ocguwlam', 'vbhijlmn', 'rtwr4a1w', 'u1s6ciy4']
339	['sxi0tpsf', 'w0ebmg16', 'w2c01295', '8iqs6jko', 'w1bx4a7v']
340	['t019zx7q', '3ubithu4', 'q04yqjfe', 'efox6z5q', 'doi8buyw']
341	['m26sn2qg', '9169o29b', 'o99l5oh1', 'u999bx7a', 'olhgu24h']
342	['45qyz490', '3qefts96', 'djev6er7', 'g9rs9cx8', 'yamabj5e']
343	['ecro0w9n', 'r7aqsyfl', 'ks0zkp57', 'ovel2jln', 'v47publm']
344	['d60chk12', '1r2uvoqf', 't3wjpagu', 'kajker7i', 'dssikr5i']
345	['5rpd8d0t', 'ebgu29uh', 'hp62t734', '4u3v4vyu', '8h0yfvf8']
346	['uk67ac2r', 'reigmh19', 'mvm1t0y7', 'l4o7nicc', 'hqkrer9m']
347	['wwjeu8ie', 'ja6ydoed', 'vrjibtfi', 'u01dvu35', 'stc36og1']
348	['0iqdqcp6', 'yxkub54e', 'r7kvv48s', 'y6ufb4l6', 'cmc4ocay']
349	['znswomwk', 'd78zcfls', 'edz3up3a', 'cmc4ocay', '1t78tt1s']
350	['kk47kxwf', 'zl4ixyg1', '1s8jzzwg', 'i1yf8fgk', 'j3avpu1y']
351	['boew323c', 'wd13eb5s', 'roi3lta6', 'tlr243il', 'gorp9n1g']
352	['407va85q', 'fub50lvt', 'd21lvneh', 'roe6g61u', 'iu5ndsxn']
353	['u31ixcwa', 'sm0112e3', 't1vom8f3', 'wmpjfc02', '5o9bbspc']
354	['ximw03ej', 'z86g8dzs', 'u8mu4yga', 'xtmn1n0r', 'fj6l76hq']
355	['lnnsxwk2', 'f35cqkpf', 'zdlbsuys', 'tl16qf33', 'eecwjrdc']
356	['4bw26042', 'u20e82de', 'tuqp3ngs', '1l10diya', 'wizlpkrk']
357	['jwei2g97', 'l6kcpnbj', '39tvv57g', 'afm47u6d', '40ej9jg7']
358	['lm73oj21', 'piciwqyj', '3m9yonqe', '1aruw47h', 'acyexmyq']
359	['65gedo6u', 'z68tl88x', '2axyombe', 'flqdf8vd', 'plpwjj4s']
360	['xmgi40hg', 'sjsaw6yv', 'y04dub8o', 'dz6nv7h1', 'lq1qndxg']
361	['gi3vfi68', 'fbsrggog', 'l6lhmb4j', 'ge8o93rh', '6fpw6y8t']
362	['y3c478hf', 'pq6c0zia', 'qxy2p79x', 't30yubp6', 'iali360u']
363	['urj0nssb', '7xb7hj9u', 'tovfd9lw', '78qyuk5x', '8p0xdqba']
364	['xshqu7qm', '8xrccucr', '41jqgsv0', 'th64ca79', 'm847xdzk']
365	['t7a9edv3', 'bdcwowci', '6ntvbee3', '4hdj6mtf', 'edvyp1fs']
366	['hl956i02', 'nom4z0tv', 'unl3n0tn', '8je46886', 'yrowv62k']
367	['wuojo19n', 'uu7s0bcf', 'iy8pp5ey', 'ljt9rn8z', 'f6vau5s6']
368	['a54kdnxm', 'vqbs5ot5', '58r5wcwd', 'r09wzv43', 'mcm8hvjx']
369	['t7xaqtgo', 'qci7khki', 'rcrok8lr', 'hqkrer9m', 'yt2fp8zl']
370	['twlupt3x', 'n2kn7o67', 'llow5xll', 'br0hhzmn', 'cv6no7nw']
371	['zjnry1ny', '9f5i6crg', 'x1uc10m5', 'h2vct9h5', 'tl16qf33']
372	['qa6za0yf', 'awzozt7u', 'qdtm4s83', '8gogju5n', '7ouo6beb']
373	['2qcuygax', 'k1uvqaaa', 'b3m11ppy', 'lbkjxws4', '3zmq7nd5']
374	['j95sfxn1', '6zu6qjcu', 'gcv4lmsr', 'mqnqjn0c', 'g1o4t8ps']
375	['8rgpr2lo', 'yiz1flc5', 'odxve47t', '4nuvdxjc', 'sc0adrwb']
376	['76aij6sx', 'w1jjy29i', 'riltam7g', '7axo7k51', '07a30kd9']
377	['v10454ns', 'k30wvnx8', 'zbkx78mm', 'w1pv8dsg', 'vzloj6b3']
378	['osct0lj6', '6x33a6g6', 'faec051u', 'tsv0rcr3', 'kfsuiz5t']
379	['s9lkvzpo', 'd0nj3fsa', '755ym7vl', 'y4m987yn', 'wh3k3u28']
380	['xl1e9gzc', 'jtjurjpc', 'bran54ku', 'sdtr6yla', '4ag4oune']
381	['4ylmj9ub', 's6sp3rme', 'sjrnu3f3', 'lfo6otkc', 'o7ww2prj']
382	['q5veu992', 'h5b7mncf', 'niw61l9r', 'l4u01fzk', '6mfd3n4s']
383	['ixjg2psz', 'ygn9oiir', 'hcooar1n', 'zuc538yd', 'uu883ofc']
384	['jnmpyovl', '6cx33se3', 'aj64338q', '4py6l839', 'fe456in0']
385	['06fhiu9q', 'ldqy66uh', '8d0p6qpc', 'slzh6uay', 'c2pxokv4']
386	['icz0wnfb', 'kxx3szjq', 'pm9cl9ps', 'vw8a1994', '92tvskxw']
387	['q41elfwt', 'bck22z87', 'wxxi37v9', 'qexarxjl', 'yyfsnthj']
388	['unql24hw', 'msb6wgnv', 'oijl3pjt', '3jrb0sn8', 'mkl7rvr6']
389	['v4y49n7i', 'mhj9o5z5', 'thiofu57', 'qalficgu', '3mfwweyr']
390	['1nk1t5qs', '913sln1q', 'b3nv1vl6', 'eoumpu50', 'lz8b60ew']
391	['mlo8zypy', 'sr9qxnu2', 'gbgcfa2o', '7wu8bfo4', 'qh7biax3']
392	['hhq50mrc', 'ju87prqm', 'gkf3wez8', 'gbf8beq4', 'ywi0a8s1']
393	['265cgz94', 'cn0hqvsz', 'ug2ka6ia', 'bns5eb1t', '2iupb6gj']
394	['5pe3wag3', 'yw8a1ssd', '8x9fc130', 'yb6lmv1a', '9g8m78s3']
395	['kk7rlevl', 'i513q4l4', 'q4gattkk', 'jlr943nv', 'hgph0vx4']
396	['2tu707ng', 'wf72fra8', 'ag6lu4em', '7zshbsww', 'jms1hfdl']
397	['mkgszhkk', '844229sb', 'u8mu4yga', 'ximw03ej', 'gb1sk22m']
398	['kt47i60w', 'xigbp7vh', '20xgqvxc', 'xqpsdc8u', 'fa05sovj']
399	['xee6npr3', 'u4ntxo0y', 'kgmugkmw', '1gv3t5t0', 'f5s0ntps']
400	['3wo90f5u', 'xj02160p', 'iz74o9de', 'bccrvapy', 'zoipx650']
401	['1fgnfh62', 'wmocjiwh', 'qci7khki', '5f95gve3', 'qeqd4soe']
402	['tv014ubp', 'a3fvifax', 'ee8bzn2l', 'c4m63cr3', '6bwd99d9']
403	['g266ttng', '0d6sa9pe', '5t72hl4l', 'iev55n7g', 'a7frertc']
404	['bgsbbszf', 'jyxrk9bz', 'l9lj98b1', '6lz0kjen', 'wrnooffp']
405	['prn7t499', 'vqswp96l', 'rmyy6fni', 'ec3pmvih', 'ixm8ge2y']
406	['xtraspw2', 'w0ebmg16', 'x51jorbm', 'hf79cbuq', 'mnjy6bq2']
407	['0clp6zt6', 'h7ftu3ax', '844229sb', '0cnjtxyq', 'w3ls1d7w']
408	['rgmurgbf', 'aj7rwpbn', '19i9lknr', 'h0q93in1', 'bawgldfi']
409	['bqn29m9k', 'oyplh9cn', '6mfd3n4s', 'nksd3wuw', '82y56t7d']
410	['7wu8bfo4', 'r2cx0nmw', 'pvsox183', 'a451243b', 'g9rs9cx8']
411	['txnegebz', 'eflwztji', 'q1mq5f2t', 'nvqv99ak', 'uru7bkr4']
412	['i9xenu3r', '105ezycx', 'ls4qfvwq', '7as9f1n6', 'd8x3b9a3']
413	['mkgszhkk', 'awxo0osz', 'e3e48idb', '8ko7mmu3', '0mwz8kwo']
414	['tij7lakb', '1nqbqmum', 'eszhtrze', 'uliopaz0', 'pfbgojxr']
415	['1ujphwmi', 'uef0bbh7', 'a5w7tbtp', '5331c0c8', 'x1uc10m5']
416	['t0iw2vod', 's2hp3sat', 'vvmb92wo', '8acldtv2', 'j5vhny44']
417	['8uxntauq', 'bxuwx1jj', 'ch7nna59', 'rnfh9v1h', 'mt8h4rk5']
418	['4cy3er3y', 'iy20s5na', 'gk3wr6s1', 'ky5env7t', '5vpnmw3f']
419	['wizlpkrk', 'j1o86xp9', 'pocvjjox', 'tdjkkeh2', '2jfo2csi']
420	['va83o8mu', 'yi1s6xap', 'v0zxdkla', 'ccy8gf0k', 'agtb0rzb']
421	['7wu8bfo4', 'sr9qxnu2', 'kmuwb9ia', 'pvsox183', 'z9vjo98p']
422	['9mn6trtn', 'zl4ixyg1', 'mcmqx7og', 'rpwmcqbg', '8je46886']
423	['35vfjer8', 'tb8k979g', '721ofhsv', '3lfmmfp2', '66m524kj']
424	['pkxc2219', '6g7eeyjd', 'm89wmmxd', 'u79trvqf', 'trlni6iq']
425	['rlpzejjt', '4gj9d181', 'q92unteg', 'y4cqgbm2', 'z79x349o']
426	['oeudi6lr', '9a27s0zn', 'ay69e8ad', '039k70vs', '4fhegc0z']
427	['kp4j9snc', 'hltkddac', 'lcqxrcji', '9o2lai1g', 'y9urkfnt']
428	['rlr17nah', 'dz6nv7h1', '8th933g4', 'cabmmgg6', 'pfvf8ujb']
429	['9phgag8q', 'hcn2m7v1', '7hsd4kde', 'ozt85cz2', 'efm6zj9r']
430	['xee6npr3', 'mpkli2xf', '9x60jukk', 'pq571myy', 'uj5deryi']
431	['fub50lvt', 'onlly1ga', '407va85q', '9wnkmn27', 'nz976qc6']
432	['zbzrxuoh', 'bgn6zrer', 'dn9nlcgs', 'u8ptvem7', 'gr14udp8']
433	['w7wdq05u', '3kjckx8o', 'x4zcpr02', '3kk1l0ag', '56rn6d6o']
434	['whkfvd7l', 'm4vu77v6', 'ovuh3qoh', '5525dp31', 'fm8koqjd']
435	['9qklnvyl', 'fd4aag2t', 'odxve47t', 'gxvaric3', 'gfjpsduv']
436	['sxi0tpsf', 'xtraspw2', '8iqs6jko', 'w0ebmg16', 'umvrwgaw']
437	['at5pcnrq', 'mcmqx7og', '8xpenaxt', '7e3kiox2', '57qk34fx']
438	['ulwirxeu', 'wqqt6jvk', 'g5sw7t8x', 'gln6e0t4', '9n42e9k3']
439	['2neevooh', 'mut94ov1', 'fk16k9ts', 'ny6zepe9', 'o1eecluy']
440	['2igc5wzx', 'hfk8nikl', 'dcli6uaq', 'mqk72say', '195h4ofw']
441	['hruq0hdw', 'tz0pgml3', 'auiod44t', 'lstwxv4k', 'sygm6irl']
442	['jgq968f6', 'kfsuiz5t', '65fwicjz', 'e0pbs354', 'grccu4kh']
443	['ithv0k5k', '6ukt0gbn', 'wzz5ioek', 'qa2pgjvj', '6ovv79ia']
444	['wxxi37v9', 'bnr1r48j', 'leqluxpl', '2scp98u0', '2f09vauy']
445	['mp1z0269', '1diftm9p', 'tmp6yxlv', '35vfjer8', '0kqlxx26']
446	['q4jjtw63', 'oa5yvpn7', 'wh3k3u28', '3w5ouagx', 'bdcwowci']
447	['urv9o2f1', 'yx3j6373', 'lai0otkm', 'ix4zo0ha', 'cn1yfjwp']
448	['6j45mmjh', '58qneoj5', 'b2rgb6h9', 'ou731vpe', '2cwvga0k']
449	['z22g03v4', 'h13dq0x4', '3jnhboif', '8xrccucr', '95zrth5d']
450	['rlr17nah', 'dz6nv7h1', 'y04dub8o', '0shy9q2l', 'tmnfcs7r']
451	['2uy0jjdh', 'x7qlnugx', '8ncc6d2n', 'is9a77dk', 'xld7ztx5']
452	['3h80bn0k', 'jb455t9p', '763v4duh', '9b6cepf4', 'e63j8gci']
453	['121p2shq', '2scp98u0', 'f1hdorp8', 'c5be70t6', 'nah1utm8']
454	['9sh9mk6p', 'u92ruhjj', '5cog8xyr', 'zh8wzza5', '0u4nmrq4']
455	['5i0m18nt', 'c8od88jh', 'il4wa97x', '5q7fmrqo', '35fnrje0']
456	['9kq9o5wp', '81rxs247', 'stn5gl2b', 'di45k0dp', 'c4mz6w9r']
457	['dya40tln', 'f14n0hk6', 'wd7drbky', 'y4cqgbm2', 'm69ceq2t']
458	['gckr8h1m', '3qgwoblb', '1tz7y2sh', 'vs730te0', 'eo1uz3g2']
459	['d4upbc3v', 'ckorpogz', 'zcvumy78', 'mxg2q1vd', 'gsrgf4dd']
460	['b80todl7', 'jhsqrto0', 'tat66vxm', '6lcb1yst', '3xpfjy1z']
461	['gjo29e21', 'y8o5j2be', '7ru6tapp', 'faec051u', '2b2evno8']
462	['lae18d0l', 'itqi22lv', 'svxbesi4', '1hlndwzk', 'y62zkfom']
463	['f80cfjrn', 'f3swmk24', 'nom4z0tv', '1s8jzzwg', '0mwz8kwo']
464	['e0pz0z4j', 'x4mgnhbg', 'jpenhh92', 'ii3di3dz', 't1vom8f3']
465	['tij7lakb', 'gbf8beq4', 'eszhtrze', 'uliopaz0', 'zsygn29p']
466	['tv6t7v34', 'pvw9t7zd', 'pm825xn1', '0tn06al2', 'dudc5eh8']
467	['me08w1ir', 'td8uwcas', 'lbkjxws4', 'hhq50mrc', 'gbgcfa2o']
468	['q8dl0gcc', '7gj2cl8r', 'l346qqwp', 'ledopkwj', 'um51u84w']
469	['vori28fm', 'p71adezi', 'tp6co59t', 'd6zrj60t', 'bdi9h7np']
470	['t038136e', 'l97yi8l9', 'pi1yzeqg', 'xi3d70kq', '51c22b8w']
471	['9kf9anqf', 'aawjla6h', 'ykxr9q1j', 'v9iq01dc', 'gqwwfpch']
472	['0an1j8wk', 'cv5jhuc8', '7s79900j', '08bw0h8m', 'ncau27zc']
473	['hygxwl2f', 'w25jpub7', '0bjl60gl', '80t2ovkk', '6ys3uogb']
474	['9ljou3ag', '7momt81r', 'gruir7aw', 'yjqt74q0', 'tyk4479c']
475	['v3lcyzj5', 'a3fvifax', 'gkf3wez8', 'c4m63cr3', 'hh7lccet']
476	['2t1zzigc', '57z0g4mq', 'qb1f03hz', '94lc85q5', 'r0osk17r']
477	['jy20xtwx', 'p9fhtjen', 'hbyxy4ln', '57qk34fx', 'rytalfyx']
478	['f14zbj4o', '5rlmaggu', 'un1wozy8', '3m39g1xv', '1gbq9j88']
479	['3wg6flz0', '62xdiz68', 'p7cbnrji', 'uddwc4tu', 'v9y1iw3o']
480	['qeqd4soe', 'jtgpzrf9', '8x3lqokw', 'pb25lrnw', 'rh2jrojk']
481	['vo6jdb65', '8aosx41e', '1tmqe3xf', 'n3yuvf8v', 'o43e6aid']
482	['edz3up3a', 'bw6a5gmy', 'h8c8lc0a', '164yx77a', 't84pu00z']
483	['lgflny84', 'fynl88p5', 'w01dub6y', '3vrg7zyc', 'i3jsvtwp']
484	['d19v8qca', 'taz8f384', 'oi8epg9m', 'hws1e4tv', 'in69fhw9']
485	['4kfbs7j4', 'zvmwubuk', 'fff0swre', 'cc23zega', 'p3ytwqeg']
486	['ewf1z1ee', 'm9g1d7i2', 'bayrzit4', '5s1zz2lm', '7vsv726x']
487	['xuug2eyn', '1n5750hi', '35vfjer8', 'p21ph6ng', 'mevnb9v0']
488	['e7gq365q', 'u5nxm9tu', 's3vaa0yc', 'rytalfyx', 'mcc37ogt']
489	['fub50lvt', 'xnrb0byz', 'l97yi8l9', 'vrjibtfi', '3t7zln1o']
490	['gha1wg4w', 'd1p8zo23', 'l72grjbg', 'z6cdyy0w', 'dgkutcie']
491	['7g7sgabs', '52qpcg63', 'edvyp1fs', 'mpthhazv', '6eivv0d9']
492	['je585xia', 'gqwwfpch', 'dgng39yd', 'zq9ehv7a', 'sonxopa0']
493	['yu2qzp18', 'aceu86at', 'axy3jx7l', 'vgmzb03s', '3nxmw97e']
494	['zkgfuub2', 'f14zbj4o', 'v1qj47sa', 'sz072p5o', 'nzy970he']
495	['q7pieq3w', 'pvrp8u8n', 'f2det6w2', '855atuue', '7d6snq1v']
496	['2tax8ajw', 'c2krtbvr', 'dgcawqyk', '8yg1d3ft', '6zjzy0ft']
497	['3x46ynqh', 'q8dl0gcc', 'vxavox24', 'gfb11r1i', 't7a9edv3']
498	['ju87prqm', 'faue5ywu', '9mmdtgc2', 'mmr04tsm', 't1ughb9b']
499	['x88qugn9', 'm4hwwhux', 'ow1n47ui', '0p8fb3cl', '0xg1ogtc']
500	['gd19rkm2', 'uef0bbh7', 'opi8aa5i', 'lfo6otkc', '8psro2z0']
501	['828s0mtz', 'z4cq9klm', 'o6i5ca7h', 'd0tg9i90', 'u5nxm9tu']
502	['76aij6sx', '7wz030vg', 'g1tjpc9z', '8bi9owk4', 'pq0t6x88']
503	['s01g5wxg', 'a7eabvvo', 'n5ogyxz7', 'th64ca79', 'lrgmyfjs']
504	['d4eae8g3', 'jk0ju2eb', '3kk1l0ag', 'ot04th3v', '3p8rdaoj']
505	['g9rs9cx8', '0xg1ogtc', '0p8fb3cl', '91ea40nz', 'ay69e8ad']
506	['u8mu4yga', 'ropgq7tr', 'x9sfgtim', 'w1bx4a7v', 'xtmn1n0r']
507	['7g7sgabs', '7wu8bfo4', '3urmf3ie', 'dpyz8uh4', 'ngywgodg']
508	['wt5qxe0j', 'ulfz0b15', '8dh4xvph', '8xgp6nhy', 'hbyxy4ln']
509	['yrhb6ktc', 'qlwergum', '9bhi3rqu', 'h4sbz3md', 'di45k0dp']
510	['efm6zj9r', 'efbj3uur', 'n2rec4i8', '582ld85p', 'pvrp8u8n']
511	['dsfbmhbj', 'os0sslxc', 'xj65j05e', 'bh8zshy9', 'hpbcwiwf']
512	['1fxb5vru', '2l883zhe', 't30yubp6', 'spfc0fc0', 'flqdf8vd']
513	['97msfh4l', 'mzekhyu0', 'vpoqfm7d', 'y9kkl2lf', 'lwpvyy49']
514	['u2kjft6q', 'ecro0w9n', 'gxu62u9i', 'gwprn5hh', 'ws3tfs1j']
515	['x6m7yq65', 'dzkf7c7l', '80xhhcpm', 'u7tqolyi', 'y6zisciu']
516	['trrg1mnw', 'kc3nb2pc', 'y6jw3gws', 'f2zgrgva', 'a4babgpl']
517	['e9ntnp5r', 'ug239kup', '9iomlhpv', '5t72hl4l', 'hnx213kp']
518	['fien6nra', 'lm73oj21', '9wnkmn27', 'nz976qc6', 'onlly1ga']
519	['pa000mr8', 'xiaj8ofb', '6zfeeuy3', 'oxa5gcxj', 'o476dtgd']
520	['roe6g61u', '8cvjsisw', 'eauby68p', 'oc7koh6s', 'cqi3r0xz']
521	['58mdhe5v', '61snvddh', 'xuiswu2l', 'ej7pj7d2', 'iyopfos0']
522	['cuw2sx2e', 'lkb09vs8', 'ca3h96bx', 'apfimvix', '20xgqvxc']
523	['ngbnnpni', 'g3z9fp31', '167f4gyg', 'ta3zlz4z', 'ypls4zau']
524	['y8i60bm3', 'g6kag5ij', 'cbp4o6ou', 'z7r4n0w7', 'dql5n9k7']
525	['53ts46vr', 'zpqgz95r', '9rczqcaz', 'jzm6nc41', 'lg6qorv0']
526	['c84lpxrn', '81fv8lzd', '7c0844ui', 'eapwqsrc', 'y2715f19']
527	['x51jorbm', 'ktjhr028', 'w2c01295', '1s8jzzwg', 'w0ebmg16']
528	['8uxntauq', 'mt8h4rk5', 'uei4ovko', 'grx4gx95', 'rj9k9awy']
529	['7pcnf2iv', '8lyipugh', 'm26sn2qg', 'jjiiutd5', '9169o29b']
530	['j67qgjbj', 'c4h0x85r', '7momt81r', '08bw0h8m', 'zz4cczuj']
531	['z86g8dzs', 't5wzsjxc', '8je46886', 'f80cfjrn', 'f3swmk24']
532	['pfvf8ujb', 'bzzln9kc', 'dz6nv7h1', 'u7tqolyi', 'j8p970p8']
533	['u1s6ciy4', 'h8h8xkfx', 'lm73oj21', '67v65zdk', '8pdlynuo']
534	['4gj9d181', 'wq4jsc4x', 'y4cqgbm2', 'vaeh5z4z', '0d6sa9pe']
535	['zjur5j95', '0x3uihto', 'j2oo4hoo', 'ojw27c8o', 'uqmblefe']
536	['mt8h4rk5', 'vrl9gtcp', 'cq6mivr9', '8r8586br', '0eftiyuw']
537	['osct0lj6', '6x33a6g6', 'tm9jb7bq', 'vj2z52vg', 'mvm1t0y7']
538	['gvp58frm', 'xwghd9ut', 'q5wiqpcb', 'mvm1t0y7', '9jqafpkp']
539	['utgnwox8', 'h29zzmla', 'gorp9n1g', 'zmk8bbcd', 'kc6dls2z']
540	['car394ou', '5dbuxvc4', 'kmwfce00', 'q4m2uj6r', 'w9zyshzb']
541	['hcfoj5l1', 's10kzuf1', 'n3yuvf8v', 'z0p4f7tq', 'p699a0g2']
542	['b6lbuvlh', 'bvzi49hy', 'reigmh19', '80xhhcpm', 'gkf3wez8']
543	['bvzi49hy', 'hhq50mrc', 'idlmau69', '582ts5mf', '0aqww7cz']
544	['1y79i676', 'lt51utjm', '2zbm4iwn', '2w68g7cv', 'yx3j6373']
545	['914oafkn', '5wby3shp', '8p81kc9z', 'fo4ax1od', 't7bonus8']
546	['1n5750hi', '1tmqe3xf', 'nvphu1fm', 'qqdcs77q', '3lfmmfp2']
547	['2jdlavwj', 'xvphsdg7', 'lvvw1npq', 'o4vvlmr4', '1v8xf5uy']
548	['0vhy44iq', 'n719iahl', 'amtk0s0v', 'bdlhd5i1', 'lme6vcqs']
549	['2hbcbvt6', '5o9bbspc', 'tdlcb9bf', 'o8gdpf0i', 'b70zywkw']
550	['ncayc5zj', 'sljh3o2k', 'qq46f7fu', 'kt1az1pf', 'mvm1t0y7']
551	['um4v5qr3', '7015mpuh', '8nil3u2k', 'n7oankiq', 's1qugmyt']
552	['5d7erbr4', 'vw3cuiof', '2fsjqsiz', '4vtad2ve', 'bsiwkixj']
553	['4uqgpb0w', 'h82s5xst', 'xvpn9dvf', 'h8ej5w6j', 's44gtutu']
554	['n6lwnct5', 'kq0cu73r', '9kf9anqf', 'xxuctcyq', 'gqwwfpch']
555	['5i0m18nt', 'vvx3zukm', '2hzq5o0v', '8dbjycgt', '9e9fyarm']
556	['7wu8bfo4', 'pvsox183', 'kmuwb9ia', 'edvyp1fs', 'sr9qxnu2']
557	['3bo4md44', '2hbcbvt6', '5o9bbspc', 'iz74o9de', 'n5ogyxz7']
558	['h82r1ttc', 't038136e', 'tdlcb9bf', 't1vom8f3', '8gl323hs']
559	['dkn85i8r', 'ohyvuybc', 'tos222y2', '06fwhyac', 'vq9m9m94']
560	['fx2oly7c', 'r3qhzqt2', 'pxulu0hl', '9s98t4h7', 'l63d9lyd']
561	['35fnrje0', '2pufns7d', 'il4wa97x', 'bshcsfxr', 'jlnt1pdd']
562	['eyhtf6mv', 'jtgpzrf9', '8xrccucr', 'ucysxk5c', 'th64ca79']
563	['ivy95jpw', '0qy6hcgp', 'hert77y1', '5ax78ysz', 'hcw0cisk']
564	['9eu792zu', 'dohy9i21', 'e8fhlo37', 'fm6lf66a', 'rwevmwcr']
565	['tdwkxwod', 'bd0fx842', 'bb4h255w', 'jtv1k7q2', 'kr22x6s3']
566	['9qbq7hwy', '10lun7te', 'wcmxmahq', 'nok0yfzv', '0vy5yifk']
567	['3unp46lw', 'tvhn7lnu', '43u5gs1k', '8r7hnpij', 'irhizn0b']
568	['ej9qbrt8', '4hog76lx', 'vnb7g17n', 'wjktna81', '1nk1t5qs']
569	['s4xintwp', 'ze4bvjkt', '5lzixulv', '61brxcg0', 'zerjg1ko']
570	['em2uatlm', 'f4jx3b2q', '80yu5aiv', 'piap9pr6', 'a2voobqa']
571	['ufzjvdho', 'tb8k979g', 'r7kvv48s', 'edvyp1fs', '74fh51hd']
572	['yi1s6xap', 'egy8rgtl', '35yl70z8', 'rog2h4g7', 'wwt7mn55']
573	['3p31ei4k', '6eivv0d9', 'f2gsqyv9', '69o6g1oe', 'b77xif4i']
574	['yx0u0iyw', 'ixvtt3g8', 'y6zisciu', '2r0a357c', 'faec051u']
575	['0emibwp3', 'n1ysi7qc', 'xs7vkm19', 's2hp3sat', 'sok0cyd3']
576	['7hporv6w', 'faue5ywu', 'hhq50mrc', 'gbf8beq4', 'ftq6ed38']
577	['n0actmsc', 'ftjrg3dk', '6ntvbee3', 'svgguadm', 'pc04eb8e']
578	['yqx0xqz9', '7e0x1525', 'dbxufi3m', '6d3qvtne', 'v5beddu4']
579	['sygm6irl', 'dqhdws5k', 'trmwm9qq', '4gof1yl8', '9aw78s63']
580	['2tu707ng', 'k1uvqaaa', 'wt6azxc1', 'abmrgpbm', 'b3m11ppy']
581	['q1yn89cq', '7a8ym7uj', 'ua7hsfma', '8dgahmka', 's6lzr81h']
582	['i9wjpbe7', '3r8jbhhq', '0ho4f5wg', 'lrqt2gcw', '8twdx4g2']
583	['k3vs6vhz', '06yuz5pn', '3kjckx8o', 'tvzn0112', '40vsmpfv']
584	['b3ntww9i', 'e9ba18fn', 'h73m17lw', 'ielatiaq', 'y2715f19']
585	['4aps0kvp', '747lx5c2', 'oa09sm44', '5upb25gt', 'ncau27zc']
586	['uaccs7k9', 'mzekhyu0', 'vpoqfm7d', 'ebgu29uh', 'qub1i1bl']
587	['u42d1p1j', 'otme0vmu', 'mf73oqp6', 'kgt61kcu', 'l4zku2e9']
588	['p3yxqgpp', 'w4pgkid9', 'd7eshkim', 'bo6kbb6k', 'trqezzj5']
589	['0qy6hcgp', 'hcw0cisk', 'rp9opdmd', 'myeiu66g', 'i6mdlf36']
590	['ropgq7tr', 'x9sfgtim', '0clp6zt6', 'a2voobqa', 'zue5hnal']
591	['k30wvnx8', 'iqe6sdq2', 'yn9qcwvq', 'ikon1ktb', '8nk7pplh']
592	['dfyshke7', 'r5fdn7uz', 'mo4luyx6', 'nro623aa', 'dlpgq0rm']
593	['t006jnl5', '50ym7h4t', '5tkyir3r', 'atdo94f4', 'gfjpsduv']
594	['49ejyfie', 'oah1to9w', 'xo7q4dqr', 'lfvvfzi5', 'izsnxi4c']
595	['ihler8r0', '6zjzy0ft', 'fa05sovj', '1j4w2hyp', '6lsgwvsv']
596	['b9b6ww9q', '9xxv8a2d', '7lhoq10e', 'y8puocsa', '01q4pu9k']
597	['1tz7y2sh', 'qc6untrw', 'fatm351r', 'v7szuzfa', '2jyp3ift']
598	['2h53dfg2', 'bggera4e', 'tdwkxwod', '0eoswftu', 'kr22x6s3']
599	['p699a0g2', 'mtsdsrs3', 'ux8jqekp', 'ivy95jpw', '14alhxc3']
600	['11xjl53c', 'iez1j9jn', '7fua7kgs', 'awfgfmx1', '3lfmmfp2']
601	['vf1vku8s', '0ogmwreb', 'pc2cnhjd', 'ykxr9q1j', 'olhgu24h']
602	['tmonjdrp', 'ncayc5zj', 'osct0lj6', '6x33a6g6', 'qtzhfnr6']
603	['7qxs79qy', '53t1mhnb', 'ho78ojxc', 'akdg2ljo', 'z77wg8j9']
604	['re8fstqw', 'e0pz0z4j', 'jisznsr3', '41jqgsv0', 's2j4qf0j']
605	['3bo4md44', '0xg1ogtc', '5o9bbspc', 'b70zywkw', 'dgnddq80']
606	['0mwz8kwo', '7zdi0y2s', 'w1bx4a7v', '9ds4ot1q', 'cnmawglq']
607	['u8mu4yga', 'mkgszhkk', 'fj6l76hq', 'ximw03ej', 'nhsci5oh']
608	['2ui7z8wi', 'h8c8lc0a', 'bf9omgla', 'nj1p4ehx', 'cwqsbwaj']
609	['cqv2cv9r', 'xh723tgl', '73i7h1wi', '3t7zln1o', 'z9jqbliw']
610	['cwv6u0y9', '2jwuzfan', 'p196javw', 'wm3l1849', '7vadpp3d']
611	['i6qoo03c', 'phpijxb9', 'f6vau5s6', 'x3q2dgdu', 'ca04j8sc']
612	['wzyj4y30', 'llv66c9p', '2v6zigt8', 'rlpzejjt', 'uu883ofc']
613	['yx3j6373', 'ftjrg3dk', 'o0m20894', 'wq3rlpo3', 'a503cf2x']
614	['kmuwb9ia', 'vcl64usu', '7wu8bfo4', 'h35we3mn', '40fvjskj']
615	['7015mpuh', 'cnfpsbuk', 'vjvyjblu', 'styavbvi', '3q36knqh']
616	['n7kbk9id', 'srmmmyll', '2leg4980', 'cwv6u0y9', '9tl8qibm']
617	['pg50i2ql', 'be4afbyo', 'h2h4bnd5', 'vdgu6h0a', 'm26sn2qg']
618	['4grqkn3u', '1fxb5vru', 'x7ybnese', 'oc7koh6s', 'rh2jrojk']
619	['u8mu4yga', 'zl4ixyg1', '9hpkmjvu', 'zue5hnal', 'w2c01295']
620	['lorpo8uk', 'i8cvxis2', 'du8wmh6n', 'scc9wee0', 'bdcwowci']
621	['mrsya6wz', 'zpqgz95r', 'y8o5j2be', '5053t5ki', '944pn0k9']
622	['t9hbbqay', 'dlwwcryb', 'ko42qlzr', 'yremzay9', 'vw9jd88a']
623	['6qkjwsst', 'l9hqalbo', 'ozbmgd70', 'yx3j6373', 'g9btjkcn']
624	['jlnt1pdd', '4vtad2ve', '2fsjqsiz', 'tq8jpmin', 'h8ej5w6j']
625	['vu8ao4pt', 'ag7c2mhx', 'o877uul1', 'yhap30qx', '6o1h9uyl']
626	['n3xm6c0y', 'xochpgld', 'zsygn29p', 'd0cd89hs', 'roi3lta6']
627	['17km3arw', '6ntvbee3', 'bshcsfxr', '42t0zriz', '8qdcls1k']
628	['w7owso28', 'bcraqemn', 't1mwzhrq', 'dv5j8bpv', '8w2t6u96']
629	['1niaplc2', 'uyzalds2', '7d6snq1v', '6a6tyvtz', 'pva0xii7']
630	['x5w0fl5w', 'ra2njvcz', 'x51jorbm', 'wiei5dpt', 'met50keb']
631	['1hlndwzk', 'rj9k9awy', 'mgwx0u6x', 'h26a3h5f', 'bxuwx1jj']
632	['41jqgsv0', 't038136e', 'xshqu7qm', '0lk8eujq', 'l9b3sr4r']
633	['gfb11r1i', '0d6sa9pe', 'lae18d0l', 'g266ttng', 'hngra91q']
634	['fsid4a39', 'whkfvd7l', 'ksgdjdh1', 'm4vu77v6', 'dfhxcqr8']
635	['f3swmk24', 'yvbmbnjw', '1s8jzzwg', 'f80cfjrn', '0mwz8kwo']
636	['55lbj72e', 'd9rd5392', 'cxqzo58q', 'konern28', 'jfjxujwj']
637	['y6zisciu', 'hqkrer9m', 'dij3wy6q', '2hfkrl8m', 'ierqfgo5']
638	['r2cx0nmw', '7wu8bfo4', 'bdb9g77g', 'sr9qxnu2', 'a3i3t6od']
639	['1s8jzzwg', 'w2c01295', 'x51jorbm', 'w1bx4a7v', 'mnjy6bq2']
640	['ezrarusj', 'jjiiutd5', 'owbv8ua4', 'h4fo8h90', 'bnrmh1qs']
641	['gk3wr6s1', 'rlr17nah', 'f2zgrgva', 'te0v91nr', 'xsqgrd5l']
642	['octtj2vf', 'f4jx3b2q', 'ey0r1py7', '07cica09', 'em2uatlm']
643	['wknaotjt', '387spphe', 'gw6qnwe3', 'dytcppg2', 'mp1z0269']
644	['vdgu6h0a', 'kq0cu73r', 'gqwwfpch', 'xxuctcyq', 'jk37ej4c']
645	['xl9rwld2', 'b3ui95vx', 't8jlihgm', 'qn6wawxk', 'yk2th44f']
646	['4iuxm6z2', 'gufhaylj', 'kit7dfi2', 'mldwnz43', 'dgkutcie']
647	['3eu5n942', 'nnp6sv19', '723l0buc', 'kuvdbr09', '3sqy16rs']
648	['wxor6kg3', '78d7vub4', 'y1nrc138', '9195zweg', 'tq8jpmin']
649	['jw42gokv', 'elviuvfz', 'd7eshkim', '7iqyaitx', 'hzh4wmtb']
650	['nxu1xoax', 'cqi3r0xz', 'jz6o9gnb', 'e5flh0af', 'ivy95jpw']
651	['0rsbmh48', '5oy0q6ca', 'mc77aqbq', 'uckqx5c6', 'moe0bi1g']
652	['kugpzkyx', 'awh8y9j8', '05vmhjjp', 'lbkjxws4', '3rxsplrl']
653	['uazqkay9', 'se8tzya3', 'vjtwipu9', 'ppsk31u8', '13kzv4b2']
654	['jz6o9gnb', 'roe6g61u', '8a8eheip', 'zdfx3zo3', 'trmwm9qq']
655	['jc5ik84m', '4bw26042', 'wizlpkrk', 'wcqr1cxm', 'gzacds5n']
656	['en0obmna', 'jcqce7jo', 'qcxpmfmq', 'le6d2l5i', 'ckx305ue']
657	['pdiyqdb3', 'fo9uq389', 'ewf1z1ee', 'cddya0r7', 'b3ntww9i']
658	['ml27mexb', '9wnkmn27', 'nz976qc6', '186wyg7t', 'fien6nra']
659	['3nf5bxv3', '0c03fjk5', 'ccjzc1x0', '6oi8s315', 'eewr8ynb']
660	['c6svgwoj', '5i0m18nt', 'iavvan2c', 'tfb1ve2p', 'x5m6u9pg']
661	['urv9o2f1', 'k1x0b17d', 'nbqne4wp', 'o43e6aid', 'zrjvpoq0']
662	['4a7fzrxg', 'spfc0fc0', '0j4ind0z', 'wehqqbjx', 'qa1tbu6t']
663	['20xgqvxc', 'apfimvix', 'jfvq2gfx', 'z1y1zgo8', 'wa5rxe76']
664	['v056i6g7', 'f97doeoj', 'xp2qkk52', '9t6du1v5', 'yremzay9']
665	['3da30lb2', '7axo7k51', 'wku1sd9k', '07a30kd9', '0fpa1f30']
666	['t0zphgfl', 'i8cvxis2', 'llqpfhwg', 'u79trvqf', 'o45sziw1']
667	['e9j4b00a', 'p8xpavbg', 'vrzl7h45', 'xvpn9dvf', '0aik5i71']
668	['gjo29e21', 'ysf5k0ky', '5yscqct1', '92tvskxw', 'of9wlhga']
669	['3t7zln1o', 'd21lvneh', 'xnrb0byz', 'fub50lvt', 'hcw0cisk']
670	['bfm45zas', '6vqf2n5j', 'lbrpbhpg', '9getsuci', '1n2r829p']
671	['ordof7g5', '0clp6zt6', '7ruoysxu', 'm2z6k2va', 'x9sfgtim']
672	['f6li7qil', 'apfimvix', '5q6cnfse', 'vu1f1hp6', 'c187k4yc']
673	['t7xaqtgo', 'pvrp8u8n', 'wehqqbjx', 'b31ctbat', 'qhbuvt1l']
674	['8ko7mmu3', 'z86g8dzs', '5u63aqo5', 'mkgszhkk', 'mcmqx7og']
675	['0z7ey1nm', 'jqueo6zg', 'k5jkntul', 'x7ybnese', 'q93luiw2']
676	['lfo6otkc', 'nro623aa', 'isniqv6b', '69fmtury', '8r6hln9b']
677	['lbkjxws4', 'shxxhqx3', 'wpuf4ofo', 'i99lqr0p', 'j23pvlj9']
678	['0emibwp3', 'g17lp8ch', 'qfrenkb6', 'pscw933i', 'h2h4bnd5']
679	['hhq50mrc', 'bvzi49hy', '3u3i5myh', 'v5eth1m3', 'f3mvdpq1']
680	['16qdfits', '1ke7wisc', '27jytj4k', 'okabnt0t', '87v7i620']
681	['x2a32lml', 'ca1v4k3h', 'suw0h7s3', 'p82l6d9a', '3jrb0sn8']
682	['1gbq9j88', 'p4hz992o', '2qsh2dlk', 'bvspk12e', '9lu2stp4']
683	['ou731vpe', '4lc7uwcb', 'f3eogz0n', 'v13kzr5y', 'hqkrer9m']
684	['4hdj6mtf', '76aij6sx', '2fsjqsiz', 'edvyp1fs', 'tmp6yxlv']
685	['e9xx6mhg', 'bmgfoine', 'nerxtetr', 'b9nqcbf7', '1m1hi735']
686	['ck338ifc', 'ga1fks7l', 'bdcwowci', '3w5ouagx', 'urv9o2f1']
687	['8fbsaocw', '0ul6k6uw', 'ilnudz0g', '3akrube4', 'kmkeetl3']
688	['bmgfoine', '6ovv79ia', '9f5szh9i', 'kayh0v56', 'd2s3170w']
689	['pvsox183', 'y6ufb4l6', 'm13ndhaz', '52lf5gzr', 'nvphu1fm']
690	['9lu2stp4', '0iqdqcp6', 'x996e0cn', 'h00mbgsq', '9ex61dl5']
691	['ucmzbezx', 'zecuhkcd', 'lgnaas6s', '7as9f1n6', '8e9f9ssj']
692	['r7kvv48s', 'tb8k979g', 'wq3rlpo3', '43c1vind', 'r2cx0nmw']
693	['08d9t9ex', 'rgmurgbf', 'o43e6aid', '9xpbwf9c', 'sr9qxnu2']
694	['k7smwz6w', 'b0dzhsrh', '5xon5yb4', '6hehg1yf', 'xhh4vgvn']
695	['41jqgsv0', 'a7eabvvo', 'm847xdzk', 'e0pz0z4j', '0lk8eujq']
696	['zecuhkcd', 'ucmzbezx', 'gsrgf4dd', 'nwb7qf9l', 's19w1p2i']
697	['mhj9o5z5', '20nozop1', 'u07jsjmf', '2wco7m0c', 'yyfsnthj']
698	['dgcawqyk', 'l5ogbl5p', '8yg1d3ft', 'bu59aji5', 'gjo29e21']
699	['j6uxowyu', '11d18w9y', '19skljon', 'o29hjkca', 'f2zgrgva']
700	['53t1mhnb', '8aosx41e', 'hzn3qus3', '9bhi3rqu', 'n3yuvf8v']
701	['vrhrc7v6', 'rwgqkow3', 'vygvs1x3', 'juofmvz2', '65gedo6u']
702	['iz74o9de', '2hbcbvt6', 'n5ogyxz7', 'zoipx650', '195h4ofw']
703	['jtwb17u8', '2m6ks6nd', 'iobpcfs5', '91nj68tn', 'y8o5j2be']
704	['l9bswegi', '0iy8clcm', 'xk6rp4e7', '8tipkksu', 'xh1iw8gf']
705	['ljt9rn8z', 'lsiy3quw', 'dhy80rkn', 'f3j0g82b', 'ge8o93rh']
706	['c18arb6s', 'a3i3t6od', 'sr9qxnu2', 'isc330rk', '3724854p']
707	['s19w1p2i', 'llcit7x2', 'gqwwfpch', 'jk37ej4c', '1ucs8zu1']
708	['c5be70t6', 'a7frertc', 'v3n2r4ia', '121p2shq', '2scp98u0']
709	['14alhxc3', '0cam9ipf', 'mg9kypvn', 'nxu1xoax', 'ne816kr4']
710	['f96qs295', '5vodag6c', 'uyb0of5p', 'mfpgbqc8', '2bpyvgv7']
711	['u79trvqf', 'jwjualy2', 's2hp3sat', 'wk3fh9ke', 't5wzsjxc']
712	['s2811lpo', '208w0eyz', 'zsra2yz3', 'nuzt4jcf', '0ctlde8w']
713	['1a7ugd24', 'nln6pl3h', 'bdcwowci', 'nvqv99ak', 'oa5yvpn7']
714	['755ym7vl', '9miesbf1', 'gjo29e21', 'x14iywtr', 'd0nj3fsa']
715	['3v240tcz', 'cr1gyx66', 'l0l2ev29', '1fx7x8af', 'gvn2v6rt']
716	['dm6pznm2', 'oijl3pjt', '555e3ndo', '3jrb0sn8', 'mkl7rvr6']
717	['wq3rlpo3', 'f6i46t3h', '64sdgroi', '43c1vind', 'ouno4jpl']
718	['kjl04qy5', 'soybk2i2', 'f1ckv4bk', 'cq6mivr9', 'hnx213kp']
719	['0sn7itog', 'osct0lj6', 'glpca9u0', 'xwghd9ut', 'tsv0rcr3']
720	['dx53hxej', 'm6poosn3', '5xon5yb4', 'wzp7hpgc', 'ek5zfb8f']
721	['7hporv6w', 'tf5a48i2', '1gv3t5t0', '3f0pgo4z', '69wuny3p']
722	['g2j4uqem', 'fff0swre', 'n0zppf8v', '9g0lo2e9', 'jfuwelzt']
723	['47d0wl98', 'yw8a1ssd', 'qxhujttt', '63en895x', '2zbm4iwn']
724	['rog2h4g7', 'jvog9dpj', 'pscw933i', 'lxabtp41', 'ls4qfvwq']
725	['7wu8bfo4', '4hdj6mtf', 'jlnt1pdd', 'kmuwb9ia', 'vcl64usu']
726	['dfyshke7', 'u7tqolyi', 'yj3yisum', 'ksii37ja', 'gufkvmdb']
727	['k30wvnx8', 'ikon1ktb', 'md0drb25', 'z2jtzsl6', '8hvve871']
728	['ko42qlzr', 'lxdcelk1', 'nyvmlxqf', '74femexh', 'b0wy5zz4']
729	['9ui0t9tf', 'kmuwb9ia', '8x9fc130', 'bshcsfxr', 'tfb1ve2p']
730	['nz976qc6', '407va85q', '8o2xddof', '1l4o9pko', 'vrjibtfi']
731	['4vkgn3yt', 'u10j114l', 'ej7pj7d2', 'auy3c2e0', 'ti8hnjgc']
732	['a68y6qsf', 'fety7g0q', '4img2we6', '79xw1nof', 'bshcsfxr']
733	['ocxl6cf4', 'd2fc2kw5', 'ztxfa5b8', 'd19v8qca', '1fdnbq1f']
734	['fjzhe9tp', '1rxw5xro', 'qiphsrjz', '0o43v17h', '7m33mjl1']
735	['hhq50mrc', 'wh3k3u28', '35nshnn2', 'vwrhypnl', 'oa5yvpn7']
736	['0o7rm667', 'd2fc2kw5', '1k0qpuys', '2dixw8up', 'qvj36vut']
737	['egn81atf', '2t1zzigc', 'jc26e39s', 'wda18u55', 'un1wozy8']
738	['ashxoaav', 'oa5yvpn7', 'dqg6ecxj', 'kmuwb9ia', 'jlnt1pdd']
739	['iid4bnvw', 'jeyo5qs9', 'a3fvifax', 'lcl9jn35', 'c4m63cr3']
740	['37gpov43', '7fyhx6c2', 'lcy7u1i6', 'x64zft78', 'vq9m9m94']
741	['a3efmczu', 'yj3yisum', 'cwv6u0y9', 'tdxrx9se', 'bk3ss63e']
742	['bzzln9kc', '7tp8z7n8', '7d6snq1v', 'ixvtt3g8', 'ws3tfs1j']
743	['trrg1mnw', 'cymppa7g', 'bk3ss63e', 'pvshw2pn', 'o4vvlmr4']
744	['tfpa12kr', '94rcj9nc', '9n28nniu', '1wcfrvnd', '3kk1l0ag']
745	['nxu1xoax', 'ivy95jpw', 'gcv4lmsr', 'cqi3r0xz', 'mtsdsrs3']
746	['du7ba2ky', 'x60fkihk', 'xvpn9dvf', 'cy0wy98u', '9qbq7hwy']
747	['d8lx9ffy', 'l97yi8l9', 'rh2jrojk', 'w3gt0w41', 'vrjibtfi']
748	['08bw0h8m', '4p6fcy8f', 'xs7vkm19', '7s79900j', 'f80cfjrn']
749	['vdgu6h0a', 'ws7lp560', 'gqwwfpch', '1ucs8zu1', '3flwt4et']
750	['4pfzwcjt', 'yamabj5e', '2erwhb66', 'g9rs9cx8', '0g4naq14']
751	['oaq5a5i3', 'zpqgz95r', 'dq6iyabh', 'x4zcpr02', 'keaxietu']
752	['7wu8bfo4', 'a3i3t6od', 'irhizn0b', '5u7py7ca', 't4y1ylb3']
753	['hhq50mrc', 'f3mvdpq1', 'bvzi49hy', '929rrh59', 'h8c8lc0a']
754	['c18arb6s', '4hdj6mtf', 'pkxc2219', 'pvsox183', 'm13ndhaz']
755	['jrqlhjsm', 'hg3xpej0', 'styavbvi', '7015mpuh', 'yrq57wgs']
756	['8je46886', 'rpwmcqbg', 'yrowv62k', '16lhzusy', '1s8jzzwg']
757	['7kxi7px1', 'l0b99hye', 'vdd8uuv8', 'qhbuvt1l', '08bw0h8m']
758	['yb6lmv1a', '42t0zriz', '2zbm4iwn', 'o0m20894', 'yx3j6373']
759	['8lzpz58y', 'r6943zpb', 'n0zppf8v', 'ksqxfx8m', 'dtja6m6w']
760	['29opurlw', 'onjgfr4j', 'u01dvu35', 'csineyi6', 'p42w7vjf']
761	['mz1bof2x', 'wxxi37v9', 'est5jx7g', 'fvcyqzgb', 'me4v1qyr']
762	['u2kjft6q', 'kit7dfi2', 'pxo5uh4w', 'vmizkujc', 'g4hlvnmq']
763	['fnok2eoj', '186wyg7t', '6273ddzc', 'rh2jrojk', '0z7ey1nm']
764	['lrgmyfjs', '2u5zxc2i', 'flqdf8vd', 't1vom8f3', 'wmpjfc02']
765	['o7ww2prj', 'hiw576og', 'vrate482', '5nue46dm', 'zz4cczuj']
766	['ohfi48d6', 'o7ww2prj', 'w19729nl', '7uoia564', 'c4h0x85r']
767	['a2voobqa', '0clp6zt6', 'tra5ewc5', 'x9sfgtim', 'ropgq7tr']
768	['aclcbxkd', 'urj0nssb', 'gc9eg5j3', 'xjizvgp9', '1nqbqmum']
769	['tb8k979g', 'ufzjvdho', '45qyz490', '0iqdqcp6', 'y6ufb4l6']
770	['52qpcg63', 'hh17xv2g', 'whnyjf5d', '7wu8bfo4', 'edvyp1fs']
771	['lgflny84', 'fynl88p5', 'jveh2w09', 'wtqwghon', 'ijoyk390']
772	['g3hujz5o', 'duwr9b5b', 'kdegnr6i', 'l3a3polk', '0loj2fsm']
773	['5rhrd0s4', 'l5nncxqo', 'tv014ubp', '9fgqe5ep', '6bwd99d9']
774	['np1y2fkt', 'gbgcfa2o', 'la2wvnb0', 'hhq50mrc', 'v3kzly7z']
775	['bre2ijbb', 'k5jkntul', '1ad18z11', '0oq0xmzr', 'a40yhtqk']
776	['jjh1z5c6', 'zue5hnal', 'umvrwgaw', 'sxi0tpsf', 'iu1d9i57']
777	['2tu707ng', 'vx1hjh26', 'hqkrer9m', 't3dzso36', 'b9b6ww9q']
778	['qfrenkb6', 'gu4mz2vp', '95e1kuux', '4p6fcy8f', 'xs7vkm19']
779	['8zufbeuz', 'x7ybnese', '6gssaxcl', 'p0jht22m', 'rh2jrojk']
780	['l72grjbg', 'ttpbs13r', 'os0sslxc', '7f33cu6l', 'd1p8zo23']
781	['x7qlnugx', 'is9a77dk', 'xmqdk2wz', 'styavbvi', 'nksd3wuw']
782	['18f7x2ci', '0jm3j3vc', 'q48rqmw5', 'yeowvvqi', 'hakbt2zp']
783	['eflyypev', 'v13kzr5y', 'ifgz75ch', 'yt68npjn', 'g36nudpa']
784	['n0actmsc', 'rytalfyx', 'w74mx03c', '59u9ezr2', 'h8c8lc0a']
785	['b8ipstv2', '6cx33se3', 'vuxxerob', 'h8biqqdw', '0474ggrt']
786	['8xvqq5eh', 'ajqbljai', '88ivkkaw', 'h6b8xuvs', 'birrxj48']
787	['u6b8iwr0', 'bnrmh1qs', 's0w95qdn', 'a94at9dk', '53v1olqq']
788	['3cnmj21f', '9e3mxt1a', '755ym7vl', 'tyhwtt7j', 'pq0t6x88']
789	['58r5wcwd', 'i3iy8ax9', 'tlr243il', 'baodjrw2', 'roi3lta6']
790	['9svrz0vj', 'vrate482', '15q47bw5', 'bnrmh1qs', 'm79zl7ka']
791	['mp1z0269', 'tmp6yxlv', 'n719iahl', '76aij6sx', '4hdj6mtf']
792	['8acldtv2', 'pscw933i', '3otvtwbb', 'sok0cyd3', 'qfrenkb6']
793	['fw211spn', 'u95kg3m0', 'nles7ymd', '0b1dbz6q', 'fnimt8zi']
794	['40fvjskj', '1315iz0v', 'bshcsfxr', 'u95kg3m0', '4img2we6']
795	['dsfbmhbj', 'ml27mexb', 'tq2vdo88', 'zqzs6vtf', '2dixw8up']
796	['ropgq7tr', 'x9sfgtim', '0clp6zt6', 'a2voobqa', 'u8mu4yga']
797	['1k0qpuys', 'qp34apct', 'xee6npr3', 'psaq958v', 'q9bwvh0t']
798	['x51jorbm', '1s8jzzwg', 'w1bx4a7v', 'ktjhr028', 'vkr0766i']
799	['hb3wcm04', 'ge8o93rh', 'pn516wom', 'rzrrnypq', '5053t5ki']
800	['j0uojajt', 'pindjvhk', 'a7eabvvo', 's01g5wxg', '72s5lbz1']
801	['pfh6nm9r', 'ub7ilx98', 'cabmmgg6', '98ejxivc', '4gxff3rd']
802	['rg5sd5ya', 'o4ruio2m', '1blzi9r3', 'cr2cute3', '13vixukm']
803	['jlnt1pdd', 'qqdcs77q', '35vfjer8', 'tmp6yxlv', '4hdj6mtf']
804	['l0b99hye', '7kxi7px1', '08bw0h8m', 'l9bswegi', '7p68se56']
805	['5esyjt0l', '8mmau2lz', 'n0actmsc', 'tmp6yxlv', 'wdtrpnkn']
806	['2kh4iw8h', 'rybjc58j', 'x7siihod', 'j41c15mw', 'cp6xu2ox']
807	['gvn2v6rt', 'cr1gyx66', 'ba9uog5m', '5rsxnrdr', 'lj37a4xn']
808	['wda18u55', 'ksjkypzx', 'entkqcn3', 'z5rwznmv', 'i9wjpbe7']
809	['pi1yzeqg', '8a8eheip', 'jlkpeh4j', 'eauby68p', '7bvwlis6']
810	['38d6gb7o', 'jvgq2p61', 'rlhayt20', 'b31ctbat', '71yhaphj']
811	['k9xhphpl', '80dfqjql', '3ss714ha', '09vzcqyr', '0emibwp3']
812	['t024w7h6', 'yrowv62k', 'ldz5366v', 'in69fhw9', 'lt7qsxxh']
813	['2hbcbvt6', 'tdlcb9bf', 'zu5mg2im', '5o9bbspc', 'o8gdpf0i']
814	['7krl4xlg', 'hunepli1', 'hgcsfxwo', 'mjjjciff', 'tjhtk2up']
815	['4hdj6mtf', 'iez1j9jn', 'd7c6l97j', 'tmp6yxlv', 'h8c8lc0a']
816	['6entp07f', 'fmamae4o', 'ybpev0vi', 'fqdu9uo0', 'ilkhg3rf']
817	['5dbuxvc4', 'ukrm4ow3', 'q4m2uj6r', 'sr9qxnu2', 'cpc1yefj']
818	['lfo6otkc', 'v9iq01dc', 'dfyshke7', '9kf9anqf', '0retx7ty']
819	['8zufbeuz', 'v13kzr5y', '6gssaxcl', 'x4zuv4jo', '3wo90f5u']
820	['gk3wr6s1', 'f2zgrgva', '7esjlc7i', '1fxb5vru', 'qci7khki']
821	['4pfzwcjt', 'e1macqqm', '0fpa1f30', 'uw0rrel5', '0g4naq14']
822	['b70zywkw', 'y7lrp0gc', 'ajmelb8a', 'ne816kr4', 'sdij1d90']
823	['eef8mem7', 'vpz3o29f', 'uztk6pc0', 'umqu07te', 'vrzl7h45']
824	['8xf8u6bg', '4gfh3d6z', 'jbmzvljk', 'mqup3o1x', 'bbs7zocu']
825	['mt61b7o7', 'tmdsyzyt', 'k4ttbbix', 'ohyvuybc', 'lafh3w44']
826	['t22hwoeb', '34eot3zh', 'vg96f35h', 'w1tdg8bb', '2146o727']
827	['vm1o1cel', 'od0y5ruh', 'j6uxowyu', 'yx0u0iyw', '16lhzusy']
828	['b70zywkw', '5o9bbspc', 'iz74o9de', '3bo4md44', 's1hmhupe']
829	['y7lrp0gc', 'dgnddq80', 'lgnhlxgd', 'ajmelb8a', 'su41e4vo']
830	['jveh2w09', '40ej9jg7', 'lgflny84', 'gtp01rna', 'bcttenl4']
831	['r7aqsyfl', 'w45ih46q', 'q6ypq90z', '2dixw8up', '1hlqov6m']
832	['v06kyana', '1zd3hjpo', 'ohqr1v13', 'ibnudp1x', '97vw83zu']
833	['d6ow67k9', 'xet20fcw', '7cbxp6q5', 't8xyrsif', 'ex80jmnm']
834	['v47publm', 'oi8epg9m', 'o3cr0xvm', '1992wisb', '9h4zzo5q']
835	['sjqt01gr', 'mzon01fd', 'flqdf8vd', 'f2ypnls4', 'nvbt5gxl']
836	['bdcwowci', 'n311ptne', 'u79trvqf', '41uuzzpg', '7wu8bfo4']
837	['98ejxivc', 'vmizkujc', 'ub7ilx98', 'rckwiqgb', 'pfh6nm9r']
838	['dt8h6a0v', '80xhhcpm', 'usi65ft4', 'thko9six', 'vygvs1x3']
839	['3rcvgcwx', 'ncayc5zj', 't3givxiy', 'mo3y3mau', 'b97acsgn']
840	['08bw0h8m', '4unn3fmu', 'gunn55f9', 'l85fi3lf', '296ilxyg']
841	['6x33a6g6', 'deas7kr0', 'awh8y9j8', '05vmhjjp', 'faec051u']
842	['56zhxd6e', 'j58f1lwa', '5y6gjl2t', 'cs2mgj70', 'k36rymkv']
843	['sywxrxmf', '9briyvuq', 'roe6g61u', 'oqhmvpjm', 'ivy95jpw']
844	['nns4mkkv', '4hdj6mtf', 'tmp6yxlv', 'dpyz8uh4', 'mp1z0269']
845	['0phcscz8', 'q1mq5f2t', 'e3e48idb', 'w036x5gr', 'yjqt74q0']
846	['qb1f03hz', 'rgmurgbf', 'rlpzejjt', 'd0tg9i90', 'nd5r4yt4']
847	['1hi3dr1i', 'sxx3yid9', '2ccxiqea', 'bkm8k9ud', 'yrbgdica']
848	['vbx8khih', 'n4kke717', 'zu07vbc4', 'r4dgrxel', '6gcahsgs']
849	['a7eabvvo', 'xshqu7qm', '41jqgsv0', 'ucysxk5c', '4pcv1i3i']
850	['y7lrp0gc', 'lgnhlxgd', 'dgnddq80', 'ajmelb8a', '8ruux4sw']
851	['qi1henyy', 'rpwmcqbg', 'dt2pew66', 'ragjcn97', 'yrowv62k']
852	['nrhk8ctf', '12yshnt5', 'ws3tfs1j', 'lclxe7i9', 'wt5qxe0j']
853	['7env0mf5', '9pn62o4p', 'b6lq0aue', 'm2id6kxw', '8s7ixxvk']
854	['b4supugo', '57qk34fx', 'cj7izin2', 'wl4n02rf', 'x6m7yq65']
855	['wgpty5w3', '9xpbwf9c', 'f07go7nh', 'qv89gci7', 'kca5r5hr']
856	['1l4o9pko', 'aakzdkcj', '407va85q', 'd21lvneh', 'lvydhfej']
857	['icejfmzr', 'pm3ck1gk', '1fr7j93h', 'of996ayq', '43alju3x']
858	['8lyipugh', '3bwqbe5n', 'ue58uvot', '1hlndwzk', '0ogmwreb']
859	['ok9o9tta', '4c7ug40v', 'cdr032lw', 'me4v1qyr', 'svgguadm']
860	['nrhk8ctf', 'lclxe7i9', 'tk0iwpnb', '8dc7andx', '755ym7vl']
861	['2rx84imv', '2f7wqamp', 'knbngla3', 'umvrwgaw', 'mnjy6bq2']
862	['k0eheo71', 'yc7cvbii', '6fpw6y8t', 'vnb7g17n', 'vgmzb03s']
863	['9h74xlvv', 'gywxvzm6', 'vn3g9qww', '69ly7gp4', 'jkdyo2zp']
864	['d2pzezq8', 'yo2lpdi4', 'y8ibpd1g', 'klqji8gj', 'sybr04qy']
865	['zuc538yd', 'eztw9tx6', '0g4naq14', 'uuy94dwa', 'llv66c9p']
866	['7omyaap8', '42wcyjuk', 'p703e396', 'jnmpyovl', 'tvzn0112']
867	['6l3coibe', '33znyrn8', 'kt47i60w', 'jfvq2gfx', 'ttl1ozc6']
868	['95zrth5d', 'q8l3ra55', '8xrccucr', 'f2zgrgva', 'm847xdzk']
869	['z22g03v4', '0oxo2awm', 'iuziorsk', 'sm0112e3', 'wmpjfc02']
870	['9nostuqg', 'vmmwtdia', 'xuqkhpn7', 'p196javw', 'klh90lvp']
871	['znswomwk', 'ngywgodg', '3a5965df', 'edz3up3a', '05djnz4p']
872	['1zuhilmu', 'xs7vkm19', 'txnegebz', 'icgsbelo', 'uoj3sclr']
873	['dt2pew66', '5zp3p2g3', 'jfvq2gfx', '748c97u7', '4pyx0xps']
874	['5o9bbspc', '2hbcbvt6', 'tdlcb9bf', '3bo4md44', 'h82r1ttc']
875	['gkf3wez8', 'mhj9o5z5', '20nozop1', 'qv89gci7', '8nx0ie5k']
876	['w1bx4a7v', '0mwz8kwo', 'u8mu4yga', 'y43prnko', 'w2c01295']
877	['9jsx2z6e', 'gxu62u9i', 'wnm89gfo', 'ub7ilx98', 'wz6446aw']
878	['wh3k3u28', 'ldmjcf2n', 'b870ftnq', '1a7ugd24', 's6b2zp99']
879	['a2xg7v07', '3oetrhdh', 'lvvw1npq', '08h4198w', 'u7tqolyi']
880	['vjvyjblu', '00ugdhvf', '3q36knqh', '6mfd3n4s', 'trrg1mnw']
881	['0bbxyyea', '2gjo4oqn', 'wb1apvn2', 'j5vhny44', '8iqs6jko']
882	['45y7jepy', '4ffyrw1k', 'dczcruim', '8pli09ym', '7dyhyruo']
883	['y7lrp0gc', 'su41e4vo', '3ls0po4k', '8jejswuk', '7axeex76']
884	['w1bx4a7v', 'w2c01295', '1s8jzzwg', 'u8mu4yga', '8je46886']
885	['2kh4iw8h', 'tmgmqtjq', '2fyo2q4n', 'l85fi3lf', 'j41c15mw']
886	['xqpsdc8u', 'in69fhw9', '1iqfm496', '5ojyly05', 'd19v8qca']
887	['tdlcb9bf', '5o9bbspc', '4pcv1i3i', 'f6nrqr1f', 'zu5mg2im']
888	['7a7oi5dt', 'gi21di4d', 'd19v8qca', 'in69fhw9', 'sni1e160']
889	['jbvsmuea', '35nshnn2', 'sgo76prc', 'vwrhypnl', '5zaw2iot']
890	['lsojoa7c', 'delciztu', '07niopag', 'pxnyi2u1', 'nd859o5r']
891	['trrg1mnw', 'a4babgpl', 'c7ci5w56', 'b1w9ns78', 'w3u3vmd6']
892	['gckr8h1m', '3qgwoblb', 'lf9i6x2i', '3l6ipiwk', '1tz7y2sh']
893	['iez1j9jn', 'nvphu1fm', 'm89wmmxd', 'moxjaxuy', 'nns4mkkv']
894	['mzekhyu0', 'vpoqfm7d', '97msfh4l', 'ebgu29uh', 'hp62t734']
895	['j4pgpxoe', 'tl39u0h9', 'ddwrvlc9', 'uexahhdr', 'h35we3mn']
896	['5iudn4kq', '5nr3j1ew', 'e4xw6gyp', '6ukt0gbn', 'rpjg4a9i']
897	['bidvx8hy', 'mlo8zypy', '0kqlxx26', 'ntra3jhs', '4hdj6mtf']
898	['dfl69g4f', '9rrlfnww', 'xxeyogwd', 'f35cqkpf', 'p21ph6ng']
899	['9n7bkayx', 'mlo8zypy', 'd7c6l97j', 'zjpxfd7c', 'ddwrvlc9']
900	['73i7h1wi', '0r46eacc', 'z9jqbliw', '8tipkksu', 'rtwr4a1w']
901	['4hmecfi0', 'jvgq2p61', 'entkqcn3', '8aosx41e', 'ksjkypzx']
902	['1pemhh4n', 'os0sslxc', '1fdnbq1f', 'dsfbmhbj', 'v7szuzfa']
903	['pxwwpfos', 'z807g8i5', '3rxsplrl', '56rn6d6o', 'z1gnvb6i']
904	['493uvn41', 'y07xjnpe', 'fcdwitxy', 'y2715f19', 'grx4gx95']
905	['pibg1iw7', 'yjsxen4d', '7axo7k51', '1n0qw2a5', 'wku1sd9k']
906	['811lov8f', 'q41elfwt', '0w6ddykt', 'c5fn8t7f', 'k2f667sc']
907	['b8ipstv2', 'vuxxerob', '91gytlg2', '6qai5sev', 'r5552ql7']
908	['c6svgwoj', 'mm4kgvt1', 'cv7tb3u1', 'p0n2ys3m', 'xmjj1s5s']
909	['v6w9mlsa', 'cvxni7cd', '57qk34fx', 'ipon95io', 'y1gt6bfu']
910	['nz5r48y1', 'zvlbs4cc', '555e3ndo', '8w2t6u96', 'qfq1nfcn']
911	['edvyp1fs', 'nah1utm8', '5al7jmeb', 'l85fi3lf', 'a7frertc']
912	['uohbxoeb', '0bh8i14e', '28lojtvu', 'onjgfr4j', 'a40yhtqk']
913	['5dk3pslc', 'zkgfuub2', 'es8l29ub', 'lty6oq3d', 'qnuphz59']
914	['y7lrp0gc', 't1vom8f3', 'jpenhh92', 'ii3di3dz', 'n5ogyxz7']
915	['2ytec133', 'isniqv6b', '8r6hln9b', 'xavegbty', 'hm332jqo']
916	['4pgish5x', '8gh3q7p3', 'jfdshwfh', 'qowp861l', '0loj2fsm']
917	['n3yuvf8v', 'qlwergum', 'wxhbwcfr', 'wt5qxe0j', '9bhi3rqu']
918	['vrl9gtcp', 'xwghd9ut', '2vs7geu6', 'm4fcw7lk', 'uk67ac2r']
919	['52qpcg63', '6yztqdt2', 'i6mdlf36', 'fnedip6k', 'd0lulco7']
920	['lfqi7jsa', 'lae18d0l', '1oiqa5zg', 'usi65ft4', 'du9q962a']
921	['i0swl50w', '39nzvid1', 'gttuxtw6', 'mfp9jbti', 'gha1wg4w']
922	['znpc5jq2', 'lorpo8uk', '32z7b3fp', 'jv3u1c0e', 'h7hj64q5']
923	['4hdj6mtf', 'n0actmsc', 'm89wmmxd', 'tmp6yxlv', 'rgmurgbf']
924	['go0tueah', 'tu1vevx9', '9rhydy8u', 'x220pjeg', '33wpjnko']
925	['05vmhjjp', 'gbgcfa2o', 'la2wvnb0', 'np1y2fkt', 'b5eve7re']
926	['at5pcnrq', 'hqkrer9m', 'x4mgnhbg', '7esjlc7i', '0n07fow0']
927	['n9aqux5a', 'a3i3t6od', 'ashxoaav', 'kt7km3jb', 'j1kzjre0']
928	['9gnqfmbq', '8wyfvk1k', '8l2zo1nm', 'yadb7gwj', 'hzv51czu']
929	['fp81ceeu', 'w3gt0w41', 'omk29wlq', 'xmjj1s5s', '7ddw02f7']
930	['c18arb6s', '1tmqe3xf', '3724854p', 'vo6jdb65', 'a3i3t6od']
931	['42t0zriz', 'yx3j6373', '20nozop1', '5tpkcd5z', 'nvqv99ak']
932	['t0xn40r5', '5iwgutxo', 'nagj4wh8', '1a5oy6fr', 'wbk363w1']
933	['yu2qzp18', '5s1uj2qi', 'u6a65x9h', 'vpih1wvs', '0h2x79ye']
934	['0z7ey1nm', 'k5jkntul', 'jqueo6zg', 'bre2ijbb', 'p42w7vjf']
935	['mg9kypvn', 'wt5qxe0j', 'hbyxy4ln', 'xxm6o1l1', 'wz6446aw']
936	['ekgqdjlk', 'd0nacth6', 'vfcp8h1n', 'dayqtzfq', 's529slm0']
937	['dgnddq80', 'z22g03v4', 'wmpjfc02', '0lk8eujq', 't1vom8f3']
938	['7tp8z7n8', 'h7vqmlq9', 'x14iywtr', 'bu59aji5', 'soa71kwx']
939	['roe6g61u', 'fub50lvt', '407va85q', 'ivy95jpw', 'nz976qc6']
940	['13vixukm', '6j45mmjh', '1w3x0g42', 'fgj2lvbg', '6a728le9']
941	['terj0odi', 'jdob76wp', 'ybaxa1vg', 'cfhu5246', 'hqjphv5g']
942	['35vfjer8', '9xpbwf9c', '387spphe', 'mp1z0269', 'dytcppg2']
943	['09vzcqyr', 'gobik7kl', '611ih9pl', '3ybiysp4', 'gwaqh4dd']
944	['0qy6hcgp', 'hcw0cisk', 'ivy95jpw', 'roe6g61u', '3ls0po4k']
945	['hhq50mrc', '9mmdtgc2', 'jlnt1pdd', 'dqg6ecxj', '5lqjmqu5']
946	['os0sslxc', 'xigbp7vh', 'd1p8zo23', 'bh8zshy9', 'xj65j05e']
947	['a3efmczu', '0474ggrt', 'vjtwipu9', '9txgtl28', 'mfpgbqc8']
948	['6ys3uogb', 'yamabj5e', 'edx9z9oi', 'hdhpmhaa', '1n5750hi']
949	['zv8xt1dd', 'r07mv2ka', 'zqekxlz9', '5upb25gt', '8r8586br']
950	['g2j4uqem', 'sdf0ozz1', 'k30wvnx8', 'mayhg4jq', 'q0tu1pja']
951	['xcsl2evz', 'mw0wb8a8', 'a17tumo7', 'rlpzejjt', '29ph2eai']
952	['q54el8tf', '4iuxm6z2', '3ul4yoec', 'uyo1rpx6', '7t7ho26v']
953	['3qvh482o', 'nksd3wuw', '00ia8k0b', '5hxsagx6', 'jrqlhjsm']
954	['rcrok8lr', 'in69fhw9', '3igk81h8', '8vx56qlk', '5ojyly05']
955	['m41w2007', 'ysf5k0ky', 'mfpgbqc8', 'yuw7dvcn', 'jnwuu08w']
956	['8zufbeuz', 'xh723tgl', '28lojtvu', 'x7ybnese', '0bh8i14e']
957	['65fwicjz', '9miesbf1', 'bxuwx1jj', 'ch7nna59', 'ga8usnni']
958	['hunepli1', 'vrujbyet', '12yshnt5', '7d6snq1v', 'ws3tfs1j']
959	['a40yhtqk', 'vrjibtfi', 'iali360u', 'mjb3ip7a', 'glxt2q6f']
960	['umqcuul5', 'e9vvjv8w', 'wge6a6sy', 'psaq958v', 'xee6npr3']
961	['d8xgzvda', 'fx2oly7c', '9s98t4h7', 'gv8mngz9', 'pxulu0hl']
962	['h82s5xst', '2w68g7cv', '20nozop1', '7xb7hj9u', 's44gtutu']
963	['iu4p5k0w', 'e9xx6mhg', 'wcq3qqt4', 'nz5r48y1', 'bmgfoine']
964	['56zhxd6e', 'ttl1ozc6', 'ixvtt3g8', '3oetrhdh', '0cazn46i']
965	['o476dtgd', 'zd7a5v4q', '39oo7vnq', 'g0za5fqi', 'odxve47t']
966	['2ojy0mvo', 'x9veckdi', 'ohuw75ii', 'b9uc5gpv', 'go5a3i4c']
967	['mncip6jj', '4888p05u', '6l4le1pq', 'soz9p0yd', '4fkg2pfm']
968	['q8dl0gcc', '90dvjv32', 'gfb11r1i', 'yr7ow4m4', 'y62zkfom']
969	['rlo0sub7', '7yocj24n', 'ud8nmm7w', 'ux8jqekp', '08p8ns2d']
970	['kmuwb9ia', 'unbx6od5', 'vcl64usu', 'hhq50mrc', 'jlnt1pdd']
971	['08u566ia', 'relolneg', 'ehszmbnc', '597wavq2', 'ps5crd29']
972	['aaxhrecp', 'znainceq', 'mayhg4jq', 'gpbcwdz0', 'ndhhy1xt']
973	['3l6ipiwk', 'qh6rif48', 'fiicxnty', 'u5iqcw74', '2h4cat6k']
974	['8rvhqd9b', 'zbr3kfv2', 'a68y6qsf', 'nles7ymd', 'u95kg3m0']
975	['i6u1x0xq', 'rytalfyx', 'p21ph6ng', 'bs5hcx6l', 'dfyshke7']
976	['h8tv2u77', 'v4y49n7i', 't0xn40r5', '8wyfvk1k', 'q732eylh']
977	['7wu8bfo4', '7qz1o6aa', '4hdj6mtf', 'trlni6iq', 'v6jjzs7i']
978	['xnrb0byz', 'fub50lvt', '28lojtvu', '407va85q', '8o2xddof']
979	['lbkjxws4', 'b5eve7re', '35nshnn2', '8l5i1z27', 'sgo76prc']
980	['otp1atui', 'h82r1ttc', 'ktwazcrd', 'n5ogyxz7', 'pzqmg22v']
981	['n5ogyxz7', '7lx4w75b', 'lrgmyfjs', 't1vom8f3', 'iz74o9de']
982	['v8m7cszi', 'ex6dyr77', '5c8im9ci', '34eot3zh', 'd3530i86']
983	['9qsqj91d', '9hpkmjvu', 'y6zisciu', 'pp373xuc', 'gjtefdxb']
984	['gbf8beq4', 'c4m63cr3', 'h82s5xst', 'w04z2f0q', 'a3fvifax']
985	['ltet5qu6', 'ebgu29uh', 'hp62t734', '37gpov43', 'ohyvuybc']
986	['eie9cozf', 'm79zl7ka', '5aia1f36', '5nt99kyu', 'pmd1n2l1']
987	['js91utss', '630w2rtn', 'fbtyz7tk', 'emg87q94', 'r7s2ezb4']
988	['8p81kc9z', '5wby3shp', 'l1rnnebt', 'e9vvjv8w', 'jj2baaph']
989	['7g7sgabs', '52qpcg63', 'rhphldyp', 'edvyp1fs', '6eivv0d9']
990	['z807g8i5', '08bw0h8m', 'wuazkwsi', '8lyipugh', 'e0pbs354']
991	['lwpvyy49', '97msfh4l', 'mzekhyu0', 'vz8eu3vc', 'ebgu29uh']
992	['jcq5omdq', 'd4p5r746', '3jyokb6c', '7objlrqa', 'dij3wy6q']
993	['fiiyythk', '3ubithu4', '8qml9rrb', 'ld7lhdi1', 'yx3j6373']
994	['b88nilfd', '8hchfgx6', '0clp6zt6', 'qbp5nid8', 'uhkff67h']
995	['w01dub6y', 'ryfz5xsj', '1blzi9r3', 'c7g2ah72', 'o4ruio2m']
996	['lclxe7i9', 'tk0iwpnb', '12yshnt5', 'b0wy5zz4', 'nrhk8ctf']
997	['kgggepu0', 'g0wujywh', '9jsx2z6e', 'ub7ilx98', 'rckwiqgb']
998	['t1vom8f3', '3bo4md44', 's1hmhupe', 'tdlcb9bf', 'zu5mg2im']
999	['52qpcg63', 'pvsox183', 'sr9qxnu2', 'o68mentl', '66m524kj']
1000	['rlr17nah', 'kl3mfkoh', 'bqdvx458', '33znyrn8', '0shy9q2l']
1001	['p40x3cxr', 'j8666ial', 'okfsy72o', 'jfdwo189', 'wc2z79n5']
1002	['apfimvix', 'ebgu29uh', 'hp62t734', '32ut5vr7', '2w80hys9']
1003	['55yxh5er', 'e6miaabh', 'h00mbgsq', 'tb8k979g', '1t78tt1s']
1004	['74o2xil2', 'vgmzb03s', 'zuh32ept', 'uckqx5c6', 'jfeamjqu']
1005	['viubj28a', 'hygxwl2f', 'ty41xob0', 'lbpjwudb', 'ulwirxeu']
1006	['plzklj7c', 'b4mjo92p', '9ixpj162', '9e6g15iw', 'v5beddu4']
1007	['3v8lijcn', 'terj0odi', '1z1tces3', '56uzzrh8', 'fm6lf66a']
1008	['5upb25gt', 'e0a1t2ig', 'p196javw', '0uoiifs4', '8m59whf9']
1009	['zjpxfd7c', 'ldyumgm9', '5lqjmqu5', '41uuzzpg', '3w5ouagx']
1010	['krg8jvfz', 'u66awao9', '9kfs73sr', '4pyx0xps', 'lhe82at0']
1011	['h6imcb1b', 'adhj5e5s', '3jigt8mk', 'cv6no7nw', '24ie3mhq']
1012	['039k70vs', '1nqbqmum', 'uliopaz0', 'baodjrw2', 'n3xm6c0y']
1013	['9dlaaye8', 'a8065dca', 'hj3xxwru', '1cpjqav4', 'qw5rpzws']
1014	['w3gt0w41', 'umqcuul5', 'st67fvgk', 'mpkli2xf', 'a66sszp2']
1015	['24u6q3ae', '43c1vind', 'yy77zuu4', 'cgc0v1dg', '76aij6sx']
1016	['33wqmdnk', '0yysikc1', 'ej7pj7d2', 'hwg0lthr', 's1olwzxi']
1017	['gw9hkw00', 'ztxfa5b8', 'ocxl6cf4', '582ts5mf', 'cwekmw1a']
1018	['q5veu992', 'vjubia8r', 'fqya0vnh', 'l4u01fzk', 'r4btmprw']
1019	['z94005i4', 'acyexmyq', 'flvz7qni', '1tz7y2sh', 'g36nudpa']
1020	['3jrb0sn8', '91gytlg2', 'fe72aj3a', 'vuxxerob', 'unql24hw']
1021	['tyk4479c', '8ko7mmu3', 'uuojkhn3', 'at5pcnrq', 'dxb6ulf3']
1022	['o74c8bxv', 'um51u84w', '3jn7tdaj', 'k2zrdjyo', '3v8lijcn']
1023	['txnegebz', 'eflwztji', '0d6sa9pe', 'u43jmpyx', 'hhq50mrc']
1024	['60la1jr7', '903pyh9v', 'asrkuts7', 'dcmlei8z', 'bcraqemn']
1025	['46r46ja3', 'kq0cu73r', 'ro3o27pv', 'gobik7kl', 'npe81wc8']
1026	['2fyo2q4n', 'f07go7nh', 'sem6z3ka', 'mzqo4wjo', 'ti5nevfo']
1027	['e9xx6mhg', 'f6l0hwyw', 'a2voobqa', 'iu4p5k0w', 'bmgfoine']
1028	['u8mu4yga', 'upiu3e2d', 'fj6l76hq', '4eak8e8l', 'w3ls1d7w']
1029	['y62zkfom', 'tl16qf33', 'aptnkqw5', '1t1sykok', 'ccxnsmia']
1030	['5z0xwlxp', '763v4duh', 'zl4ixyg1', 'i1yf8fgk', 'zue5hnal']
1031	['9oui0l6v', 'yidait6a', 'e1macqqm', 'rmho6pur', 'ppe8br4z']
1032	['fx2ikn2t', 'du58xx7k', '1bp33rmc', 'fjzhe9tp', '2iul5pxa']
1033	['oijl3pjt', 'b39i4v0t', 'nz5r48y1', '9ss25ozo', '3jrb0sn8']
1034	['c5zi5rzz', 'n6d6ebhm', '1l3b0hqj', 'delciztu', 'bxjmeqgp']
1035	['d8gx7xbj', 'z5493bye', '07a30kd9', '38d140wp', 'nc7ll3hh']
1036	['vszlmtf4', 'vqbs5ot5', 'tlr243il', '2y0sfjv4', 'roi3lta6']
1037	['8gh3q7p3', 'qowp861l', '0loj2fsm', '08p8ns2d', '5frs2nhl']
1038	['mo23hpe1', '186wyg7t', 'ax3e82js', 'belhjr5e', 'iali360u']
1039	['9f5szh9i', 'vmmztj0a', 'po32j519', '8xvqq5eh', '9452kqc0']
1040	['9anlwi27', 'x4zcpr02', 'q8dl0gcc', 'bnrmh1qs', 'w7wdq05u']
1041	['8r6hln9b', 'mt8h4rk5', '0xhho1sh', '5fg1keua', 'ch7nna59']
1042	['mlrq0rjf', 'zv8xt1dd', 'lxbnwed0', '3kjckx8o', 'iz5uzizo']
1043	['sok0cyd3', '8acldtv2', 'mx534xbx', '3ss714ha', 'k9xhphpl']
1044	['yrq57wgs', 'c7ci5w56', 'uxz185vr', 'kt615lm4', '82y56t7d']
1045	['y12veqre', 'm847xdzk', '6buxpp8x', 'dij3wy6q', 'a7eabvvo']
1046	['jm4dmnxz', 'vbnke2q5', 'qy4gsvac', '4i19gysg', 'gg5c8v7d']
1047	['v5beddu4', '9ixpj162', 'plzklj7c', '9e6g15iw', 'b4mjo92p']
1048	['gtbegs4r', 'nksd3wuw', 'jrqlhjsm', 'q93luiw2', 'hg3xpej0']
1049	['x9sfgtim', 'ropgq7tr', '0clp6zt6', 'h7ftu3ax', 'w0ebmg16']
1050	['b2iit1ef', 'b1g23kz1', 'gme1zk3n', '0041cay9', '9adtbwp2']
1051	['g5h4tazp', '3x46ynqh', '7gj2cl8r', 'q8dl0gcc', 'lae18d0l']
1052	['niw61l9r', 'qe8mxow7', 'oyplh9cn', 'l4u01fzk', '78qsuc5l']
1053	['2tbmajid', 'ucmzbezx', '7as9f1n6', 'bf42staf', 'se8tzya3']
1054	['8x9fc130', 'y10k2cvc', '6frn41zd', 'efox6z5q', 'c136gh0b']
1055	['t0s5ufzv', '2egb0ftb', 'i34erq0e', '7mjdacqp', '4ztasd7r']
1056	['73i7h1wi', '0r46eacc', 'z9jqbliw', 'cqv2cv9r', 'sw5eecvq']
1057	['7pbrnn2g', '1a7ugd24', 'qcssljgq', 'u43jmpyx', '65wgqxt5']
1058	['lxdcelk1', 'e4xw6gyp', '0i12e4tn', '8yg1d3ft', '7j7u4sv3']
1059	['uuy94dwa', 'e5flh0af', 'hcooar1n', 'd8gx7xbj', '1n5750hi']
1060	['p5ceve0x', 'b0qj7tck', '8jejswuk', 'l9hqalbo', 'dgnddq80']
1061	['upiu3e2d', 'w3ls1d7w', '1aqf98e0', '844229sb', '4eak8e8l']
1062	['tzp03hmr', '2tax8ajw', 'mcw3ir3a', 'aceu86at', 'su028g3j']
1063	['zpqgz95r', '39mfts0g', 'b870ftnq', 'axy3jx7l', '9miesbf1']
1064	['24u6q3ae', 'bw6a5gmy', '64sdgroi', 'xnxn506o', 'znswomwk']
1065	['ffy19pp9', 'stc36og1', '2lanvyia', 'v1qj47sa', 'lp0r7j5c']
1066	['0bczgiyy', 'nah1utm8', 'edvyp1fs', '40fvjskj', '17km3arw']
1067	['mhj9o5z5', 'wxrv37ec', 's3o9v1fl', 'csineyi6', '6273ddzc']
1068	['7wu8bfo4', 'h8c8lc0a', 'n0actmsc', 'edvyp1fs', '08d9t9ex']
1069	['kyt14ufu', 'oqz6i77n', 'sjsaw6yv', 'zctjkag0', 'hbyxy4ln']
1070	['w2c01295', 'ktjhr028', 'fep6qm4d', 'xtmn1n0r', 'x51jorbm']
1071	['wt471v5k', 'wv2gzahy', 'nvqv99ak', 'cj7ygzfy', 'llqpfhwg']
1072	['v7ckvxjp', 'solieify', 'p8xpavbg', 'lypptk1l', '32ut5vr7']
1073	['t4y1ylb3', 'dgkutcie', 'la2wvnb0', '7a543f7v', 'np1y2fkt']
1074	['qalficgu', 'gnhvvpn6', 'h8tv2u77', '0r3l3b88', 'wbso4fci']
1075	['089b1z4b', 'eszhtrze', 'pfbgojxr', '21qgukm1', 'gc9eg5j3']
1076	['d0cd89hs', 'r09wzv43', '5kchpjx0', 'edr7hrhp', '4cqf9v2v']
1077	['6frn41zd', '550ik6bk', 'nles7ymd', '0b1dbz6q', 'zbr3kfv2']
1078	['xwkdz2jm', 'h85c49cv', 'awb1stsr', 'sywxrxmf', 'ttytoz3v']
1079	['zew4tzy7', 'eq5qqshb', '1ihib857', 'vww8d1ew', 'd2s3170w']
1080	['mpe2qs0h', 'x7qlnugx', 'gtbegs4r', 'ovzn7eaq', 'b1g23kz1']
1081	['vtagfrds', 'z18owc90', 'rob84q03', 'tve01g7i', 'tqpvjhb6']
1082	['ukrm4ow3', 'sr9qxnu2', 'cpc1yefj', 'uexahhdr', 'w9zyshzb']
1083	['e5y8pp5b', '5txhcr7h', 'cymppa7g', '5vpnmw3f', 'po32j519']
1084	['zdxg7bnc', '6ulvk9hv', 'i3jsvtwp', 'fynl88p5', 'xoduxbst']
1085	['ohfi48d6', 'o7ww2prj', 'fub9kiay', '13vixukm', 'vxavox24']
1086	['me08w1ir', 'hhq50mrc', 'fypodr9a', '6mzqk12f', '54fmvcl5']
1087	['eauby68p', '5f95gve3', 'dyxfsojh', '7a7oi5dt', '918wd3ez']
1088	['i9leac6w', 'mena480g', 'n1ht2eb1', '66g5lpm6', 'z43p1dmf']
1089	['vbayngh0', 'myeiu66g', 'zuz2992q', 'l19nsvun', 'trlni6iq']
1090	['feirpfzy', 'nbqukjzv', 'unx1pv2k', '0iy8clcm', 'yztfkwkc']
1091	['xof56j98', '8dobncuw', 't97pdl4u', 'x7ybnese', 'mdmfsclg']
1092	['q7pieq3w', '46y1pa7o', 'mcmqx7og', 'ptn9ntoq', 'lbkjxws4']
1093	['xshqu7qm', '41jqgsv0', 'a7eabvvo', '8xrccucr', 'if4c0h8a']
1094	['nah1utm8', 'mp1z0269', '0klbjvrj', 'cgl7ne0v', 'edvyp1fs']
1095	['zu5mg2im', '2hbcbvt6', 't038136e', '0ojzssli', 'tdlcb9bf']
1096	['h1mo3bs8', '9cds5g5u', 'mxg2q1vd', '1uabldiq', 'jqwoxfsc']
1097	['ordof7g5', 'm2z6k2va', '9hpkmjvu', 'uhkff67h', 'u42d1p1j']
1098	['lr20prun', 'f4jx3b2q', 'a2voobqa', 'm2z6k2va', 'gjtefdxb']
1099	['aqke0012', 'lai0otkm', '4sq7t6hg', 'mdsjbfmx', 'yx3j6373']
1100	['4gof1yl8', 'o1xkgkn1', '1ov3eydq', 'dt8h6a0v', 'ultl3rpu']
1101	['5aev7ltr', 'oud5ioks', '26kx1b0h', 'gbpfypmn', 'cabmmgg6']
1102	['bmmdygbs', '9pb2eqoa', 'sxi0tpsf', 'w1bx4a7v', '5b9jytph']
1103	['gdyntyxk', '1ov3eydq', '41xkwg1w', '8q2gdy5n', 'ktjfs3s7']
1104	['lbkjxws4', 'vwrhypnl', '35nshnn2', 'la2wvnb0', 'ngpl6xs1']
1105	['405wbjmq', 'zj0yxy2z', '0sac2vic', 'wrsk5vh9', '19d29mnp']
1106	['xtraspw2', 'umvrwgaw', 'w0ebmg16', 'sxi0tpsf', 'h2sza0if']
1107	['h2vct9h5', 'bwsmncpg', 'r65nbmgs', '5d1131zt', '66obkrxp']
1108	['me08w1ir', 'td8uwcas', '6mzqk12f', '54fmvcl5', 'fypodr9a']
1109	['5ckds66x', '5tpkcd5z', 'i5vlkqvr', 'eubmiblw', '8qml9rrb']
1110	['81pr5etw', 'f64tksb4', 'ohuw75ii', 'go5a3i4c', 'rvfxcqvu']
1111	['46y1pa7o', 'yx0u0iyw', 'zl4ixyg1', 'dt2pew66', '0mwz8kwo']
1112	['ajmelb8a', 'lgnhlxgd', 'et1ekgdl', 'y7lrp0gc', '8jejswuk']
1113	['w01dub6y', 'cht8xf0x', '13vixukm', 'fub9kiay', 'xuiswu2l']
1114	['mxg2q1vd', 'vw8a1994', 'icz0wnfb', 'ko42qlzr', 'h6b8xuvs']
1115	['lt51utjm', '3i82sxk8', 'ahxldfao', '811lov8f', 'imte5ong']
1116	['awb1stsr', 'hltkddac', 'km2uxj9p', '9o2lai1g', 'ysd9pmq1']
1117	['z4s7u17l', 'z6sjfdb9', 'gckr8h1m', 'krg8jvfz', '25bdifv6']
1118	['kfsuiz5t', 'myqli11j', 'xp2qkk52', 'eo8rbcy2', 'bnzb1yon']
1119	['s6b2zp99', 'pxwwpfos', 'qkg8fwbp', 'lzsbte0j', 'b870ftnq']
1120	['m9i9gu5g', 'pjllicm7', 'uxz185vr', '42i1i6br', 'oz047qmf']
1121	['0xo6nt7n', 'hcooar1n', 'myeiu66g', 'zuz2992q', '12th7nja']
1122	['zghh0zbd', 'p5ceve0x', 'j6vs6izt', '5vvyd0wx', '8jejswuk']
1123	['0xhho1sh', 'osct0lj6', '7momt81r', '9pn62o4p', '08bw0h8m']
1124	['4uqgpb0w', 'ji3s6rnu', '4seogrqq', 'eo1uz3g2', '6nsoj5we']
1125	['uc0qkegm', 'tdjkkeh2', 'j1o86xp9', '304aayyq', '1r2uvoqf']
1126	['7uoia564', 'whinvawl', 'fvcyqzgb', 'unx1pv2k', '2zbm4iwn']
1127	['ruegzkoo', '2rqouaol', 'ohqr1v13', 'l3cisx2n', 'v0y734lu']
1128	['uexahhdr', 'cpc1yefj', 'sr9qxnu2', 'car394ou', '5dbuxvc4']
1129	['a6nbpta2', 'rgmurgbf', 'pcekcvwr', 'zjpxfd7c', 'ntra3jhs']
1130	['i6qoo03c', 'b4supugo', '2p3l08n7', 'vnijpl9l', '0val27ca']
1131	['ccat4lyb', 'd0pawki3', 'kwutlh8k', 'ntxr1ivx', 'wbcl8cj9']
1132	['hiw576og', '08d9t9ex', '0emibwp3', 'z807g8i5', 'h8c8lc0a']
1133	['7wu8bfo4', '4hdj6mtf', 'trlni6iq', 'h35we3mn', 'pkxc2219']
1134	['63en895x', 'mz1bof2x', 'lpbb4rga', 'w3u3vmd6', 'q5wiqpcb']
1135	['9jsx2z6e', 'gxu62u9i', '2dixw8up', 'ikz8ui8y', 'ws3tfs1j']
1136	['6entp07f', 'bgiyvqgw', 'ep9moftg', 'zjbyz1vy', 'ln6t374j']
1137	['cwqsbwaj', '164yx77a', 'd0lulco7', 'edz3up3a', '24u6q3ae']
1138	['7ld7hyaw', '29ph2eai', 'hzv51czu', '8wyfvk1k', 'vgffg4c1']
1139	['fo4ax1od', 'cf3l8uzq', '4pfzwcjt', 'mpthhazv', '7g7sgabs']
1140	['o3bp0837', '1k0xqhda', 'b2oi45ei', 'f5p37j7g', '3rxsplrl']
1141	['2e2s1gof', '86auifl6', '6x3qopgt', 'sts48u9i', 'ju87prqm']
1142	['jlnt1pdd', 'tmp6yxlv', '4hdj6mtf', 'pkxc2219', '35vfjer8']
1143	['n6ro088v', '6x33a6g6', 'i94boetk', 'ej7pj7d2', 'cu8ruz59']
1144	['j6uxowyu', 'h1mo3bs8', '9oxajwkk', 'lz8b60ew', 'bran54ku']
1145	['wubcq0xx', 'uyo1rpx6', '9f0bjknz', 'dr067qlf', 'opi8aa5i']
1146	['z807g8i5', '1zuhilmu', 'qkjieod9', '0emibwp3', '56rn6d6o']
1147	['lrgmyfjs', '5o9bbspc', 'n5ogyxz7', 'j0uojajt', 'mzon01fd']
1148	['isxasd9b', 're8fstqw', '0lk8eujq', 'a7eabvvo', '41jqgsv0']
1149	['ml27mexb', '9wnkmn27', 'fien6nra', 'aakzdkcj', '1l4o9pko']
1150	['c8rgn7e9', 'awzozt7u', '0e5gqepz', 'n6d6ebhm', 'cb3u1s7s']
1151	['nz976qc6', 'vrjibtfi', '407va85q', '3t7zln1o', 'fub50lvt']
1152	['iylmvmv3', 'gin90aef', '7zdi0y2s', 'e1mnj7bf', 'cnmawglq']
1153	['tah4bpj1', 'roi3lta6', 'tlr243il', 'b3ap3gac', 'gfjpsduv']
1154	['78qyuk5x', 'm40kwgcg', 'mt8h4rk5', 'tovfd9lw', 'yj3yisum']
1155	['b9evh1l2', 'xwghd9ut', 'zd8c1no7', '7kxi7px1', 'h3tor88n']
1156	['ix4zo0ha', '6j9x3pn5', 'g9btjkcn', '7ddw02f7', 'm89wmmxd']
1157	['h13p6ogs', 'wt6azxc1', 'xlscrlc9', 'w1azm2mc', 'hh37bsfp']
1158	['glpca9u0', 'kjl04qy5', 'p3dex2to', 'td8uwcas', 'ledopkwj']
1159	['7wu8bfo4', 'a3i3t6od', 'r2cx0nmw', 'h35we3mn', 'bdb9g77g']
1160	['5t16srpn', '0z7ey1nm', 'q93luiw2', 'if4c0h8a', 'bre2ijbb']
1161	['x6m7yq65', '46y1pa7o', 'u66awao9', 'umqcuul5', 'ks0zkp57']
1162	['jisznsr3', 'jpenhh92', 'ii3di3dz', 'a7eabvvo', 'x4mgnhbg']
1163	['yrowv62k', 'w0ebmg16', '8je46886', 'ximw03ej', '1s8jzzwg']
1164	['7aaiyppx', 'mup5hr7e', 'tb8k979g', '7auhiq44', '4img2we6']
1165	['4grqkn3u', '41jqgsv0', 'gk3wr6s1', '7esjlc7i', 'zdfx3zo3']
1166	['7hporv6w', 'o9me37ri', '35vfjer8', 'wh3k3u28', 'dng3ef3x']
1167	['us518bwp', 'klmhhvtc', 'eszhtrze', 'gdcqu3nb', '7o7v0ewg']
1168	['zpqgz95r', '39mfts0g', 'ss7tac1i', 'q6j7vy8u', 'jzm6nc41']
1169	['08d9t9ex', '08bw0h8m', 'b2oi45ei', 'p2gzup4w', 'htn03ms0']
1170	['h7hj64q5', '6xlk1n4e', 'park7t3g', 'f07go7nh', 'wfpojxof']
1171	['gttuxtw6', '0ul6k6uw', 'ijoyk390', 'ike8mgh6', 'pn516wom']
1172	['3i82sxk8', '0g3pro4v', 'byvsuvn0', 'nli8ccyv', 'i8jv5iqo']
1173	['znwa2kig', '8pislcjr', 'a54kdnxm', 'd1pgjtjh', 'tx2krngu']
1174	['umvrwgaw', 'mnjy6bq2', 'w0ebmg16', 'hf79cbuq', 'xtraspw2']
1175	['ltga2btq', 's3vaa0yc', '1iago9rr', '9wvlt53w', '4rsvcbnz']
1176	['zjpxfd7c', 'zzyibdy7', '4hdj6mtf', 'bdcwowci', 'qb1f03hz']
1177	['g2j4uqem', 'ib17jyva', 'kfjgy6wl', 'iur7s6vz', 'k30wvnx8']
1178	['4bu08m2w', '81c2mn2c', '09fmkhu5', 'yo2lpdi4', 'njpq3sq2']
1179	['yeowvvqi', 'mc77aqbq', 'nrc35akc', 'd3owu2ob', 'afm47u6d']
1180	['a7eabvvo', '41jqgsv0', '4ij9t0t3', '0lk8eujq', 'jpenhh92']
1181	['xee6npr3', 'bvzi49hy', 'xj65j05e', 'u4ntxo0y', '7hporv6w']
1182	['hgqohdct', 'bawgldfi', '3jgm3uhs', '4hmecfi0', '0ho4f5wg']
1183	['qqdcs77q', 'kt7km3jb', 'l6bnxi40', '7vh7d3p4', 'nah1utm8']
1184	['mjb3ip7a', 'wwjeu8ie', 'spfc0fc0', 'jtgpzrf9', 't7xaqtgo']
1185	['jhge9qy5', 'm2id6kxw', '53vvp3j5', 'p576v9du', 'c4ihkcyr']
1186	['yt7uqvno', '73b58lcm', 'cqz8ar83', 'u999bx7a', 'cvoef8qt']
1187	['1vcc1khg', '5chefvkh', '104lecie', 'seuh82zy', 'ch4ouyvj']
1188	['c4m63cr3', 'a3fvifax', 'rcp6xlpg', 'z9vjo98p', 'tv014ubp']
1189	['pdiyqdb3', 'fo9uq389', 'ewf1z1ee', '8ihlm3fw', '0igh53pl']
1190	['lm73oj21', 'onlly1ga', 'fub50lvt', 'l97yi8l9', 'nz976qc6']
1191	['u8mu4yga', 'zl4ixyg1', 'yrowv62k', 'w1bx4a7v', '763v4duh']
1192	['mz7b6ey3', 'fe14iohb', '3oetrhdh', 'vwrhypnl', '60en5zy7']
1193	['fgdzfr39', 'stc36og1', 'zaibt2fq', 'taz8f384', 'zkb1zbvq']
1194	['7kxi7px1', 'xwghd9ut', 'h3tor88n', 'wxxi37v9', 'zd8c1no7']
1195	['h0spcvjl', 'dp274ls4', 'qgwu9fsk', 'rtp9j01c', '6bwd99d9']
1196	['8x9fc130', '8qml9rrb', '5tpkcd5z', '3ubithu4', 'yr6z0eki']
1197	['tn8houmc', '2hkdhwaw', 's1dert6n', 'z8ajje2l', 'wehqqbjx']
1198	['kmuwb9ia', 'jwjualy2', 'nah1utm8', 'zi0cedd9', 'oap7i5ea']
1199	['ccj1dt86', '05i5j6js', 'qmip3at7', '213bme3q', 'ptnjbhtw']
1200	['edvyp1fs', 'jlnt1pdd', 'nah1utm8', 'kmuwb9ia', '2fsjqsiz']
1201	['3oetrhdh', '57qk34fx', 'sjkni2uc', 'b1w9ns78', '9pn62o4p']
1202	['ki93iltt', 'jmzjfwxi', '8brfph9v', 'zvlt168l', 'z33cg3nj']
1203	['isc330rk', 'edvyp1fs', '40fvjskj', 'kmuwb9ia', 'nah1utm8']
1204	['089b1z4b', '21qgukm1', 'ksbha7kz', 'l0l2ev29', 'x9lxyrgw']
1205	['uei4ovko', 'rj9k9awy', 'jk37ej4c', 'zq9ehv7a', 'j23pvlj9']
1206	['hhq50mrc', 'tah3jdw0', 'edvyp1fs', '6ntvbee3', '2zbm4iwn']
1207	['v3kzly7z', 'tzp03hmr', 'ju87prqm', '4iuxm6z2', '5zhjn3u2']
1208	['bl96upg3', '1omv4r30', '4bta1y3u', 'terj0odi', 'gpdr4gfh']
1209	['bi9fid5f', '7m33mjl1', '82wscept', 'vnsag9fc', 'pebu7w9m']
1210	['o61dn71v', '4ag4oune', '42wh36ge', '8qcovhtk', 'vrzl7h45']
1211	['zyrvgaql', '7097q0r1', '47d0wl98', 'hlulg3wf', 'z79x349o']
1212	['9n7bkayx', 'mlo8zypy', '4hdj6mtf', 'rgmurgbf', 'n0actmsc']
1213	['2mtuw7gb', 'hltkddac', 'itvjhlnn', 'df5n5v09', '5rhrd0s4']
1214	['35vfjer8', '11xjl53c', 'g2wpw330', 'aefzogn3', 'hzn3qus3']
1215	['4wi9lln9', 'cgdif7md', 'zd7a5v4q', 'u8t64wmg', 'q8o1czcx']
1216	['rhbqgjnm', '1r9975o8', '2bupc5jh', 'pi77smba', 'ai60maqz']
1217	['mg9kypvn', '0cam9ipf', '25jq098w', '01q4pu9k', '755ym7vl']
1218	['o4ri7t16', 'dt7hip0z', 'aodb3j1y', '6mfd3n4s', 'ls4qfvwq']
1219	['0n51j2jo', 'qxxn1zf9', '1m1hi735', 'kayh0v56', 'um51u84w']
1220	['a9lw6vrs', 'trpbkat0', 'y89e2dju', '3nrzupz3', 'tplp90or']
1221	['m89wmmxd', '6g7eeyjd', 'isc330rk', 'dpyz8uh4', 'bpv5wgm5']
1222	['3cr97dii', 'hpbcwiwf', 'i0swl50w', 'gha1wg4w', 'n5c0hcwn']
1223	['wvfw94n1', '29z4q4fs', 'nlnkgkjo', '53ts46vr', 'ljt9rn8z']
1224	['m1tv7mgm', 'zjnry1ny', 'xutbbxpr', 'z35xw2p0', 'rgmkszfp']
1225	['lzddnb8j', 'ix4zo0ha', '1a7ugd24', 'gzhc0x44', 'k10wpya8']
1226	['555e3ndo', '5jl2whuu', 'fu61afkg', '3jrb0sn8', 'unql24hw']
1227	['zdfslfmb', 'sniabjhu', 'zbgn4jct', 'ujq9mxk7', 'dntzzcue']
1228	['d21lvneh', 'xnrb0byz', 'dssikr5i', 'szxz9jve', '8nx0ie5k']
1229	['16ff3c7m', '2qwk2z22', 'xi3d70kq', 'embn75dc', 'u31ixcwa']
1230	['x9sfgtim', 'ropgq7tr', '0clp6zt6', 'h7ftu3ax', 'bmmdygbs']
1231	['t4y1ylb3', 'mldwnz43', 'kit7dfi2', 'r9yzx0pk', 'pq571myy']
1232	['wa5rxe76', 'dwtauu7f', 'i0bc6k81', 'rm6av6sj', 'jn1w8h2p']
1233	['hcw0cisk', '0qy6hcgp', 'kfn2q7wt', 'akbq0ogs', 'd21lvneh']
1234	['sfm82h0g', 'pc04eb8e', 'o78vcy90', 'me4v1qyr', 'yb6lmv1a']
1235	['gvp58frm', 'pvrp8u8n', '99rg8bok', 'b4hl6fnw', 'sljh3o2k']
1236	['zzyibdy7', 'gr14udp8', '02u91ess', 'nq79qw82', '5xki1ulf']
1237	['a2voobqa', '0clp6zt6', 'ropgq7tr', 'x9sfgtim', '7zngkwoh']
1238	['is9a77dk', 'hduwjbtq', 'bqn29m9k', 'r4btmprw', '0041cay9']
1239	['fteydbm8', 'b3doorzq', '81fv8lzd', 'w0j0n8mn', '2f9vpqej']
1240	['3p8rdaoj', '8i7v13e8', '8a3fp7ym', '9nicryzs', 'pquv37jl']
1241	['5dbuxvc4', 'q4m2uj6r', 'car394ou', 'ukrm4ow3', 'sr9qxnu2']
1242	['u89jd28e', 'h8ej5w6j', 's44gtutu', '5zzlhyga', '3r418rss']
1243	['582ts5mf', 't1ughb9b', 'bvzi49hy', '1k0qpuys', 'mof7tf6m']
1244	['wuojo19n', '6zjzy0ft', '4mblzyxk', 'b0wy5zz4', 'xigbp7vh']
1245	['jurqttdg', '9mmdtgc2', 'g266ttng', 'xd292vld', 'u6bgywat']
1246	['ldmjcf2n', '05djnz4p', 'j5erjttt', 'toy8i1lm', 'rytalfyx']
1247	['vw9jd88a', 'b6lbuvlh', 'krg8jvfz', '1hfvmyfs', 'eu1dgkw2']
1248	['nz976qc6', 'ax3e82js', 'vrjibtfi', 'fub50lvt', '2l883zhe']
1249	['b2w95zcb', 'an8957d8', '5xfgmi2n', '1xycng32', 't4os33em']
1250	['ximw03ej', 'w1bx4a7v', 'u8mu4yga', 'pdfl15fz', 'z86g8dzs']
1251	['34eot3zh', '0si51n85', 'xuiswu2l', '65fwicjz', 'jw713e2n']
1252	['08d9t9ex', '56rn6d6o', 'at5pcnrq', '3ss714ha', 'zz4cczuj']
1253	['763v4duh', 'tra5ewc5', '5z0xwlxp', '5vodag6c', 'zl4ixyg1']
1254	['rc6cza9r', '7lli72ph', 'v9fz02es', '0vwspd6l', 'b3ap3gac']
1255	['02u91ess', 'zzyibdy7', 'ipon95io', 'tmgmqtjq', 'fatm351r']
1256	['407va85q', 'iu5ndsxn', 'hcw0cisk', 'nz976qc6', 'xnrb0byz']
1257	['32gnw4sv', '13kzv4b2', 'uzry86hi', 'ppsk31u8', '1ke7wisc']
1258	['7xt894vr', 'n6d6ebhm', '9x9toshx', 's7wykoze', '46al6phc']
1259	['bshcsfxr', 'y502wp0u', '2pufns7d', 'il4wa97x', '35fnrje0']
1260	['jrqlhjsm', 'hg3xpej0', 'x3q2dgdu', '0rrhgz26', 'xn2zi1uq']
1261	['me08w1ir', 'qq46f7fu', 'apqzyln2', 'ko8lyoob', 'osct0lj6']
1262	['ismkry9r', '236otwxj', 'osrqh33g', 'io9ggpf6', 'kojb8efv']
1263	['vgk1sgcp', '6g34qwer', 'bre2ijbb', 'k5jkntul', '0z7ey1nm']
1264	['yfpioqi5', '0bjl60gl', 'b0qj7tck', 'zuc538yd', 'xgfk6txz']
1265	['v14gqr6q', 'd6qr2abi', '9bqr38q3', 'tra5ewc5', 'gdyntyxk']
1266	['gg2swy7i', '9oui0l6v', 'e1macqqm', '35vfjer8', 'yidait6a']
1267	['pfh6nm9r', '7a7oi5dt', 'taz8f384', 'mi6bdisx', 'nosh8awp']
1268	['jzosdlu7', 'w45ih46q', 'wqicq5ry', '236otwxj', 'n2kn7o67']
1269	['iff8cuum', 'xcomjvaa', 'fatm351r', '7xb7hj9u', 'k1adcls8']
1270	['hhq50mrc', 'lbkjxws4', 'la2wvnb0', 'ga1fks7l', 'np1y2fkt']
1271	['7n6pva1l', 'xld7ztx5', 'jvo0nk3w', 'xxm6o1l1', 'dudc5eh8']
1272	['pxo11hwp', '6ndqgxy8', 'an1wfsvk', 'wkl3jyzn', 'x60fkihk']
1273	['bw6a5gmy', 'ufzjvdho', 'jo489zm2', 'l0b99hye', 'r7kvv48s']
1274	['mzekhyu0', '37gpov43', 'wa5rxe76', 'vpoqfm7d', '97msfh4l']
1275	['jgq968f6', 'qtzhfnr6', 'l9lni5d3', '56rn6d6o', '3bwqbe5n']
1276	['t038136e', 't1vom8f3', 'et1ekgdl', 'b70zywkw', 'h82r1ttc']
1277	['feovbv3v', 'vxv7pq8v', 'z8ajje2l', '4888p05u', 'dvu4mpl1']
1278	['cabmmgg6', 'lm73oj21', '5aev7ltr', '26kx1b0h', 'uohbxoeb']
1279	['trmwm9qq', 'dfch7enk', '9jsx2z6e', '9aw78s63', '4i19gysg']
1280	['pgasbdpp', 'yqx0xqz9', 'pmd1n2l1', 'ogrlupbx', '8a3fp7ym']
1281	['uk6whrhz', 'mtq19xku', '5frs2nhl', 'x6sdpk6v', '4pfzwcjt']
1282	['0a1m1niu', 'l4zku2e9', 'n24k9s1s', 'kgt61kcu', 'k30wvnx8']
1283	['xs0kxf25', '0lk8eujq', '36flecmg', '8xrccucr', 'y12veqre']
1284	['hltkddac', '5rhrd0s4', 'y9urkfnt', 'kp4j9snc', 'z7r4n0w7']
1285	['nj94rv6f', 'osct0lj6', 'mvm1t0y7', 'uk67ac2r', '56zhxd6e']
1286	['ucmzbezx', '1itor6ic', 'wyn09ag4', '05m6gs19', 'spiud6ok']
1287	['au78rob2', 'yagu9ab8', 'mhj9o5z5', 'y3c478hf', '8nu8qsdq']
1288	['089b1z4b', '21qgukm1', 'x9lxyrgw', 'eszhtrze', 'pfbgojxr']
1289	['hb3wcm04', 'q9qtteqs', '8hvve871', '925f5ucu', '1w3x0g42']
1290	['rng65ofx', '8vx56qlk', 'ko42qlzr', '6akx6xpt', 's7z1l3a9']
1291	['gkf3wez8', 'tah3jdw0', 'vnnnevrl', 'fy5dqqt6', 'hxh085w7']
1292	['vpih1wvs', '6xxm7hcs', 'fgj2lvbg', '3sqy16rs', 'ky5env7t']
1293	['zd8c1no7', 'gfb11r1i', '5f5npz07', 'lae18d0l', 'auiod44t']
1294	['7wu8bfo4', '0d6sa9pe', 'nah1utm8', 'h35we3mn', 'a7frertc']
1295	['ronhrs29', '7keaoi4d', '3jv5djco', '7mjdacqp', '4gfh3d6z']
1296	['lvrdgpyr', '5zn5mgi9', 'od5nnxvg', 'vdgu6h0a', 'gqwwfpch']
1297	['mkl7rvr6', 'k42xr256', 'y047cuxp', '2fokjcjr', 'oijl3pjt']
1298	['dgkutcie', 'd2fc2kw5', '19skljon', 'l72grjbg', 'y98bleop']
1299	['hkk23tqt', 'z92xqedn', 'nli8ccyv', '2w6p6jji', 'vgffg4c1']
1300	['x0cs571f', '8s7ixxvk', 'jy20xtwx', 'q58dzxwc', 'vkxf3gha']
1301	['8iqs6jko', 'sxi0tpsf', 'hf79cbuq', 'umvrwgaw', 'w0ebmg16']
1302	['me08w1ir', 'gbf8beq4', 'lbkjxws4', 'p2gzup4w', '6mzqk12f']
1303	['aqcllik0', '8qml9rrb', 'yj25zkx6', '5tpkcd5z', '98t617oo']
1304	['2iul5pxa', 'h5fvf5ja', 'nxh1su1i', 'b77xif4i', '4sq7t6hg']
1305	['r2cx0nmw', '45qyz490', 'y6ufb4l6', '7wu8bfo4', 'pvsox183']
1306	['mcmqx7og', 'met50keb', 'at5pcnrq', 'ohfi48d6', 'y07xjnpe']
1307	['yx3j6373', 'ju87prqm', 'w7o2r4g1', 'z68tl88x', 'llv66c9p']
1308	['4bbngq0z', 'deezca5z', 'b4161ynv', 'uo3ww8j4', '32ut5vr7']
1309	['lt51utjm', 'q5veu992', '3cl3q80m', '00ugdhvf', 'vjubia8r']
1310	['umqcuul5', 'me4v1qyr', 'w74mx03c', 'hinu974s', '7xnga86x']
1311	['p9c3g251', 'i4p0n7d6', '1tamgmzm', 'mpe2qs0h', 'lt51utjm']
1312	['2hbcbvt6', 'tdlcb9bf', 'zu5mg2im', '5o9bbspc', 'o8gdpf0i']
1313	['plzklj7c', 'cwdtyr1v', '4z8i83p4', '9ixpj162', 'b4mjo92p']
1314	['k450igys', 'go0tueah', 'osh3deg5', '5q49qq42', 'mo4luyx6']
1315	['nah1utm8', 'cnz7jlw4', '2scp98u0', 'wpuf4ofo', '3mvia5c8']
1316	['x6m7yq65', '57qk34fx', 'nc0fbytt', '5xk20hs5', 'i0wbfhu0']
1317	['v5beddu4', '9ixpj162', 'k36t200n', 'plzklj7c', '9e6g15iw']
1318	['nz976qc6', 'lm73oj21', 'iu5ndsxn', '407va85q', 'fub50lvt']
1319	['0clp6zt6', 'ropgq7tr', 'x9sfgtim', 'sxi0tpsf', 'u8mu4yga']
1320	['x7ybnese', 'ydh4ve24', 'uj5deryi', '3ncm8iwb', '8uxvqspp']
1321	['fiiyythk', '3ubithu4', 'yx3j6373', '9ex61dl5', 'ljlsvc9h']
1322	['htlvpvz5', '2pqac8yt', 'lns8to8n', 'rm0zbgfm', 'bnkggl84']
1323	['9v6f2274', '9rxv6fy9', '56spbdvd', '307rt03e', '7bvwlis6']
1324	['g5uu01aa', 'tlknj4hm', 'ep9moftg', 'yhmcx7ae', 'pyz2tnhk']
1325	['eu2vjpw9', 'srfypn7j', 'q1mq5f2t', '6zfpcm4j', 'v1ei9im8']
1326	['3o7rd8pt', '85tgrqab', '9oxajwkk', 'yhmcx7ae', '7w0e546g']
1327	['re8fstqw', 'a7eabvvo', 's2j4qf0j', 'hruq0hdw', 'f6nrqr1f']
1328	['0chuwvg6', '1ma4hp52', 'cpeizrdb', 'tk7eturq', 'uba4wym6']
1329	['aceu86at', 'fsid4a39', 'yy8mbw1a', '3nxmw97e', 'ayxtpwfg']
1330	['lty6oq3d', 'es8l29ub', 'dtja6m6w', 'znainceq', 'tov6uq27']
1331	['n5bnpzj6', 'ravcm60e', 'mdsjbfmx', '0vy5yifk', 'bqvn3ceq']
1332	['mkgszhkk', '8ko7mmu3', '9mn6trtn', '1hfvmyfs', 'yrowv62k']
1333	['z22g03v4', 'iuziorsk', 'sm0112e3', 'u31ixcwa', '2u5zxc2i']
1334	['jc5ik84m', 'xmtv0v6q', '8uxvqspp', 'l16a5nq7', 'q6ypq90z']
1335	['qlng0zvn', 'lg6qorv0', '9kf9anqf', 'xxuctcyq', 'r76msx6y']
1336	['6x8xp62f', 'ncbjncfx', 'jcp3u4mf', 'fs5100nn', '1umbwskb']
1337	['5ax78ysz', 'ivy95jpw', 'd21lvneh', 'rp9opdmd', 'l97yi8l9']
1338	['9anlwi27', 'sr9qxnu2', 'rgmurgbf', 'p21ph6ng', '1t1sykok']
1339	['1adofojj', 'q1yn89cq', '1cvpw5hp', 'auvehdq5', '3jqsmc7p']
1340	['4c3evbqw', 'xcomjvaa', 'iff8cuum', 'yjqt74q0', 'hkh1crxr']
1341	['a3i3t6od', '6gj02k04', '7wu8bfo4', 'kt7km3jb', 'isc330rk']
1342	['v7szuzfa', 'pq571myy', 'xee6npr3', '81rxs247', 't1ughb9b']
1343	['bxuwx1jj', 'c4h0x85r', '0eftiyuw', 'xurnbrod', '0xnpfdt9']
1344	['erdcvj30', 'mg7dfs1r', 'krg8jvfz', 'z4s7u17l', 'ulfz0b15']
1345	['zecuhkcd', 'nwb7qf9l', '9ljou3ag', '1zuhilmu', '3xw4qjoy']
1346	['mqk72say', 'dcli6uaq', 'hfk8nikl', '2igc5wzx', '7k3uw04t']
1347	['8yg1d3ft', 'leg5ntvu', '6zjzy0ft', 'fa05sovj', 'gha1wg4w']
1348	['sxi0tpsf', '8iqs6jko', 'w0ebmg16', 'q4aqkr0w', '0clp6zt6']
1349	['wr4r7jd8', '3p8rdaoj', 'pc2cnhjd', 'lvrdgpyr', 'zc10b6j5']
1350	['5tpkcd5z', 'fiiyythk', 'lai0otkm', 'yfoxndf3', 'bqvn3ceq']
1351	['mkgszhkk', '8ko7mmu3', 'e3e48idb', 'umqcuul5', '65efipbi']
1352	['aqcllik0', '914oafkn', 'yj25zkx6', 'ravcm60e', 'lai0otkm']
1353	['38paoyuc', 'gtol0evh', 'zew4tzy7', '4d6az41t', 'p36ilfqj']
1354	['ivy95jpw', 'roe6g61u', 'jz6o9gnb', 's0ca1r5s', '14alhxc3']
1355	['ax3e82js', 'spfc0fc0', 'mo23hpe1', '2l883zhe', 'rh2jrojk']
1356	['aakzdkcj', '407va85q', 'fien6nra', 'nz976qc6', 'zqzs6vtf']
1357	['9169o29b', 'wr4r7jd8', '7pcnf2iv', '1y1ik2u9', 'pm3ck1gk']
1358	['uyb0of5p', 'f96qs295', 'jjh1z5c6', 'zue5hnal', '5z0xwlxp']
1359	['h73m17lw', 'q7pieq3w', '0si51n85', 'dlwwcryb', '2r0a357c']
1360	['mo4luyx6', 'dlpgq0rm', 'y0wu60n4', '33wpjnko', 'awn23o8y']
1361	['jk5tczo0', 'ebgu29uh', 'hp62t734', 'apfimvix', '7ru6tapp']
1362	['ordof7g5', '8hchfgx6', 'm2z6k2va', 'cg6v3yma', 'itxde5mw']
1363	['zfqz4k8a', 'kupt3km8', 'sy2i7qe0', 's2tdo7bn', 'yyhuctqg']
1364	['v9iq01dc', '611ih9pl', 'sdumu9yd', 'lfo6otkc', 'kq0cu73r']
1365	['5bl4h80v', 'xcduaqje', 'l6yr6ang', 'fsa9o8ve', 'khdbmv9r']
1366	['0phf73r6', 'bck22z87', '2iupb6gj', 'ug2ka6ia', 'ym5my5st']
1367	['zdfx3zo3', '6g34qwer', '8ruux4sw', '8cvjsisw', 'dbwew1op']
1368	['ohqr1v13', 'ee8bzn2l', 'qub1i1bl', 'iu2frsec', 'xzy98hm3']
1369	['wtovv1jy', 'f6j1yhvp', 'y6zisciu', 'qijo070w', 'od0y5ruh']
1370	['a451243b', '7wu8bfo4', 'ylojjfri', 'jlnt1pdd', 'wgfdd3lm']
1371	['vnvcunml', 'p1ayih2z', 'kt1az1pf', '2kt35rqn', 'osct0lj6']
1372	['sjqt01gr', '1f6kq8co', 'bqvn3ceq', 'e9vvjv8w', '6j9x3pn5']
1373	['aekhd3tb', 'd9b814yp', 'vrujbyet', 'mm2aotem', 'hunepli1']
1374	['8iqs6jko', 'sxi0tpsf', 'h2sza0if', 'tra5ewc5', 'rpwmcqbg']
1375	['855atuue', 'xigbp7vh', '7d6snq1v', 'bh8zshy9', '11d18w9y']
1376	['uw0rrel5', '66m524kj', 'bdlhd5i1', '296lr317', '9xpbwf9c']
1377	['8je46886', 'x6m7yq65', 'belhjr5e', '3nxmw97e', 'ks0zkp57']
1378	['wxrv37ec', '1fxb5vru', 'o7qibwzj', 'i4p0n7d6', 'p10cya94']
1379	['8wqii0nd', 'u95kg3m0', 'y1ob8tcq', 'nles7ymd', '4img2we6']
1380	['qeqd4soe', 'b31ctbat', '1l4o9pko', '1fgnfh62', '9wnkmn27']
1381	['hmkqnply', '0pptqw7o', 'v47publm', 'y1vjka66', '9ok153yl']
1382	['nom4z0tv', '8je46886', 'plgip4h6', 'b9b6ww9q', 'u66awao9']
1383	['6eivv0d9', 'focpnnks', 'x6sdpk6v', '387spphe', '69o6g1oe']
1384	['pavd7sj3', 'dtja6m6w', 'n0zppf8v', 'r6943zpb', '4yp4beuh']
1385	['r2cx0nmw', '7wu8bfo4', 'bdb9g77g', 'jlnt1pdd', 'ayd59zpj']
1386	['u8mu4yga', '9pb2eqoa', '4mx9t5td', 'h7ftu3ax', '0clp6zt6']
1387	['104lecie', 'cymppa7g', 'te0v91nr', 'ml27mexb', 'x6m7yq65']
1388	['qq46f7fu', 'az9zt5xx', '2kt35rqn', 'iff8cuum', 'ncayc5zj']
1389	['b0qj7tck', 'km0yzqqq', 'zbgn4jct', '9n7bkayx', 'yfpioqi5']
1390	['ajwhnmli', 'z3ock8ar', 'p91dk324', 'sjrnu3f3', 'b1s3ubm1']
1391	['lm73oj21', 'onlly1ga', 'oud5ioks', '9wnkmn27', 'ml27mexb']
1392	['gkf3wez8', '42t0zriz', 'jzosdlu7', 'jy20xtwx', '24yfnzq2']
1393	['urazxa6x', 'uk6whrhz', 'j8dtmy7k', 'zli3t1wx', 'x6sdpk6v']
1394	['cvxni7cd', 'q7pieq3w', 'hqkrer9m', 'th64ca79', 'hgcsfxwo']
1395	['582ts5mf', 'bvzi49hy', '7hporv6w', '1k0qpuys', 'vhjzjdou']
1396	['bpnqz1cn', '99ln2zzs', 's529slm0', 'lht6lhry', 'fnimt8zi']
1397	['d19v8qca', '0n07fow0', 'ocxl6cf4', 'mmr04tsm', 'gjsrfmj4']
1398	['n1cg1cba', '3oetrhdh', '2tax8ajw', '39mfts0g', 'ixvtt3g8']
1399	['6g7eeyjd', '2nj7rn4q', 'a3i3t6od', 'g9rs9cx8', 'pkxc2219']
1400	['550ik6bk', '00ugdhvf', 'yfoqy2id', 'mhj9o5z5', '8rv94jeu']
1401	['ivy95jpw', 'hert77y1', '5ax78ysz', '14alhxc3', 'm7q1roay']
1402	['on53pegz', 'i99lqr0p', 'c1k9ubbk', 'tuqmar6w', 'zd8c1no7']
1403	['bumpnp7q', 'n1r841sz', 'xwax7o13', 'p3yxqgpp', 'zpxnr9s9']
1404	['zsygn29p', '3swdnn29', 'uliopaz0', 'x11ntaqf', 'dksw5yzp']
1405	['16ff3c7m', 'b70zywkw', '2qwk2z22', '3bo4md44', '5o9bbspc']
1406	['zecuhkcd', '12yshnt5', 'g2nhydu6', 'nrhk8ctf', '78qyuk5x']
1407	['bshcsfxr', 'hhq50mrc', 'fety7g0q', 'f3mvdpq1', 'xeb14weg']
1408	['egy8rgtl', 'erdcvj30', 'm69ceq2t', 'wpuf4ofo', 'm6zc7wv0']
1409	['n0zppf8v', 'n5qfwl57', 'k30wvnx8', 'iqe6sdq2', 'ncfvllzi']
1410	['vjntos25', 'lcqxrcji', 'q7ixed9f', 'hltkddac', 'km2uxj9p']
1411	['0u14wypb', '71x3b75z', 'hkk23tqt', '8l2zo1nm', 'aj885nl0']
1412	['j7vm8h9t', 'z3ktkgyp', 'avmfz0z7', 'c4m63cr3', '9pei109o']
1413	['m847xdzk', 'a7eabvvo', 'jtgpzrf9', 'y12veqre', 'yr27lnq8']
1414	['2zbm4iwn', 'yztfkwkc', '42t0zriz', 'yx3j6373', 'njgbom98']
1415	['6entp07f', 'fmamae4o', 'ybpev0vi', 'fqdu9uo0', 'zjbyz1vy']
1416	['2jdlavwj', 'zkgfuub2', 's1qugmyt', 'h0spcvjl', '1syeo6ff']
1417	['ropgq7tr', 'x9sfgtim', 'zl4ixyg1', 'u8mu4yga', 'nom4z0tv']
1418	['hcw0cisk', '3m9yonqe', '0qy6hcgp', 'cp6xu2ox', '0xg1ogtc']
1419	['748c97u7', '9kfs73sr', 'y349r3r6', 'lvvw1npq', '19skljon']
1420	['y6jw3gws', 'xykncac7', 'dzkhc9q5', 'txnegebz', 'vm1o1cel']
1421	['v34r4tix', 'vuxxerob', 'k9n2a5ss', 'sz5fr79q', 'r5552ql7']
1422	['ksgdjdh1', '85tgrqab', 'vzdu9jwn', 'mru0mcup', 'lf9i6x2i']
1423	['fynl88p5', 'ryfz5xsj', 'w01dub6y', '3akrube4', 'kl3mfkoh']
1424	['07cica09', 'ey0r1py7', 'octtj2vf', 's2vckt2w', 'f4jx3b2q']
1425	['g3ny530a', 'wp3rwdum', 'ftq6ed38', 'terj0odi', '0u330d2u']
1426	['3p2cuxk0', 'kl2w6yiv', '8rvhqd9b', '8qml9rrb', '1f6kq8co']
1427	['m72i8vtq', 'd8lmft7i', 'waujy98e', 'etriddkx', 'ib17jyva']
1428	['20nozop1', 's44gtutu', '122yi9np', '8nx0ie5k', '5tpkcd5z']
1429	['irx4pcsx', 'tvg6q8cw', 'uitc2tru', 'cwdtyr1v', '09q2so3j']
1430	['4e82s91a', '8js7f9a3', 'pw58gayr', 'otfb69ft', '6fyrj0xv']
1431	['kyt14ufu', 'tbio295u', '6g7eeyjd', 'jjsr5u2i', 'a7420by2']
1432	['u8mu4yga', '9hpkmjvu', 'w2c01295', 'zl4ixyg1', 'h2sza0if']
1433	['e8m2n9v6', 'j2tyjo1j', '9lwtmn6c', 'ler0t9o0', 'w19e5ayb']
1434	['8je46886', 'nom4z0tv', 'mkgszhkk', 'plgip4h6', 'tyk4479c']
1435	['vpoqfm7d', 'c3a85ld0', 'ebgu29uh', 'hp62t734', '37gpov43']
1436	['eszhtrze', 'hh643w7m', 'tij7lakb', 'zsygn29p', 'eza5qh47']
1437	['ws3tfs1j', 'kkbed30m', 'ecro0w9n', 'taz8f384', '9x60jukk']
1438	['lgtpeqhw', 'hqkrer9m', 'jtgpzrf9', 'mf73oqp6', 'p3ytwqeg']
1439	['n2ih64pz', 'xjizvgp9', 'gc9eg5j3', 'xli7wyg4', 'a9prti0f']
1440	['ajwhnmli', 'an8957d8', 'jk0ju2eb', 'p91dk324', 'vpih1wvs']
1441	['fagcyea9', '0bbxyyea', 'wb1apvn2', 'b0nkhsvv', 'pq85mvab']
1442	['ohyvuybc', '8393t8xl', 'k4ttbbix', '7fyhx6c2', 'avflb8ow']
1443	['32ut5vr7', 'gvn2v6rt', '5rsxnrdr', 'iyi2fwhf', '2ehuuvnx']
1444	['3jn7tdaj', 't3b2adct', 'czcx5xwb', 'k7smwz6w', 'yr69ctrj']
1445	['7env0mf5', '6mzqk12f', 'leg5ntvu', 'j4p46aiv', 'm5siraig']
1446	['s1hmhupe', 'ajmelb8a', '8jejswuk', '7axeex76', '2u5zxc2i']
