post_id	preds
1	['8zufbeuz', '26kx1b0h', '5aev7ltr', 'jzosdlu7', 'x4zuv4jo']
2	['vf7xj5qt', 'y8puocsa', 'vw9jd88a', 'yx0u0iyw', '5nr3j1ew']
3	['gtp5daep', '25aj8rj5', 'dikrttn6', 'kb3xi0fk', 'trrg1mnw']
4	['ru2ty1y9', 'enlj85zc', 'z43p1dmf', 'vj5ahoi2', 'r4q0zqam']
5	['0ul6k6uw', 'bfm45zas', 'k1ktytot', '6j45mmjh', 'lbrpbhpg']
6	['hhy9g1yf', 'lv5xjfk4', 'oap7i5ea', 'tuqmar6w', '39zvwm0s']
7	['4888p05u', '2aoyzj2b', '5tdmh0ac', 'dzkf7c7l', 'po32j519']
8	['e4xw6gyp', 'jgcv1wf3', 't9hbbqay', 'uuxo3jk9', 'kt47i60w']
9	['g99myvw1', 'npe81wc8', '46r46ja3', 'gwaqh4dd', '3ybiysp4']
10	['u8mu4yga', '5z0xwlxp', '9hpkmjvu', '0mwz8kwo', '763v4duh']
11	['1tamgmzm', 'q5veu992', '1aruw47h', 'cn0hqvsz', 'jp80u828']
12	['iu6epm2i', 'yzn6jibu', '83re9176', 'v4c1lgpd', 'mgtxchud']
13	['s4l216x9', '6gqxf34l', 'jjjgu3n0', 'q9qtteqs', 'vzdu9jwn']
14	['mgtxchud', '9a27s0zn', 'w49i0xkz', 'ag6lu4em', 'bn22k0p3']
15	['wcmxmahq', '0vy5yifk', '4rzttwyp', 'e6miaabh', 'kr4sr1ae']
16	['dyxfsojh', 'urv9o2f1', 'qu7ddcw9', 'oi8epg9m', 'u99omznb']
17	['19i9lknr', 'h2uc7ria', 'uba4wym6', 'ccxnsmia', 'jo38hjqa']
18	['u8mu4yga', 'w1bx4a7v', 'z86g8dzs', '1s8jzzwg', 'jjh1z5c6']
19	['fff0swre', 'sv6rhlkb', '0yea1289', 'y0mbzzx0', 'uom5r1pf']
20	['xpwv8xlv', 'e1mnj7bf', 'lhbk4902', 'iylmvmv3', '1aqf98e0']
21	['psrsed4b', 'od5nnxvg', 's19w1p2i', 'dgng39yd', 'jgq968f6']
22	['yx3j6373', 'mgtxchud', '8x9fc130', 'br20k96q', 'jzosdlu7']
23	['s1hmhupe', '8f83k2ce', 'hqkrer9m', 'jisznsr3', 'x4mgnhbg']
24	['y1uk8yfa', '8f83k2ce', 's1hmhupe', '5nsayxwc', '8xrccucr']
25	['uzry86hi', 'z81x8sh4', 'n9nu5n44', 'ezrarusj', '3kk1l0ag']
26	['7yldl4ld', 'dqbvnr0y', 'yvdaljz9', '7fyhx6c2', 'jn1w8h2p']
27	['e6kncj4m', 'wbhlwq9r', '3wjmmr6i', '6qai5sev', 'ud09l0la']
28	['gb1sk22m', 'a0q61mpi', 'ordof7g5', 'm2z6k2va', '7ruoysxu']
29	['r5iu5nr1', 'lpar7tc8', 'o8lasxcb', 'ca3h96bx', 'vprj63y2']
30	['wdw0a2kl', 'von13s78', 'fgj2lvbg', 'hjdt44rc', 'zouscolw']
31	['ix0xi5jb', '72ncfyc5', 'o6zww1rr', 'ob10sxfv', '2xzntu5c']
32	['0mwz8kwo', 'z86g8dzs', 'nom4z0tv', '8je46886', '1s8jzzwg']
33	['7zngkwoh', 'upiu3e2d', '7zdi0y2s', 'cnmawglq', 'iylmvmv3']
34	['dsfbmhbj', '7a7oi5dt', 't1ughb9b', 'pvrp8u8n', 'in69fhw9']
35	['582ts5mf', 'b6lq0aue', '7tp8z7n8', '9pn62o4p', 'leg5ntvu']
36	['2qwk2z22', '383sp7f5', 'iuziorsk', 'sm0112e3', '40dsvwyb']
37	['8l1vfsbc', 'mg8uyeuh', 'i513q4l4', 'akdg2ljo', 'bbs7zocu']
38	['urv9o2f1', 'eflyypev', '3jn7tdaj', 'ftq6ed38', '7hporv6w']
39	['ijoyk390', 'i3jsvtwp', 'fynl88p5', '45r3ccwe', '6j45mmjh']
40	['d06npvro', 's3vaa0yc', 'xlscrlc9', 'jkm496ip', 'od0y5ruh']
41	['y0u00y67', '1blzi9r3', 'ryfz5xsj', 'q3h8afld', '08z6z7d5']
42	['l4y7v729', '9ixpj162', 'ike8mgh6', 'unl3n0tn', '9b6cepf4']
43	['52lf5gzr', 'gcsew8u3', 'o71p89nb', '7wu8bfo4', 'djev6er7']
44	['aakzdkcj', 'lm73oj21', '1l4o9pko', 'ml27mexb', 'fien6nra']
45	['octtj2vf', 'y2zcwcic', '80yu5aiv', 'r2hovw0y', 'rr87vhd0']
46	['5zhjn3u2', 'yx0u0iyw', 'la2wvnb0', 'np1y2fkt', 'stn5gl2b']
47	['xolflz8g', 'jcueu1xh', 'en0obmna', 'ssicvtv0', '8ubugbn3']
48	['fe456in0', 'jnwuu08w', 'y2zcwcic', 'hwg0lthr', 'r2hovw0y']
49	['zb7ge4b8', 'jq9hku2o', 'zz0i50l7', '2pufns7d', 'bqy5eo3p']
50	['bawgldfi', '4hmecfi0', '3jgm3uhs', '1t1sykok', 'y9fqa20z']
51	['o9me37ri', 'hmkqnply', 'oi8epg9m', 'v47publm', '8x3lqokw']
52	['tuqmar6w', 'g5h4tazp', 'whj9jwwf', 'osct0lj6', 'gfb11r1i']
53	['3jn7tdaj', '5iudn4kq', 'apfimvix', 'kt47i60w', 'ftq6ed38']
54	['4ehxnzc7', '68d30i8k', 'xthxesgk', 'wt6bp8os', 'wkl3jyzn']
55	['vvmb92wo', 'w2c01295', '8je46886', '0mwz8kwo', 't0iw2vod']
56	['vc6j8ao2', 'ex3s7ytv', 'gtol0evh', '7ycaloeb', 'nerxtetr']
57	['582ts5mf', 'bvzi49hy', 'h98tts7e', 'oi8epg9m', 'xee6npr3']
58	['m4hwwhux', 'z33cg3nj', 'opda8pjy', '8brfph9v', 'vadaxbsr']
59	['ezrmuw48', 'b9b6ww9q', 'alt4j58b', '1s2kfzkn', 'sjqt01gr']
60	['qh7biax3', 'sjsaw6yv', 'vo4csaah', '7wu8bfo4', 'sgo76prc']
61	['7th3d6wk', '0eftiyuw', '2l883zhe', 'l97yi8l9', 'sygm6irl']
62	['25aj8rj5', '2jdlavwj', 'hdk02l2r', 'gtp5daep', '6sy80720']
63	['zu5mg2im', 'iz74o9de', 'tdlcb9bf', '8zm7n7j9', 'o8gdpf0i']
64	['fa05sovj', '6zjzy0ft', '855atuue', 'y349r3r6', 'vi1jl4po']
65	['me08w1ir', 'jgcv1wf3', 'urv9o2f1', 'gbgcfa2o', 'v77n1vbf']
66	['i95dnfw3', 'yx3j6373', 'jzosdlu7', 'ok9o9tta', 'mgtxchud']
67	['yn7e3do9', '6a728le9', '9gy70ty2', 'vpih1wvs', 'xolflz8g']
68	['jtaq9p6r', 'e7gq365q', '21lbbcxy', 'r0nmq9ne', 'gtp5daep']
69	['kayh0v56', 'zew4tzy7', '3jn7tdaj', '5azti19e', 's8nx7wim']
70	['msovjuk4', '4mjrpjit', '7f33cu6l', 'itx70h27', 'stn5gl2b']
71	['mx30g5w8', 'mom4y7cl', 'wslsqytj', 'nrhk8ctf', 't3dzso36']
72	['925f5ucu', 'c2s2lxw9', 'q6ho9pdk', 'u42d1p1j', '9nicryzs']
73	['kt7km3jb', 'v7szuzfa', '3tfof5nd', 'qdmkx03t', '7wu8bfo4']
74	['u8mu4yga', '0clp6zt6', 'tra5ewc5', 'ropgq7tr', 'x9sfgtim']
75	['0bh8i14e', 'uohbxoeb', 'a40yhtqk', 'zbi0llig', 's4xintwp']
76	['bw6a5gmy', 'rkgrsiqf', '164yx77a', 'cgc0v1dg', 'r2cx0nmw']
77	['h8tv2u77', 'dyxyab5g', '76aij6sx', '4qp083h4', 'g1tjpc9z']
78	['wknaotjt', 'rytzyf1j', 'uba4wym6', '5q8k71et', 'mjm2kap6']
79	['607lsqlg', 'wn98fql3', '2f7wqamp', 'knbngla3', 'atloc9th']
80	['7qxs79qy', 'k9erix1s', 'edx9z9oi', 'zhh2c89o', 'zdfx3zo3']
81	['spkjn8bq', 'wivk0bm0', '2nj7rn4q', 'gnhvvpn6', 'qxntta1u']
82	['1nqbqmum', '0phcscz8', 'whj9jwwf', '121p2shq', 'w04z2f0q']
83	['6j45mmjh', '2cwvga0k', 'c7g2ah72', '13vixukm', '33znyrn8']
84	['ca3h96bx', '8k2v0u19', 'o8lasxcb', '9iomlhpv', 'uyzalds2']
85	['rfv0omd6', 'eohd0jjy', 'kt47i60w', 'jfvq2gfx', 'gha1wg4w']
86	['0mwz8kwo', '8je46886', 'w1bx4a7v', '1s8jzzwg', 't0iw2vod']
87	['hlulg3wf', '0bdi3yxk', '24ie3mhq', 'cv6no7nw', '7097q0r1']
88	['1ef8ac5c', '9kk8pevp', 'ijoyk390', 'wjktna81', 'jveh2w09']
89	['6buxpp8x', 'jpenhh92', 'ii3di3dz', '8f83k2ce', 'gk3wr6s1']
90	['630w2rtn', '4gj7qdtw', 'xhkjbeam', 'w3fxltzw', '92ezdiap']
91	['2zbm4iwn', 'wk4zxmz9', 'jn1w8h2p', 'vxv7pq8v', 'q0a6b8jy']
92	['vg96f35h', 'g15tvzn4', '34j9n40u', 't22hwoeb', '0o3wjvpx']
93	['xpwv8xlv', 'eyxag4xd', '4mx9t5td', '1aqf98e0', '8je46886']
94	['0oq0xmzr', 'yy8mbw1a', 'oxa060jf', 'ynaxwnlp', 'okbjepet']
95	['1l4o9pko', 'aakzdkcj', 'nz976qc6', 'onlly1ga', 'ax3e82js']
96	['ukdylwb7', 'qgwu9fsk', '4888p05u', 'uc316ncl', 'so9uy899']
97	['8bihly91', '34eot3zh', 'bnrmh1qs', '4vq9ljlg', 'u6b8iwr0']
98	['dbxufi3m', 'pmd1n2l1', 'yqx0xqz9', '518rjfnc', 'v3h2nxpt']
99	['9169o29b', 'olhgu24h', 'atloc9th', 'm26sn2qg', 'c59vfq1o']
100	['in69fhw9', '855atuue', 'yaedocvp', 'g6i3x433', 'ocxl6cf4']
101	['fw211spn', 'yfoxndf3', 'u07jsjmf', 'qgwu9fsk', '4img2we6']
102	['2w6p6jji', 'aj885nl0', 'trlni6iq', 'z92xqedn', 'n9fddzn8']
103	['6y6e5qgj', '9f0bjknz', 'fm73ly1x', 'f296patc', '3zl21avw']
104	['tra5ewc5', 'l4y7v729', '0r0zdpds', '4mx9t5td', '0imnd2q5']
105	['7qpwux9w', 'vndj6f7w', 'y047cuxp', 'dm6pznm2', 'wi1slkpf']
106	['y6zisciu', '64qt0w2a', 'f2zgrgva', 'a0q61mpi', '81fv8lzd']
107	['suw0h7s3', 'y3a4czk7', '1cvpw5hp', '6vqf2n5j', 'b0545v23']
108	['xtraspw2', '2bupc5jh', '9ds4ot1q', 'lhbk4902', '1aqf98e0']
109	['rytzyf1j', 'wknaotjt', 'tah3jdw0', 'iwc72ymq', 'fgj2lvbg']
110	['9f5i6crg', 'z35xw2p0', 'dz6nv7h1', 't024w7h6', '9rhydy8u']
111	['e8az2cw3', 'mi6bdisx', 'ubhv7my6', '6sk97gc4', 'rlhayt20']
112	['kt7km3jb', 'v7szuzfa', '3tfof5nd', 'qdmkx03t', 'kyt14ufu']
113	['72f64kpf', '1t1sykok', '6ys3uogb', 'bawgldfi', '2fsjqsiz']
114	['vmmztj0a', 'nyvluckw', '8r8586br', '6pn9jwfn', 'ge8o93rh']
115	['r2hovw0y', 'qfq1nfcn', '555e3ndo', 'rr87vhd0', 'y2zcwcic']
116	['eu1dgkw2', '53vvp3j5', 'u66awao9', '6mzqk12f', '9kfs73sr']
117	['41yfx1ev', 'vqbs5ot5', 'urj0nssb', 'btao9cun', 'roi3lta6']
118	['sok0cyd3', 'aawjla6h', '4p6fcy8f', '56rn6d6o', 'jgq968f6']
119	['iha9gjt4', 'eyxag4xd', 'sxi0tpsf', '1aqf98e0', '4mx9t5td']
120	['q17jutw0', 'tb538rkv', 'an1wfsvk', 'mcc37ogt', 'z8ajje2l']
121	['1itor6ic', 'n24k9s1s', 'vbnke2q5', 'zvmwubuk', '0a1m1niu']
122	['913sln1q', 'tki4l0gb', 'gat4jwsu', '4bw26042', '4b6jrycu']
123	['f2zgrgva', 'py2ygpzt', 'kc3nb2pc', 'dyxfsojh', 'xyuj1j57']
124	['4budtw8s', 'lehzj4d8', 'mhj9o5z5', '2qsh2dlk', '00xnsdt9']
125	['zu5mg2im', 'o8gdpf0i', 'iz74o9de', 'ktwazcrd', '8zm7n7j9']
126	['gw6qnwe3', 'jeufhpkq', 'bqvn3ceq', 'oc584x1k', 'dyxfsojh']
127	['4vkkaqhz', '6crputzl', '25bdifv6', 'r1m709hb', '5azti19e']
128	['qj1v04cf', 'zwil22bs', '1adofojj', '9e6g15iw', 'w0j0n8mn']
129	['kfsuiz5t', '2146o727', '7mcfehzc', 'xuiswu2l', 'mt8h4rk5']
130	['p3cxk8gd', 'rdmmnnjd', 'zp3efdn7', 'est5jx7g', 'n7oankiq']
131	['qv6oxjwd', '3kk1l0ag', 'f0m3wuyj', 'oh23px9c', 'uazqkay9']
132	['1otgdo19', '8psro2z0', 'koybwabx', 'sb5ce0g3', 'rtvvs3tv']
133	['93amoypt', '1ifm3vgj', 'jlrzu0wl', 'gjo29e21', 's0aqouwa']
134	['f2zgrgva', 'gtp5daep', 'ky5env7t', 'yx0u0iyw', 'rlr17nah']
135	['ocxl6cf4', 'mmr04tsm', 'gha1wg4w', '7a7oi5dt', 'v47publm']
136	['828s0mtz', 'hfbi7sk5', 'r440fw19', '5q8k71et', '9bzbab1s']
137	['oyr4klqk', 'hn6clwoj', 'zbi0llig', 'uohbxoeb', 'u0jddsup']
138	['5azti19e', '3jn7tdaj', 'um51u84w', 'vww8d1ew', 'zew4tzy7']
139	['sgezc9kx', '6ukt0gbn', 'texmsvyt', 'e9m31jyc', 'xfqst9fl']
140	['0ul6k6uw', 'a3efmczu', 'yx0u0iyw', 'lgflny84', 'kqhmul31']
141	['7as9f1n6', 'r07mv2ka', 'l4o7nicc', 'faec051u', '7mcfehzc']
142	['rmyy6fni', 'f0t5l7kb', 'asrkuts7', 'byh09alo', 'f3v1xezr']
143	['7wu8bfo4', 'ka2kyqmk', 'h98tts7e', 'zelsywyu', 'v7szuzfa']
144	['mkgszhkk', 'xtmn1n0r', 'tra5ewc5', 'eyxag4xd', 'nv1w6juh']
145	['vu1f1hp6', 'q58dzxwc', 'krg8jvfz', 'mi6bdisx', 'y77rbrnd']
146	['lgtpeqhw', 'otme0vmu', '8hvve871', '47p4g80o', 'ikon1ktb']
147	['nz976qc6', 'aakzdkcj', '1l4o9pko', 'fien6nra', '9wnkmn27']
148	['jqueo6zg', '5t16srpn', '0z7ey1nm', 'dblqryhy', 'ir20eiqr']
149	['jgq968f6', 'ykxr9q1j', '4jjhc5zo', 'pi77smba', 'il5307pl']
150	['q5f98qzk', 'mcw3ir3a', 'fa05sovj', 'hlv5zb0s', '6zjzy0ft']
151	['oap7i5ea', 'whj9jwwf', 'v3n2r4ia', 'g266ttng', 'b6lq0aue']
152	['1t1sykok', 'bawgldfi', 's0374olh', '0m76qrz8', '6ys3uogb']
153	['9169o29b', '4p6fcy8f', 'wr4r7jd8', '11bh9v5i', 'olhgu24h']
154	['1w3x0g42', 'ip9geldg', '5y6gjl2t', '6j45mmjh', 'vnb7g17n']
155	['dcfqvp4p', 'n2kn7o67', '4w8hz49k', '3q3ywthu', 'c2manjgx']
156	['hfbi7sk5', '42i1i6br', '828s0mtz', 'r440fw19', 'g9pwxfd2']
157	['xnrb0byz', '407va85q', 'fub50lvt', 'onlly1ga', 'rh2jrojk']
158	['0cnjtxyq', 'tra5ewc5', 'yrowv62k', 'w3ls1d7w', 'dt2pew66']
159	['zcnr1e2f', 'zcxxk9hd', 'fyy42zaf', 'q1ay1u90', 'hpr8rt9n']
160	['9wnkmn27', 'aakzdkcj', 'onlly1ga', '1l4o9pko', 'nz976qc6']
161	['2q6qmex3', 'ezrarusj', 'h4kc04w0', 'k4lqkqnx', 'h4fo8h90']
162	['xpwv8xlv', 'iylmvmv3', '1aqf98e0', '4mx9t5td', 'e1mnj7bf']
163	['cymppa7g', 'gi3vfi68', 'ef4wyw2f', 'fbsrggog', '6j45mmjh']
164	['ojr558x6', 'mqyu72nc', '6ntvbee3', 'g4i4hkhz', 'f5ehif2w']
165	['yu8dkk5g', 'f2zgrgva', 'rlr17nah', 'b4supugo', 's2e56ety']
166	['jlqpwfwm', 'faj85qxc', 'a0ufivdn', 'b4161ynv', 'cmp1bvhd']
167	['gh9sy7sl', 'upiu3e2d', 'xpwv8xlv', '9ds4ot1q', '7zdi0y2s']
168	['5azti19e', '3jn7tdaj', 'mpuhbr2p', 'ithv0k5k', 'terj0odi']
169	['ny7wkswf', 'uxz185vr', 'jrqlhjsm', 'hg3xpej0', 'klh90lvp']
170	['4img2we6', 'xeb14weg', 'jlqpwfwm', '7aaiyppx', '4socpj73']
171	['jpenhh92', 'ii3di3dz', '8f83k2ce', '4ij9t0t3', 'jisznsr3']
172	['8je46886', 'xtraspw2', '0clp6zt6', 'w0ebmg16', 'itxde5mw']
173	['6pn9jwfn', '7lhoq10e', '73b58lcm', 'bu5kfsfi', 'eg5snpzs']
174	['6j45mmjh', 'q1nye2ih', '6a728le9', 'ge8o93rh', 'yn7e3do9']
175	['21lbbcxy', 'mio282vy', '90323yzn', 'gzk9xbzk', '25aj8rj5']
176	['s3vaa0yc', 'wq3rlpo3', 'wxor6kg3', 'fm9mdllg', '43c1vind']
177	['x1uc10m5', '69fmtury', 'xcsl2evz', 'mw0wb8a8', '9f5i6crg']
178	['fcdwitxy', 'pzqmg22v', '1vj9p7vm', 'y12veqre', '5nsayxwc']
179	['xavegbty', 'v29jmh6s', '9miesbf1', '73b58lcm', '4hmecfi0']
180	['20nozop1', '25aj8rj5', 'ivue7zob', 'n2wqalcu', 'o0m20894']
181	['y1uk8yfa', 'mgtxchud', 'b70zywkw', 'c5fn8t7f', 'e0pz0z4j']
182	['y0qrxya9', 'o21ncldx', '033phqmd', 'msg9j0lb', 'yj43g21h']
183	['yj3yisum', '1iago9rr', '1nmzo9at', 'b6lq0aue', 'e7gq365q']
184	['eywnnzxe', '19skljon', 'jhge9qy5', 'kutc6ts0', 'bmt2zpmv']
185	['hert77y1', 'ivy95jpw', '0qy6hcgp', 'd21lvneh', '9wnkmn27']
186	['8t5r7ts4', 'fofw6fmx', 'mxfub1b6', 'i3jsvtwp', 'b3nv1vl6']
187	['z795y51f', '4fzzoj14', 'b9b6ww9q', '4grqkn3u', 'wr9ko6l5']
188	['35xqlryc', 'um51u84w', '6ovv79ia', 'o8lasxcb', 'pwb7rw89']
189	['rpa2v44v', 'kc3nb2pc', 'nvebqwwh', 'iali360u', 'acyexmyq']
190	['ny7wkswf', '7g7sgabs', 'rtus1qyw', 'uxz185vr', 'nli8ccyv']
191	['4mx9t5td', 'yrowv62k', 'w1bx4a7v', 'eyxag4xd', '0cnjtxyq']
192	['j7ltjn4k', 'gcsew8u3', '5kz2s7ag', '8z7wo9kz', 'o9vlrox4']
193	['z2jtzsl6', 'md0drb25', '723l0buc', 'dx2cx9lx', 'p94qntyb']
194	['qjqk8xge', 'o8bmgsde', 'g5k0po72', 'ronhrs29', '42wh36ge']
195	['6xc4j09c', 'h35we3mn', '0zun27k4', '64sdgroi', 'u30uz8sk']
196	['x7qlnugx', 'ok9o9tta', 'f2zgrgva', 'ho6qjkyr', 'xmqdk2wz']
197	['cbhlzemx', 'h26a3h5f', '3x46ynqh', '43om0nji', 'p2gzup4w']
198	['qh7biax3', 'lbkjxws4', 'gufhaylj', 'sjsaw6yv', 'bzzln9kc']
199	['4haf8aaw', '7mcfehzc', 'gy0kfhy6', '2146o727', 'ch7nna59']
200	['yx0u0iyw', 'dxym95pe', 'v3kzly7z', 'dfpmbtqk', '81rxs247']
201	['9getsuci', 'fgj2lvbg', '3kjckx8o', '6fpw6y8t', 'w1tdg8bb']
202	['582ts5mf', 'h98tts7e', 'dkfohub3', 'tvhn7lnu', '7a543f7v']
203	['6a728le9', 'yn7e3do9', 'i3jsvtwp', 'fynl88p5', '6j45mmjh']
204	['t3dzso36', 'et3c99w0', 'ixhaq0az', 'hz5vigp0', 'mx30g5w8']
205	['7hporv6w', 'psaq958v', 'ruewzstg', 'bh8zshy9', 'bvzi49hy']
206	['2f7wqamp', 'knbngla3', '2rx84imv', '5b9jytph', '607lsqlg']
207	['qu7ddcw9', 'pta8enbu', 'rgmurgbf', 'm2nupp4k', 'v9366atg']
208	['dugllpsm', 'fzbs46fk', 'uk6whrhz', 'bfmcqcq1', 'ppe8br4z']
209	['utak6i4e', 'g0wujywh', 'yb9uyov3', 'qqbe2bop', 'd1p8zo23']
210	['evf9nz05', 'rr0v0ju1', 'vgffg4c1', '76aij6sx', '2uy0jjdh']
211	['tu1vevx9', 'y0wu60n4', 'awn23o8y', '9rhydy8u', '33wpjnko']
212	['u66awao9', 'jgcv1wf3', 'urv9o2f1', '7hporv6w', 'hhq50mrc']
213	['tgqcnfa0', 'rdmmnnjd', 'tlfvjcy2', 'p3cxk8gd', 'jm4dmnxz']
214	['37gpov43', 'rwevmwcr', '68x50rni', '06fwhyac', 'yvdaljz9']
215	['nli8ccyv', 'dyrn6z9a', '0g3pro4v', '0ml57rhr', 'rtus1qyw']
216	['94w1sbsb', '0m76qrz8', '9pn62o4p', '582ts5mf', 'hah9mrnh']
217	['svsib7yj', 'oqz6i77n', 'f37ezj1h', 'hay91kuq', 'v4pkwd44']
218	['ovel2jln', 'v0zxdkla', '20lcihf4', '3wg6flz0', 'gy0kfhy6']
219	['76aij6sx', '4yi9iup2', '7wz030vg', '3cnmj21f', 'vegaicq8']
220	['veeavho5', '7hporv6w', 'df65w0lx', '0si51n85', 'l5ogbl5p']
221	['g17lp8ch', '1zuhilmu', '56rn6d6o', 'pscw933i', 'w1bx4a7v']
222	['vnta2gic', 'agpuilt2', 'toj6eqs2', 'fwbabb3a', 'vrs88dcy']
223	['5a5a8ifz', 'obhm5mc5', 'ixhaq0az', 'ypls4zau', 'm89wmmxd']
224	['fxwszm22', 'vs730te0', '5upb25gt', 'l6kcpnbj', '56uzzrh8']
225	['24u6q3ae', '0vy5yifk', 'wcmxmahq', 'aqcllik0', 'o0m20894']
226	['qlwergum', 'qdmkx03t', '3tfof5nd', 'wslsqytj', 'kyt14ufu']
227	['jisznsr3', '8f83k2ce', 'y12veqre', '36flecmg', 'hqkrer9m']
228	['uxz185vr', 'ny7wkswf', 'jrqlhjsm', 'ok9o9tta', 'x7qlnugx']
229	['fkbup9qh', 'elviuvfz', '7dk2r22z', '83lgqe5c', 'orajfobs']
230	['ivy95jpw', '0qy6hcgp', 'hcw0cisk', 'lm73oj21', 'd21lvneh']
231	['fj6l76hq', 'iylmvmv3', 'upiu3e2d', '8iqs6jko', '0rzaa0fd']
232	['egn81atf', '11xjl53c', 'pb25lrnw', '7iuls8x1', 'vmizkujc']
233	['vvuaegse', 'oxa060jf', '9wn91fj2', 'ajqbljai', 'k2zrdjyo']
234	['us518bwp', 'sykjpaz2', 'a7frertc', 'ulfz0b15', 'm6zc7wv0']
235	['u4doukk7', '6t92yhti', '3p8rdaoj', '1fr7j93h', 'icejfmzr']
236	['5i0m18nt', '8dbjycgt', 'zrjvpoq0', 'bshcsfxr', 'mgtxchud']
237	['eeev3k9x', 'ku59o299', '2kft1r3l', 'oy46vntr', 'mpuhbr2p']
238	['8ko7mmu3', 'z86g8dzs', '8je46886', 'mcmqx7og', 'u8mu4yga']
239	['jc5ik84m', 'lz8b60ew', '25aj8rj5', 'ky5env7t', 'me4v1qyr']
240	['2xzntu5c', 'jgbwd3ib', 'ix0xi5jb', 'j80mp0kn', 'f3v1xezr']
241	['6sgeraws', 'vxavox24', 'vg96f35h', 'hia647nr', 'yfbg2n2u']
242	['8iqs6jko', '0rzaa0fd', 'dxrltm25', 'mnjy6bq2', 'w0ebmg16']
243	['zj0yxy2z', '0r12f0h3', 'fc86sjec', 'eydniusb', '5ckds66x']
244	['xokujzbl', 'wa5rxe76', 'vpoqfm7d', 'mzekhyu0', 'xzy98hm3']
245	['x9veckdi', '0hhdwq68', '6ffz2va2', 'a8065dca', 'n0uy6hd2']
246	['6rpm4phy', 'mdy40mhu', 'qwgxm1ol', 'mx30g5w8', '85jx7i06']
247	['8je46886', 'lkb09vs8', 'cg6v3yma', 'gb1sk22m', '0mwz8kwo']
248	['l97yi8l9', '407va85q', 'onlly1ga', 'rh2jrojk', '186wyg7t']
249	['64qt0w2a', '2r0a357c', 'nj94rv6f', 'yx0u0iyw', 'oi8epg9m']
250	['zp3efdn7', 'p3cxk8gd', 'est5jx7g', 'n7oankiq', '2kd89h12']
251	['mxg2q1vd', 'ko42qlzr', 'ogdqq3dl', '6l3coibe', 'zouscolw']
252	['osct0lj6', 'mvm1t0y7', 'l4o7nicc', 'tdxrx9se', '56zhxd6e']
253	['k9erix1s', 'cvoef8qt', 'jdg8gsve', '52lcpf0x', 'hdhpmhaa']
254	['7n6pva1l', '8vjlrs1l', 'f5p37j7g', 'pqnpa448', 'tvhn7lnu']
255	['24u6q3ae', '0vy5yifk', 'wcmxmahq', 'aqcllik0', 'o0m20894']
256	['jhge9qy5', 'wq92nfnd', 'opjfy3xr', 'r5v2gi3v', '3rxsplrl']
257	['b4dz1lnn', 'h2u5w4a8', 'jdg8gsve', '1uto8vrp', '73b58lcm']
258	['z2z0hu49', 'wtxhbzr9', 'ai60maqz', '8k2v0u19', 'zew4tzy7']
259	['n1q1wr9s', '69wuny3p', 'nbdk83ok', 'umg0ms2i', 'j7ltjn4k']
260	['v1ei9im8', 'p196javw', 'oe4bzale', 'v6w9mlsa', 'uru7bkr4']
261	['frx9hfxg', 'wubcq0xx', 'g4i4hkhz', '2kt35rqn', 'nk8m2dxt']
262	['4img2we6', '7aaiyppx', '8vk15klh', 'mup5hr7e', 'jlqpwfwm']
263	['ccj1dt86', 'xtnyad3j', 'pz3e9y4i', 'fe456in0', 'j46bet38']
264	['me08w1ir', 'td8uwcas', '54fmvcl5', '6zjzy0ft', 'fa05sovj']
265	['bf42staf', '0rrhiw9m', 'kd7s0mqd', 'sa4ms55e', '105ezycx']
266	['376x58k1', 'pofysmv8', 'lldu8qv9', 'vm1o1cel', 'gtp5daep']
267	['xeb14weg', 'f2ypnls4', 'cjfn4dna', '9colibhs', 'nbqne4wp']
268	['1l4o9pko', '9wnkmn27', 'jiunpwz9', 'aakzdkcj', 'nz976qc6']
269	['bnzb1yon', '6uli512b', 'fsid4a39', 'toj6eqs2', 'c84lpxrn']
270	['9wnkmn27', 'onlly1ga', 'nz976qc6', 'rh2jrojk', '186wyg7t']
271	['844229sb', 'jb455t9p', '7zngkwoh', 'ef3warsh', 'w3ls1d7w']
272	['ok33bqqg', '05g9172m', '9zco6ofx', 'e7uvbra5', 'hzvqg674']
273	['cn1yfjwp', 'l0b99hye', 'zq6oe8w0', 'x21g6i3g', 'x9lxyrgw']
274	['qi1henyy', '9b6cepf4', '0imnd2q5', 'rpwmcqbg', '3h80bn0k']
275	['lgflny84', '33znyrn8', 'cr2cute3', 'i0swl50w', '3vrg7zyc']
276	['9wnkmn27', '407va85q', 'onlly1ga', '1l4o9pko', 'aakzdkcj']
277	['o1xkgkn1', 'aakzdkcj', 'nz976qc6', '9wnkmn27', 'onlly1ga']
278	['uohbxoeb', 'oud5ioks', 'hn6clwoj', 'zbi0llig', 'oyr4klqk']
279	['aakzdkcj', '9wnkmn27', 'onlly1ga', 'ax3e82js', 'mo23hpe1']
280	['lfo6otkc', '9f5i6crg', 'z35xw2p0', '69fmtury', 'mo4luyx6']
281	['855atuue', 'ocxl6cf4', '4iuxm6z2', 'in69fhw9', 'ogchq8gz']
282	['btao9cun', 'geo7ac5i', 'ra28885e', 'tlr243il', 'w49i0xkz']
283	['xnrb0byz', 'gcr0i406', 'tffpan0f', 'hapw6lv9', '8o2xddof']
284	['u2kjft6q', 'b0wy5zz4', 'g0wujywh', 'kit7dfi2', 'd1p8zo23']
285	['qa6za0yf', 'vxmamhkx', 'n2yardu9', 'c00jgkpg', 'tx7ql71r']
286	['6274gicp', '7iuls8x1', '6ajmuuld', 'yjm6asp5', 'hapw6lv9']
287	['dx53hxej', 'o7qytdl5', 'wzp7hpgc', 'qpgvrtee', '5gq0wqej']
288	['mkgszhkk', 'uhkff67h', '0clp6zt6', 'cg6v3yma', 'ordof7g5']
289	['lty6oq3d', '26kx1b0h', 'x60fkihk', '8zufbeuz', '0oq0xmzr']
290	['8f83k2ce', 'q8l3ra55', 't1vom8f3', 'e0pz0z4j', 'y12veqre']
291	['i69uuezd', 'rhphldyp', 'yj25zkx6', 'd5w0ecuy', '914oafkn']
292	['pw51kd1r', 'y2ezdqhr', '8d6vcqr3', 'snlukr6c', 'x6cozo6b']
293	['55gugbs8', 'f3mvdpq1', 'eywnnzxe', 'np1y2fkt', '4mjrpjit']
294	['xmgi40hg', 'ztwemu74', 'o86wki37', 'gufhaylj', 'sjsaw6yv']
295	['675v58x8', 'pa000mr8', 'lgflny84', '0qyhjutm', 'a40yhtqk']
296	['ragjcn97', '2tax8ajw', 'ledopkwj', 'k9erix1s', '8je46886']
297	['55vu6b3u', 'yfoqy2id', 'v13kzr5y', 'dpt7sh4h', '3xzgv370']
298	['uohbxoeb', 'a40yhtqk', 'pa000mr8', 'hn6clwoj', 'zbi0llig']
299	['1k0xqhda', '34j9n40u', 'gfb11r1i', 'oap7i5ea', 'rk9hsw2b']
300	['mnjy6bq2', 'knbngla3', '2rx84imv', 'bmmdygbs', '2f7wqamp']
301	['gin90aef', 'y43prnko', 'umvrwgaw', 'iylmvmv3', 'w2c01295']
302	['4ij9t0t3', 'hqkrer9m', 'zghh0zbd', '8f83k2ce', 'jisznsr3']
303	['eflwztji', 'txnegebz', 'l0b99hye', 'a7nj8sgl', 'srfypn7j']
304	['lnxsblg3', 'm2nupp4k', 'mg9kypvn', 'yr7ow4m4', 'y6ufb4l6']
305	['i3jsvtwp', '3vrg7zyc', 'ijoyk390', 'y89e2dju', 'jveh2w09']
306	['qpzg8lam', 'rjjc30lc', '2r0a357c', 'w3fxltzw', 'lzwgyzdp']
307	['msut5gyc', 'jk5tczo0', 'y2bsx8p2', 'dohy9i21', '9eu792zu']
308	['1epgt2u0', 'pa81t00f', 'a3efmczu', 'mo7oq5t8', 'mu2vqjnv']
309	['eyhtf6mv', '9ige2pwd', '8f83k2ce', 'yr27lnq8', 'pzqmg22v']
310	['suw0h7s3', 'cvxni7cd', 'slzh6uay', 'yx0u0iyw', 'cs2mgj70']
311	['hcwuv519', '405wbjmq', 's1gdbsfx', '4frv2vb7', 'fzbs46fk']
312	['6xxm7hcs', '8hkxbxz9', 'vuxxerob', '6qai5sev', 'r4j1rcm5']
313	['7wu8bfo4', '582ts5mf', 'np1y2fkt', 'zi0cedd9', 'lnxsblg3']
314	['6ys3uogb', 'b8c309hj', 'ez1l3m4o', 'si5mxgrk', 'cvoef8qt']
315	['t9hbbqay', 'c2a07zg0', 'q7pieq3w', 'tzp03hmr', '3kde69wy']
316	['nrhk8ctf', '3rxis57m', 'l5ogbl5p', 'wijqiktk', '6l7h3zxv']
317	['eztw9tx6', 'rlpzejjt', '29ph2eai', '5ah2yf59', 'iatmjkzk']
318	['55gugbs8', 'dz6nv7h1', 'eywnnzxe', '73oe5as9', 'b5eve7re']
319	['at5pcnrq', '2tax8ajw', 'gtp5daep', 'xolflz8g', 'hlv5zb0s']
320	['5nyc1cn5', '6gj02k04', 'pmd78j61', 'd9egxof5', 'tf5a48i2']
321	['5ojyly05', '98ejxivc', '2rcngljf', 'v5yny0dw', 'p9fhtjen']
322	['fqk8rmiy', 'pbhvq1nh', 'svi7syld', '7s79900j', 'yvbmbnjw']
323	['3jn7tdaj', 'ftq6ed38', '4vkkaqhz', '5azti19e', '6crputzl']
324	['eomtjrgc', '5kz2s7ag', 'ppuki7qn', 'j7ltjn4k', 'u1ilcmm2']
325	['5y6gjl2t', 'hfhjjwbl', 'umttnp1g', 'iff8cuum', 'jlnopr1j']
326	['dsfbmhbj', '9s98t4h7', 'ickzzm6y', 'tq1hb45f', 'lzwgyzdp']
327	['hunepli1', 'hgcsfxwo', 'nmdlet38', 'gdfvt4pu', '8qdcls1k']
328	['nsflghc5', 'ylqpkosd', 'zu07vbc4', 'vgmzb03s', 'nb27fn2z']
329	['gtp5daep', 'xolflz8g', '0si51n85', 'e756pbyp', '46y1pa7o']
330	['3iz0ozpx', 'dugllpsm', '3p2cuxk0', 'l1rnnebt', '296lr317']
331	['gkf3wez8', '10dkpj5h', 'yi1s6xap', 'w094r17f', 'asrkuts7']
332	['oud5ioks', 'uohbxoeb', 'a40yhtqk', 'oyr4klqk', 'hn6clwoj']
333	['hqod7v2l', 'su028g3j', '3xup6glg', 'g4nto9kf', '11xjl53c']
334	['jgcv1wf3', 'hunepli1', '64qt0w2a', 'vw9jd88a', 'l4ahii9e']
335	['iuy5a0bk', 'fz8ohqcb', 'i6zofi4g', '7clr6hbf', '8d90mc54']
336	['w1bx4a7v', 'ximw03ej', 'mcmqx7og', '0mwz8kwo', '9mn6trtn']
337	['1l4o9pko', 'aakzdkcj', 'ml27mexb', 'onlly1ga', 'nz976qc6']
338	['ocguwlam', 'u1s6ciy4', '9n7a9g78', 'plwoof39', '5gldyo2d']
339	['yrowv62k', 'w1bx4a7v', 'w0ebmg16', '1s8jzzwg', 'sxi0tpsf']
340	['doi8buyw', 't019zx7q', '68o7g6k7', 'q04yqjfe', 'efox6z5q']
341	['m26sn2qg', 'jgq968f6', '9169o29b', 'pscw933i', '8acldtv2']
342	['djev6er7', 'v4pkwd44', '45qyz490', 'stn5gl2b', 'awfgfmx1']
343	['rcb943w2', '1uabldiq', 'dkfohub3', 'amw2c96l', '6x3qopgt']
344	['w3jyovd2', 't3wjpagu', 'kajker7i', '868txjrw', 'ky5env7t']
345	['c3a85ld0', 'uaccs7k9', '18b6ikq3', 'hunepli1', 'leg5ntvu']
346	['6sgeraws', 'xuiswu2l', 'q7pieq3w', 'vj2z52vg', '7mcfehzc']
347	['lcl9jn35', '8ljnxihr', 'arcz8ku9', 'wwjeu8ie', '387spphe']
348	['0iqdqcp6', 'bw6a5gmy', '05djnz4p', 'wxor6kg3', 's3vaa0yc']
349	['r2cx0nmw', '24u6q3ae', 'imheos0p', 'bw6a5gmy', 'cfkh0ypy']
350	['f6j1yhvp', 'x9sfgtim', 'ropgq7tr', 'kk47kxwf', '8je46886']
351	['h1mo3bs8', 'zouscolw', '2cwvga0k', 'j0sr3ifq', 'ag6lu4em']
352	['aakzdkcj', 'onlly1ga', '1l4o9pko', 'nz976qc6', '407va85q']
353	['sm0112e3', 't1vom8f3', 'e0pz0z4j', 'ii3di3dz', 'jpenhh92']
354	['ximw03ej', 'u8mu4yga', 'z86g8dzs', 'mcmqx7og', 'fj6l76hq']
355	['uzc6r1jr', 'tl16qf33', 'lnnsxwk2', 'eecwjrdc', 'zdlbsuys']
356	['u20e82de', '4bw26042', 'eipscagh', 'v72mveyu', 'gzacds5n']
357	['6j45mmjh', 'vdejfuuy', 'asdcpvhx', 'g4k0ksr8', '5upb25gt']
358	['g4i4hkhz', 'kqtnv5kd', '12yshnt5', '8qdcls1k', 'hgvqjtfa']
359	['lxabtp41', '8rn7q32f', 'ajco76bb', 'z218oii3', 'cfbj6ize']
360	['y04dub8o', 'kutc6ts0', '4iuxm6z2', 'gufhaylj', 'qh7biax3']
361	['gi3vfi68', 'fbsrggog', 'bk3ss63e', 'cymppa7g', 'rlr17nah']
362	['nhy1ofwa', 'pq6c0zia', 'qxy2p79x', 'y3c478hf', 'hcuxj2k7']
363	['g0cgjlok', 'zsygn29p', 'zr4pw0e7', 'xli7wyg4', '8p0xdqba']
364	['8xrccucr', 'jpenhh92', 'ii3di3dz', '8f83k2ce', 'm847xdzk']
365	['jo38hjqa', 'rnfh9v1h', 'lbkjxws4', 't7a9edv3', '2ytec133']
366	['8je46886', 'sxi0tpsf', 'w0ebmg16', 'nom4z0tv', 'z86g8dzs']
367	['iy8pp5ey', '6ejzpqq4', 'y6jrt5xh', 't9hbbqay', 'l4ahii9e']
368	['x44oc1k6', 'geo7ac5i', 'roi3lta6', 'w49i0xkz', 'tlr243il']
369	['uohbxoeb', 'oud5ioks', 'hn6clwoj', 'oyr4klqk', 'zdfx3zo3']
370	['twlupt3x', 'br0hhzmn', '5ngmdwgb', 'l9bswegi', 'me4v1qyr']
371	['m1tv7mgm', '9f5i6crg', '9dq7xvn3', 'x1uc10m5', 'o47v5vgw']
372	['awzozt7u', 'zwil22bs', '81fv8lzd', '46no7uq8', 'ajwhnmli']
373	['z86g8dzs', 'yrowv62k', 'w1bx4a7v', '8je46886', '5u63aqo5']
374	['mo4luyx6', 'dlpgq0rm', '1yvsae2q', 'd5w0ecuy', 'v9y1iw3o']
375	['8rgpr2lo', 'smezcos0', '4nuvdxjc', 'yiz1flc5', 'zjyszmfh']
376	['76aij6sx', '7wz030vg', '4qp083h4', '1mx3jrup', 'fjuehj70']
377	['v10454ns', 'dx2cx9lx', 'z2jtzsl6', 'p94qntyb', '75rhjcz5']
378	['fbcu88lv', 'auy3c2e0', 'k8vjv3zy', '6x33a6g6', 'fgj2lvbg']
379	['pta8enbu', 'y4m987yn', 's9lkvzpo', 'ybcr7clp', 'xlscrlc9']
380	['xl1e9gzc', 'cvxni7cd', 'ah8mzt1g', '1ef8ac5c', 'cs2mgj70']
381	['r5fdn7uz', '21lbbcxy', 's6sp3rme', '4ylmj9ub', '8r6hln9b']
382	['82y56t7d', 'ajlpb9li', '25aj8rj5', 'q5veu992', 'styavbvi']
383	['hcooar1n', '74070a3z', 'uuy94dwa', 'ne816kr4', 'eje3i558']
384	['wzqdo1st', '3wjmmr6i', 'db8fl9d2', 'atwx0a2s', 'e63j8gci']
385	['06fhiu9q', '8d0p6qpc', 'ldqy66uh', 'c2pxokv4', 'slzh6uay']
386	['kxx3szjq', 'vw8a1994', 'pn516wom', 'zouscolw', 'icz0wnfb']
387	['q41elfwt', '6vmfa6qx', 'w5rk8luy', '9x1d1kp1', '4bta1y3u']
388	['vndj6f7w', 'oijl3pjt', 'y047cuxp', 'r2hovw0y', 'fq9wx29o']
389	['o86wki37', 'xmgi40hg', 'sjsaw6yv', 't3dzso36', 'zqjadbvh']
390	['eoumpu50', '6a728le9', 'q7pieq3w', 'u6rt6zd4', '1ef8ac5c']
391	['zelsywyu', '3rxsplrl', 'l72grjbg', '4mjrpjit', 'h98tts7e']
392	['o29hjkca', '93b2ivio', '35meen0h', 'lgptgv72', 'cv5th7hd']
393	['ql9cfh1j', 'cn0hqvsz', 'ug2ka6ia', 'dhdg6n05', 'bns5eb1t']
394	['28fu4ptm', 'ynaxwnlp', 'ho6qjkyr', '8cd5z4di', 'ktv6fk7q']
395	['5xki1ulf', 'pq85mvab', 'q4gattkk', 'aoi4iqkf', 'j884ppwq']
396	['qkg8fwbp', 'sts48u9i', 'u5nxm9tu', 'ex6ktyl6', '2tu707ng']
397	['gb1sk22m', '4mx9t5td', 'u8mu4yga', 'x9sfgtim', '7ruoysxu']
398	['e4xw6gyp', 'vf7xj5qt', 'xigbp7vh', '5nr3j1ew', '5iudn4kq']
399	['oi8epg9m', 'xee6npr3', '1wkpkh84', 'f5s0ntps', 'ypmeh8y3']
400	['oxa060jf', 'vvuaegse', '2oi5km6u', 'iayyox4r', 'p8xpavbg']
401	['nlv939ft', 'q7pieq3w', 'qci7khki', 'dlwwcryb', '5f95gve3']
402	['tv014ubp', 'l5nncxqo', 'a3fvifax', 'c4m63cr3', 'y8puocsa']
403	['b6lq0aue', 'hsimf7wt', 'g266ttng', 'oap7i5ea', 'h98tts7e']
404	['bgsbbszf', 'l9lj98b1', 'yk872yaz', '6lz0kjen', '93y40vnp']
405	['vqswp96l', 'prn7t499', '7lli72ph', 'rmyy6fni', 'ajco76bb']
406	['8je46886', '0cnjtxyq', 'yrowv62k', 'z86g8dzs', 'w1bx4a7v']
407	['844229sb', 'mkgszhkk', 'iu1d9i57', 'zue5hnal', 'w1bx4a7v']
408	['jo38hjqa', '9anlwi27', '1t1sykok', 'bawgldfi', '19i9lknr']
409	['styavbvi', 'uxz185vr', '82y56t7d', 'jrqlhjsm', 'ny7wkswf']
410	['9k4pwc2h', '6c47sm6i', 'wgfdd3lm', '7wu8bfo4', 'g9rs9cx8']
411	['5t4twnpm', 'eu2vjpw9', 'li8kvzdh', 'iff8cuum', 'pjh2lr22']
412	['1w3x0g42', 's1olwzxi', 'wtdzad90', 'cu8ruz59', 'pq75mafr']
413	['mkgszhkk', 'z86g8dzs', 'yrowv62k', 'eay6qfhz', 'w1bx4a7v']
414	['tij7lakb', '1nqbqmum', 'eszhtrze', 'uliopaz0', '23n5r8qj']
415	['1ujphwmi', 'uef0bbh7', 'sb5ce0g3', 'koybwabx', 'mgwx0u6x']
416	['0emibwp3', '3rxsplrl', 't0iw2vod', 'cd5m77rd', 'z86g8dzs']
417	['iobpcfs5', '91nj68tn', 'uk67ac2r', 'ch7nna59', 'gy0kfhy6']
418	['q7pieq3w', 'iucrorzh', 'xolflz8g', 't2gxkxxd', 'ftq6ed38']
419	['geo7ac5i', 'x44oc1k6', 'btao9cun', '25aj8rj5', 'ok9o9tta']
420	['pa000mr8', 'i9leac6w', 'g63ed05i', '747lx5c2', 'n1ht2eb1']
421	['z9vjo98p', 'h98tts7e', 'b6lq0aue', '78d7vub4', '7wu8bfo4']
422	['tra5ewc5', 'iu1d9i57', 'w3ls1d7w', 'ximw03ej', 'u8mu4yga']
423	['lfk6e8hy', 'djev6er7', 'v4pkwd44', 'y1nrc138', '3z9ubx09']
424	['tbio295u', '7n6pva1l', 'u79trvqf', '2fsjqsiz', 'g9rs9cx8']
425	['myqli11j', '7z7zxcm2', '3e2soc6w', 'xuiswu2l', 'mt8h4rk5']
426	['oeudi6lr', '9a27s0zn', '6ctrrvi9', 'sf073cmj', '10l6kx3e']
427	['hltkddac', 'lcqxrcji', 'kp4j9snc', '2mtuw7gb', 'qjfe2t9v']
428	['pfvf8ujb', '8th933g4', 'eohd0jjy', 'gha1wg4w', '2dixw8up']
429	['9phgag8q', 'jblmnx8j', '660gckc7', '8ztv34hs', 'b9b6ww9q']
430	['wt6azxc1', '1gv3t5t0', 'oi8epg9m', 'xee6npr3', 'xe8t3uqp']
431	['9wnkmn27', 'onlly1ga', 'aakzdkcj', '1l4o9pko', 'zqzs6vtf']
432	['u8ptvem7', 'bgn6zrer', 'dn9nlcgs', 'gr14udp8', '1pg77f6t']
433	['ln6t374j', 'atloc9th', 'j4hnitqx', 'rjelshrp', 'bn4rpjv0']
434	['9oxajwkk', 'ovuh3qoh', 'whkfvd7l', '29z4q4fs', '54fmvcl5']
435	['9qklnvyl', 'l80ptciw', 'kkskmuw3', 'fd4aag2t', 'tah4bpj1']
436	['w0ebmg16', '8iqs6jko', 'z86g8dzs', 'lr20prun', '0clp6zt6']
437	['mkgszhkk', 'rpwmcqbg', '844229sb', 'xtmn1n0r', '8ko7mmu3']
438	['g5sw7t8x', 'wqqt6jvk', 'ty41xob0', 'opi0t83z', 'ulwirxeu']
439	['fk16k9ts', 'g914ir8h', 'w62rqn2p', 'xkmy79p9', '9nostuqg']
440	['zjujs11q', '6oicmeam', 'pa000mr8', 'hn6clwoj', 'oyr4klqk']
441	['o9mq3auf', '8drlvdkp', 'ct4licep', 'yaedocvp', '19skljon']
442	['jgq968f6', 'm26sn2qg', '08bw0h8m', '4p6fcy8f', '9169o29b']
443	['4vkkaqhz', 'apfimvix', 'gi21di4d', '1j4w2hyp', 'r1m709hb']
444	['yink1e6b', 'jlqpwfwm', 'li8kvzdh', 'l5sn0cx6', 'a2voobqa']
445	['d7024aia', '1mx3jrup', 'rytw6rfd', '8llmriik', '1n5750hi']
446	['5g02ykhi', 'wh3k3u28', '54fmvcl5', 'z6sjfdb9', '4iuxm6z2']
447	['urv9o2f1', 'yx3j6373', 'oi8epg9m', 'mgtxchud', '9kfs73sr']
448	['6j45mmjh', 'qbj8n8h6', '6a728le9', 'ilnudz0g', 'yn7e3do9']
449	['8xrccucr', 'xshqu7qm', 'y12veqre', '8f83k2ce', 'a7eabvvo']
450	['dz6nv7h1', '1oiqa5zg', 'c9fg1ni6', 'p9fhtjen', 'k7b8wj56']
451	['2uy0jjdh', 'vgffg4c1', 'hkk23tqt', '76aij6sx', 'z92xqedn']
452	['lkb09vs8', 'f4jx3b2q', 'lr20prun', 'cg6v3yma', 'a2voobqa']
453	['121p2shq', 'c5be70t6', '6hl6rtsh', '3kng7qea', 'leqluxpl']
454	['2qcuygax', '0u4nmrq4', '9sh9mk6p', 'mx1d9qqg', '3eq34w2u']
455	['5i0m18nt', 'wkl3jyzn', '9th9mm7e', 'l07q84ni', 'bshcsfxr']
456	['b0wy5zz4', 'hxpqexi1', '855atuue', 'ub7ilx98', '9kq9o5wp']
457	['42t0zriz', 'jzosdlu7', '0oq0xmzr', 'bv7hvc1e', 'so9uy899']
458	['3qgwoblb', 'gckr8h1m', '08h4198w', 'y5a9xtr5', '1iago9rr']
459	['d4upbc3v', 'ckorpogz', 'zcvumy78', 'o1xsjx2p', 'tstx42h7']
460	['b80todl7', 'fjzhe9tp', 'mlozjg9h', '0041cay9', '3xpfjy1z']
461	['y6zisciu', '3jn7tdaj', 'ftq6ed38', '5azti19e', 'zew4tzy7']
462	['t3b2adct', '3jn7tdaj', '5azti19e', '38paoyuc', 'ttl1ozc6']
463	['sxi0tpsf', 'nblbacmn', '1s8jzzwg', 'gjtefdxb', 'nom4z0tv']
464	['95zrth5d', 'hqkrer9m', '8f83k2ce', '41jqgsv0', 'e0pz0z4j']
465	['tij7lakb', 'urj0nssb', '8p0xdqba', 'zsygn29p', 'dksw5yzp']
466	['ivy95jpw', 'hcw0cisk', 'iu5ndsxn', '0qy6hcgp', '407va85q']
467	['me08w1ir', 'td8uwcas', '54fmvcl5', 'eywnnzxe', '6zjzy0ft']
468	['ledopkwj', 'l346qqwp', 'um51u84w', 'tsv0rcr3', 'hapu56t4']
469	['s1qnjgev', 'j4hnitqx', 'f15foaf2', 'vori28fm', 'cpuyh6q8']
470	['8f83k2ce', 'n5ogyxz7', 'l97yi8l9', 'l9b3sr4r', '36flecmg']
471	['aawjla6h', '4p6fcy8f', 'od5nnxvg', 'pc2cnhjd', 'ykxr9q1j']
472	['9169o29b', '4p6fcy8f', '0an1j8wk', 'e0pbs354', 'z807g8i5']
473	['xl3519jo', 'b8c309hj', 'pqt10xzt', 'w25jpub7', 'jfdshwfh']
474	['qkg8fwbp', 'ax87r0bj', '3xw4qjoy', '8bihly91', 'zd8c1no7']
475	['hh7lccet', 'pybdjsdj', 'gkf3wez8', 'po32j519', 'qiyd67z3']
476	['2t1zzigc', '94lc85q5', 'q4jjtw63', 'bkiobjex', '57z0g4mq']
477	['eywnnzxe', 'v3kzly7z', '8z7wo9kz', 'byw8jsqv', '55gugbs8']
478	['f14zbj4o', 'ja6ydoed', 'mom4y7cl', 'v4ubd1l6', 'si5mxgrk']
479	['3wg6flz0', 'xld7ztx5', 'p7cbnrji', 'nli8ccyv', 'ajlpb9li']
480	['f2zgrgva', 'py2ygpzt', 'yx0u0iyw', 'q7pieq3w', 'te0v91nr']
481	['8aosx41e', 'v7szuzfa', 'n3yuvf8v', 'iw3wv973', 'v0y734lu']
482	['oap7i5ea', 's3vaa0yc', 'znswomwk', '0tn06al2', 'rytalfyx']
483	['ijoyk390', 'lgflny84', '3vrg7zyc', 'i3jsvtwp', 'f2jzz41d']
484	['v47publm', 'ga5z3via', '7a7oi5dt', 'bzzln9kc', 'mldwnz43']
485	['fff0swre', 'kd3as3b9', '4kfbs7j4', 'upf0ecx7', 'k30wvnx8']
486	['1wcfrvnd', '34hbc1w9', '5g70w76j', 'n6ro088v', 'av3sm2kb']
487	['4a7fzrxg', '90dvjv32', 'akdg2ljo', '19i9lknr', 'vs6ev73e']
488	['bw6a5gmy', 'z9vjo98p', '05djnz4p', 's3vaa0yc', 'wxor6kg3']
489	['nz976qc6', 'onlly1ga', 'fub50lvt', 'aakzdkcj', '9wnkmn27']
490	['leg5ntvu', 'eohd0jjy', '72jwlfqr', '0i12e4tn', 'mmr04tsm']
491	['9195zweg', '7g7sgabs', 'wxor6kg3', '92qcakzi', '52qpcg63']
492	['je585xia', 'jk37ej4c', 'gqwwfpch', 'umttnp1g', 'vj2z52vg']
493	['yu2qzp18', '05m6gs19', '9kk8pevp', 'py2ygpzt', 'e756pbyp']
494	['e5y8pp5b', 'f2zgrgva', 'li8kvzdh', 'tz0pgml3', 'vbnke2q5']
495	['hunepli1', '64qt0w2a', 'yx0u0iyw', 'y6zisciu', 'suw0h7s3']
496	['kt47i60w', '5nr3j1ew', '5iudn4kq', 'lkb09vs8', '2tax8ajw']
497	['vxavox24', 'b4hl6fnw', 'wtdzad90', 'j23pvlj9', '6sgeraws']
498	['yaedocvp', '9ok153yl', 'b9vm3x3w', 'q9bwvh0t', 'ct4licep']
499	['m4hwwhux', 'x88qugn9', 'ow1n47ui', 'opda8pjy', '7gqkyq1j']
500	['sb5ce0g3', 'gd19rkm2', 'thko9six', 'a5w7tbtp', '1otgdo19']
501	['73oe5as9', 'jhge9qy5', 'gfb11r1i', 'y5a9xtr5', 'vmmztj0a']
502	['7wz030vg', '76aij6sx', '7bhue8w5', '8wyfvk1k', 'hzv51czu']
503	['hqkrer9m', '8f83k2ce', 'y12veqre', 'x4mgnhbg', 'jisznsr3']
504	['d4eae8g3', 'xolflz8g', '0si51n85', 'ogrlupbx', '8bihly91']
505	['0gier0lu', '8jhwamfv', 'wbk363w1', 'jvo0nk3w', 'g9rs9cx8']
506	['u8mu4yga', 'w1bx4a7v', 'uyb0of5p', '5z0xwlxp', 'jjh1z5c6']
507	['7g7sgabs', '4xs9avr0', 'vsphu6ih', 'fdkt6moe', 'sfm82h0g']
508	['1wui9gwa', 'stn5gl2b', 'pxo5uh4w', '7a7oi5dt', 'v47publm']
509	['47p4g80o', '9f0bjknz', 'wubcq0xx', 'f60z8jo2', 'su028g3j']
510	['efbj3uur', 'efm6zj9r', 'vtagfrds', 'tljydrnu', '34dmal99']
511	['bh8zshy9', 'hpbcwiwf', 'dgkutcie', 'dsfbmhbj', 'xj65j05e']
512	['oud5ioks', 'uohbxoeb', 'a40yhtqk', 'zbi0llig', 'hn6clwoj']
513	['uaccs7k9', 'mzekhyu0', '18b6ikq3', 'lwpvyy49', 'c3a85ld0']
514	['tk0iwpnb', 'ocxl6cf4', 'so6irh9b', 'oi8epg9m', 'psaq958v']
515	['lkb09vs8', 'lr20prun', 'cg6v3yma', 'a2voobqa', 'lfqi7jsa']
516	['gtp5daep', 'trrg1mnw', 'yx0u0iyw', 'at5pcnrq', 'e756pbyp']
517	['6pn9jwfn', '8r8586br', '7lhoq10e', 's8nx7wim', 'bf42staf']
518	['fien6nra', 'aakzdkcj', 'onlly1ga', '1l4o9pko', '9wnkmn27']
519	['1hlqov6m', 'if4c0h8a', 'mi6bdisx', '8gl323hs', 'szxz9jve']
520	['rh2jrojk', '9wnkmn27', 'onlly1ga', 'nz976qc6', 'ivy95jpw']
521	['a3efmczu', 'ucmzbezx', 'tg00bqhf', 'n0p8osku', 'v0qj8l7i']
522	['lkb09vs8', 'ftq6ed38', 'f4jx3b2q', 'lr20prun', 'vprj63y2']
523	['sjsaw6yv', 'o86wki37', 'ngbnnpni', 'zqjadbvh', 'gufhaylj']
524	['y8i60bm3', 'xk2inqjm', 'g6kag5ij', 'dql5n9k7', 'cbp4o6ou']
525	['ifovibzi', '0o3wjvpx', 'g15tvzn4', 'zv351n3d', 'zu07vbc4']
526	['dlwwcryb', 'jk0ju2eb', 'y6zisciu', 'fteydbm8', 'e4xw6gyp']
527	['8je46886', 'xtraspw2', '1s8jzzwg', 'w2c01295', 'z86g8dzs']
528	['hnx213kp', 'l4o7nicc', '4mat0psy', '9mact9br', '56zhxd6e']
529	['9169o29b', 'm26sn2qg', 'e0pbs354', '7pcnf2iv', 'jgq968f6']
530	['j67qgjbj', '7momt81r', '2vs7geu6', '582h1w0h', 'p3dex2to']
531	['w1bx4a7v', 'z86g8dzs', '1s8jzzwg', 'yrowv62k', '4mx9t5td']
532	['pfvf8ujb', 'pxo5uh4w', '3z9ubx09', '8th933g4', 'vu1f1hp6']
533	['u1s6ciy4', '4wbkis5w', 'ocguwlam', 'plwoof39', '9n7a9g78']
534	['sok0cyd3', 's2hp3sat', 'jvog9dpj', '7fe2vdm7', '4p6fcy8f']
535	['zjur5j95', 'j2oo4hoo', 'ojw27c8o', 'fe72aj3a', 'brt4zrhe']
536	['8r8586br', '7as9f1n6', 'li8kvzdh', 'cq6mivr9', 'nyvluckw']
537	['y5a9xtr5', '64qt0w2a', 'u7tqolyi', 'rlr17nah', 'yx0u0iyw']
538	['tmonjdrp', '9jqafpkp', 'ueb7mjnv', 'q5wiqpcb', 'p3dex2to']
539	['gorp9n1g', 'utgnwox8', 'dwcu6vyp', '6e0yre69', 'kc6dls2z']
540	['car394ou', '5dbuxvc4', 'q4m2uj6r', 'z8ajje2l', 'ukrm4ow3']
541	['nosh8awp', 'taz8f384', '1vd4j3qc', '4mjrpjit', 'gbgcfa2o']
542	['urv9o2f1', '7hporv6w', '9kfs73sr', 'f2zgrgva', 'u66awao9']
543	['0aqww7cz', '582ts5mf', 'idlmau69', 'gvtp8s8b', 'bvzi49hy']
544	['1y79i676', 'ajlpb9li', 'j8d47de9', 'q5veu992', '00ugdhvf']
545	['ox60yrvu', '9wx4ltyd', '3eu5n942', '49jkx2hc', 's4cfdgbv']
546	['v7szuzfa', 'kt7km3jb', 'u8f58mx1', 'wghwwufg', 'kdxoyvsv']
547	['fgj2lvbg', 'ijoyk390', '2cwvga0k', 'yx0u0iyw', 'ge8o93rh']
548	['gcsew8u3', '2uy0jjdh', '76aij6sx', '7wz030vg', 'amtk0s0v']
549	['zu5mg2im', 'iz74o9de', 'm847xdzk', 'ktwazcrd', 'ujy4i5uu']
550	['u7tqolyi', 'wun5rwsk', 'hm332jqo', 'v6w9mlsa', 'ncayc5zj']
551	['um4v5qr3', 'cnfpsbuk', 'est5jx7g', '59up4v56', 'dikrttn6']
552	['5d7erbr4', '78d7vub4', 'b6lq0aue', 'q4q06pzc', 'bsiwkixj']
553	['hsimf7wt', '56uzzrh8', 'qfrabyp7', 'vs730te0', 'deezca5z']
554	['h5xvrtfy', 'y42gcbj0', 'n6lwnct5', 'ydv0hc0m', 'xxuctcyq']
555	['5i0m18nt', '8dbjycgt', 'cn0hqvsz', 'ql9cfh1j', '9th9mm7e']
556	['7wu8bfo4', '1t1sykok', 'pvsox183', 'bsiwkixj', '6ys3uogb']
557	['p7foay4k', 'y12veqre', '36flecmg', 'fcdwitxy', 't1vom8f3']
558	['8f83k2ce', '4ij9t0t3', 's1hmhupe', '5nsayxwc', 'pi1yzeqg']
559	['dkn85i8r', 'tos222y2', 'c3a85ld0', 'r82wsb0s', 'avflb8ow']
560	['3ttyxjgi', 't8xyrsif', 'l63d9lyd', '87v7i620', 'wzqdo1st']
561	['bshcsfxr', '6hl55c60', 'ywi0a8s1', '8so80bf9', 'l07q84ni']
562	['abmrgpbm', 'y1uk8yfa', 'raw2mt47', '8xrccucr', 'j0uojajt']
563	['ivy95jpw', '0qy6hcgp', 's0ca1r5s', 'nxu1xoax', 'hcw0cisk']
564	['9eu792zu', 'e8fhlo37', 'cplyj4dm', 'dohy9i21', '213bme3q']
565	['bggera4e', 'tdwkxwod', 'bd0fx842', 'ny7wkswf', '2h53dfg2']
566	['42wh36ge', '10lun7te', 'ptnpgh3j', 'gkf3wez8', 'x4ix852w']
567	['q9bwvh0t', 'ocxl6cf4', 'xmd8fh95', '1fdnbq1f', 'v5eth1m3']
568	['1nk1t5qs', 'q7pieq3w', 'q4q06pzc', 'vnb7g17n', 'jveh2w09']
569	['5lzixulv', 's4xintwp', '8pdlynuo', '9n7a9g78', 'gbpfypmn']
570	['em2uatlm', 'wcq3qqt4', 'zc10b6j5', 'wtxhbzr9', '07cica09']
571	['ufzjvdho', 'jo489zm2', '05djnz4p', 's3vaa0yc', 'cfkh0ypy']
572	['84z7jgcl', 'h1wycwxc', 'sljh3o2k', '9ds4ot1q', 'n5bqf6rj']
573	['3p31ei4k', 'f2gsqyv9', 'sskqco38', 'kfjgy6wl', 'raz9veem']
574	['li8kvzdh', 'y6zisciu', 'wtovv1jy', '2r0a357c', '46y1pa7o']
575	['s2hp3sat', 'sok0cyd3', 'oywhabcd', 'n1ysi7qc', 'xs7vkm19']
576	['z1y1zgo8', '7hporv6w', 'u66awao9', '25bdifv6', '98ejxivc']
577	['mgtxchud', '5al7jmeb', 'hhq50mrc', 'me4v1qyr', 'lzsbte0j']
578	['yqx0xqz9', 'dbxufi3m', '7e0x1525', 'v5beddu4', '518rjfnc']
579	['sygm6irl', 'trmwm9qq', 'd21lvneh', 'aakzdkcj', '2l883zhe']
580	['s6b2zp99', 'tzp03hmr', 'qkg8fwbp', 'm8xfza1d', '6a8j7hjt']
581	['q1yn89cq', '7a8ym7uj', '7fapl71l', 'yu7h0es1', '8dgahmka']
582	['xlscrlc9', 'mg9kypvn', 's0374olh', 'e756pbyp', 'qb1f03hz']
583	['k3vs6vhz', '46swnjb4', '6wsa54w2', 'cutwvq3b', 'jjjgu3n0']
584	['h73m17lw', 'dlwwcryb', 'e9ba18fn', 'f6j1yhvp', 'c84lpxrn']
585	['34j9n40u', '1wui9gwa', 'jjgfgqwg', 'y5a9xtr5', '1iago9rr']
586	['uaccs7k9', 'mzekhyu0', 'qub1i1bl', 'xzy98hm3', 'vpoqfm7d']
587	['k30wvnx8', '1itor6ic', 'u42d1p1j', 'upf0ecx7', 'ikon1ktb']
588	['bo6kbb6k', 'jqueo6zg', 'hp2ifk2d', 'jcueu1xh', 'rpxw3a01']
589	['0qy6hcgp', 'hcw0cisk', 'd21lvneh', 'ivy95jpw', 's0ca1r5s']
590	['z86g8dzs', '5z0xwlxp', '8je46886', 'w1bx4a7v', 'uyb0of5p']
591	['dc8z4jzo', 'lgtpeqhw', '723l0buc', 'md0drb25', 'z2jtzsl6']
592	['vu8ao4pt', 'jkm496ip', '4ylmj9ub', 'mo4luyx6', 'yj3yisum']
593	['t006jnl5', 'px3vhh6a', 'wt6bp8os', '9qklnvyl', '5tkyir3r']
594	['49ejyfie', '25aj8rj5', 'q1ay1u90', 'ssicvtv0', 'kde51mn0']
595	['6zjzy0ft', 'fa05sovj', '5iudn4kq', '6crputzl', '4vkkaqhz']
596	['tzp03hmr', '9f0bjknz', 'b9b6ww9q', 'dljqpvyk', '47p4g80o']
597	['opjfy3xr', 'nom4z0tv', '0mwz8kwo', '8je46886', 'w1bx4a7v']
598	['bggera4e', '0eoswftu', 'asphtor7', 'tdwkxwod', '2h53dfg2']
599	['p699a0g2', '8ruux4sw', 'qci7khki', 'urv9o2f1', '5f95gve3']
600	['11xjl53c', '8i2ryrfe', 'a4klrp3h', 'n9aqux5a', '4ylt5rhg']
601	['vf1vku8s', 'pc2cnhjd', 'aawjla6h', '5zn5mgi9', '95e1kuux']
602	['c9sidpy9', 'eebsywlz', '2jwuzfan', 'ipon95io', 'v1ei9im8']
603	['pc04eb8e', 'o9me37ri', 'dljqpvyk', '7qxs79qy', 'syy2r7jr']
604	['e0pz0z4j', 't1vom8f3', 'y7lrp0gc', 'jisznsr3', '41jqgsv0']
605	['kjf63oug', 'hvp47bm2', 'y7lrp0gc', 'e0pz0z4j', 'jisznsr3']
606	['lav0kp21', 'z86g8dzs', 'w0ebmg16', '4mx9t5td', 'tcby6780']
607	['u8mu4yga', 'z86g8dzs', '0cnjtxyq', '9qsqj91d', '0clp6zt6']
608	['h98tts7e', 'z8ajje2l', 'di4p48ax', '7wu8bfo4', '1iago9rr']
609	['hitaptnp', 'wg18wior', 'cqv2cv9r', '3r418rss', 'z9jqbliw']
610	['v6w9mlsa', 'ovgk0wsn', '69afkw7x', 'i5j4nmjz', 'oe4bzale']
611	['f6vau5s6', 'zrnxq5uq', 'x84su3ki', '11d18w9y', 'i6qoo03c']
612	['llv66c9p', 'w7o2r4g1', 'wzyj4y30', '2ierk83o', '4bvxj7u3']
613	['yx3j6373', '0vy5yifk', 'ey34e59f', 'wcmxmahq', 'nvqv99ak']
614	['92qcakzi', '40fvjskj', 'hhq50mrc', 'mgtxchud', 'vcl64usu']
615	['styavbvi', 'jrqlhjsm', '3qvh482o', '8t2tic9n', 'hg3xpej0']
616	['kkbed30m', 'i6o608fm', 'i5j4nmjz', 'q44yuued', 'qy4gsvac']
617	['pg50i2ql', 'm26sn2qg', 'jgq968f6', 'qkjieod9', 'oywhabcd']
618	['mgtxchud', '7hporv6w', '4grqkn3u', 'urv9o2f1', 'yx3j6373']
619	['a2voobqa', 'uyb0of5p', 'u8mu4yga', '9hpkmjvu', '5z0xwlxp']
620	['lt7qsxxh', '9avmlz30', 'h1sura49', 'nxabdur3', 'du8wmh6n']
621	['5y6gjl2t', 'f3eogz0n', '7mcfehzc', '2cwvga0k', '6a728le9']
622	['gg2swy7i', '9oui0l6v', 'vadaxbsr', 'e1macqqm', 'vc0ezpp7']
623	['puu8wib8', 'no45mgyd', 'ok9o9tta', '37hn7u3f', 'dssikr5i']
624	['4vtad2ve', 'iyopfos0', 'bsiwkixj', 'oxtvcoi9', 'h8ej5w6j']
625	['vu8ao4pt', 'q92unteg', 'bakwk4tm', 'pwvcwlh8', 'ga6stxuh']
626	['gdcqu3nb', 'dksw5yzp', '7o7v0ewg', 'f5ehif2w', 'umrk96gz']
627	['17km3arw', 'u66awao9', 'urv9o2f1', 'uuojkhn3', 'g4i4hkhz']
628	['ilnudz0g', '1blzi9r3', 'cwm0bsov', 'ryfz5xsj', 'ljaolrhr']
629	['leg5ntvu', 'i0swl50w', 'ihler8r0', 'o1xsjx2p', 'p576v9du']
630	['0clp6zt6', 'x9sfgtim', 'ropgq7tr', 'umvrwgaw', '4mx9t5td']
631	['yj3yisum', '7iey13v7', 'rj9k9awy', 'hm332jqo', 'mvm1t0y7']
632	['8f83k2ce', '5nsayxwc', 'jpenhh92', 'ii3di3dz', 'jisznsr3']
633	['gfb11r1i', 'g266ttng', 'z8ajje2l', '1iago9rr', '1nmzo9at']
634	['whkfvd7l', 's3o9v1fl', 'fm8koqjd', 'i9nchww2', 'n39y3kq2']
635	['qsyqnwn5', '3fiqpart', '607lsqlg', 'w1bx4a7v', 'l8zfuhzk']
636	['55lbj72e', 'jfjxujwj', 'klqji8gj', 'sybr04qy', 'cxqzo58q']
637	['hqkrer9m', '8f83k2ce', '64qt0w2a', 's1hmhupe', 'a7eabvvo']
638	['lnls2mhg', 'r2cx0nmw', '7wu8bfo4', 'y6ufb4l6', 'imheos0p']
639	['wn98fql3', 'mnjy6bq2', '2f7wqamp', 'g57r3son', 'knbngla3']
640	['2q6qmex3', 'ezrarusj', 'h4fo8h90', 'k4lqkqnx', '3kk1l0ag']
641	['77m4rhrz', 'zueghgx5', '9jqafpkp', 'zxe95qy9', 'ueb7mjnv']
642	['octtj2vf', 'f4jx3b2q', 'wcq3qqt4', 'lkb09vs8', 'ey0r1py7']
643	['wknaotjt', '2qsh2dlk', 'mgtxchud', 'urv9o2f1', 'o0m20894']
644	['aawjla6h', '4p6fcy8f', 'jk37ej4c', 'nwb7qf9l', '5zn5mgi9']
645	['t8jlihgm', '679ds029', '059oj76m', '25enjybe', 'b3ui95vx']
646	['qh7biax3', '4iuxm6z2', 'ztwemu74', '8ztv34hs', 'bzzln9kc']
647	['astxi4el', 'vx1hjh26', '5azti19e', 'l2i3aa3k', 'dhd9e9bn']
648	['1nmzo9at', '1iago9rr', 'h98tts7e', '582ts5mf', 'v3n2r4ia']
649	['2sp8nm0i', 'jw42gokv', 'rw3l8nk8', 'en0obmna', 'jcueu1xh']
650	['ivy95jpw', '14alhxc3', 'nxu1xoax', 'l97yi8l9', 'sywxrxmf']
651	['0rsbmh48', 'jlnopr1j', '5oy0q6ca', 'umttnp1g', '7lli72ph']
652	['yrowv62k', '3h80bn0k', 'opjfy3xr', 'eywnnzxe', 't0iw2vod']
653	['uyzalds2', 'hp4hmooy', 'ljpeq5aw', 'la9zgtzb', '3p3qqrtw']
654	['9wnkmn27', 'rh2jrojk', '1l4o9pko', 'onlly1ga', '407va85q']
655	['4bw26042', 'tuqp3ngs', 'jc5ik84m', 'lz8b60ew', 'egzlstrz']
656	['en0obmna', 'xolflz8g', 'rw3l8nk8', 'knlc3bxh', 'jcueu1xh']
657	['pdiyqdb3', 'fo9uq389', 'ewf1z1ee', '86gqxajw', 'oywhabcd']
658	['ml27mexb', 'qeqd4soe', 'aakzdkcj', '9wnkmn27', '186wyg7t']
659	['3nf5bxv3', 'ccjzc1x0', '0c03fjk5', 'z65wm00n', 'fbcu88lv']
660	['x5m6u9pg', '5i0m18nt', 'c6svgwoj', 'hkh1crxr', 'fp81ceeu']
661	['29tcwijl', 'f2ypnls4', 'nbqne4wp', 'xeb14weg', 'vw9jd88a']
662	['qeqd4soe', '7esjlc7i', 'ml27mexb', '1ov3eydq', 'te0v91nr']
663	['20xgqvxc', '6crputzl', 'kt47i60w', 'apfimvix', '5iudn4kq']
664	['f97doeoj', 'v056i6g7', 'xp2qkk52', '4vq9ljlg', 'bzn7wd36']
665	['evf9nz05', 'gln6e0t4', 'vgffg4c1', 'wku1sd9k', 'trlni6iq']
666	['lv5xjfk4', 'qhbuvt1l', '8sb8brew', 't024w7h6', 'ntra3jhs']
667	['j4p46aiv', '8th933g4', 'z4s7u17l', 'h9nzxlaf', 'ogchq8gz']
668	['in69fhw9', '7d6snq1v', 'yx0u0iyw', '0si51n85', 'ysf5k0ky']
669	['rh2jrojk', 'mo23hpe1', '1l4o9pko', 'iu5ndsxn', '2l883zhe']
670	['bfm45zas', 'lbrpbhpg', 'u6rt6zd4', '6a728le9', 'ilnudz0g']
671	['m2z6k2va', 'cg6v3yma', 'ordof7g5', 'xtmn1n0r', '0clp6zt6']
672	['f6li7qil', '5q6cnfse', 'rg3iygo4', '2qwv6wzq', '1j4w2hyp']
673	['sywxrxmf', 'pvrp8u8n', 'ivy95jpw', '9wnkmn27', '1l4o9pko']
674	['8ko7mmu3', 'z86g8dzs', 'nv1w6juh', 'u8mu4yga', 'mcmqx7og']
675	['k5jkntul', '0z7ey1nm', '5t16srpn', 'bre2ijbb', 'dblqryhy']
676	['lfo6otkc', '0retx7ty', 'nro623aa', '8r6hln9b', 'vj2z52vg']
677	['lbkjxws4', 'ko42qlzr', 'z6cdyy0w', '0aik5i71', '9pb2eqoa']
678	['nom4z0tv', '1s8jzzwg', 'x51jorbm', 'xtmn1n0r', 'x9sfgtim']
679	['ijzoa0yn', '582ts5mf', 'h98tts7e', 'y1nrc138', '3u3i5myh']
680	['16qdfits', '27jytj4k', 'i57f9ayv', 'okabnt0t', 'm0zvo2tq']
681	['7tdgwxps', 'xhkjbeam', 'w0j0n8mn', '3jrb0sn8', 'acfa95vw']
682	['1gbq9j88', '8wyfvk1k', 'hzv51czu', 'ml8arkpd', 'hh37bsfp']
683	['9kk8pevp', 'ijoyk390', 'jveh2w09', '1ef8ac5c', '02bk8vtk']
684	['mu2vqjnv', '8dh4xvph', 'mo7oq5t8', '2fsjqsiz', 'pa81t00f']
685	['3jn7tdaj', 'e9xx6mhg', 'octtj2vf', 'kayh0v56', 'qfq1nfcn']
686	['rnfh9v1h', 'lbkjxws4', 'qh7biax3', 'gufhaylj', 'wpuf4ofo']
687	['tcby6780', 'eohd0jjy', '20xgqvxc', 'q1nye2ih', 'vf7xj5qt']
688	['5azti19e', 'zew4tzy7', 'kayh0v56', 'bmgfoine', 'w3kkizaq']
689	['eo89w6qp', '8lnjbxe5', 'stn5gl2b', 'ppuki7qn', 'zcwh1892']
690	['x996e0cn', '0iqdqcp6', 'j7vm8h9t', '5g8u35f8', 'z3msyl45']
691	['ucmzbezx', '2r0a357c', 'u6tbu9jf', 'zecuhkcd', 'tzdgc3dw']
692	['24u6q3ae', 'bw6a5gmy', 'r7kvv48s', 'edz3up3a', '9btdjktj']
693	['mgtxchud', 'jo0m0w68', 'jo38hjqa', 'hhq50mrc', '24u6q3ae']
694	['k7smwz6w', 'b0dzhsrh', '5xon5yb4', 'aqbhxv1f', 'stlvi1lh']
695	['8f83k2ce', '41jqgsv0', 'jpenhh92', 'ii3di3dz', 'jisznsr3']
696	['zecuhkcd', 'ucmzbezx', 'yi2m5ukw', 'q5wiqpcb', 'e3dh0huv']
697	['h1ncnt2c', '8wqii0nd', '6ctrrvi9', 'jlqpwfwm', 'leokcqqy']
698	['oi8epg9m', 'yx0u0iyw', 'l5ogbl5p', 'v47publm', '09jbs6mx']
699	['72jwlfqr', 'hunepli1', '19skljon', '0aqww7cz', 'vf7xj5qt']
700	['ruegzkoo', '8aosx41e', 'dxym95pe', 'mom4y7cl', 'k0v1axmd']
701	['vrhrc7v6', 'rwgqkow3', 'juofmvz2', 'vygvs1x3', 'wb1apvn2']
702	['8f83k2ce', 'jisznsr3', '36flecmg', '5nsayxwc', 'y12veqre']
703	['iobpcfs5', '944pn0k9', '4haf8aaw', 'gy0kfhy6', '3nxmw97e']
704	['xk6rp4e7', 'mgtxchud', '4unn3fmu', 'ky5env7t', '9mdf927z']
705	['f3j0g82b', '9kk8pevp', 'vnb7g17n', 'ilnudz0g', 'eoumpu50']
706	['kt7km3jb', 'v7szuzfa', 'v0y734lu', 'wslsqytj', '3tfof5nd']
707	['2vs7geu6', 'b9evh1l2', 'jk37ej4c', 'iz5uzizo', 'zq9ehv7a']
708	['121p2shq', 'v3n2r4ia', 'c5be70t6', 'leqluxpl', '3kng7qea']
709	['ivy95jpw', 'iu5ndsxn', '7th3d6wk', 'hcw0cisk', '0qy6hcgp']
710	['3ttyxjgi', 'uyb0of5p', '763v4duh', '5z0xwlxp', '0cnjtxyq']
711	['n6lwnct5', 's2hp3sat', 'iy9mqd4f', 'h3tor88n', 'jwjualy2']
712	['208w0eyz', 'fhc1qf8d', 'rbau5dc2', 'nuzt4jcf', 's2811lpo']
713	['nln6pl3h', 'bw6a5gmy', '24u6q3ae', 's3vaa0yc', 'lkrh3svp']
714	['tzp03hmr', 'u6a65x9h', '73oe5as9', '2tax8ajw', 'pofysmv8']
715	['1fx7x8af', 'gvn2v6rt', 'n3swuykg', 'l0l2ev29', '5rsxnrdr']
716	['y047cuxp', 'oijl3pjt', '3jrb0sn8', '555e3ndo', 'fq9wx29o']
717	['24u6q3ae', 'edz3up3a', 'f6i46t3h', 'wq3rlpo3', 'ouno4jpl']
718	['tmonjdrp', 'f1ckv4bk', 'eu2vjpw9', '5azti19e', 'vww8d1ew']
719	['8r6hln9b', 'xwghd9ut', 't024w7h6', 'urv9o2f1', 'jk37ej4c']
720	['dx53hxej', 'wzp7hpgc', 'q7ixed9f', 'na3c21pf', 'o7qytdl5']
721	['cv5th7hd', 'o29hjkca', 'lgptgv72', 'vjpf1fk6', '7hporv6w']
722	['n5qfwl57', 'fff0swre', 'dc8z4jzo', 'ksqxfx8m', '4kfbs7j4']
723	['3jn7tdaj', '47d0wl98', '7ru6tapp', '5azti19e', 'bdvnwrd4']
724	['jvog9dpj', 'jgs4jszx', 'dztaijzu', 'lxabtp41', 'ach2lhhe']
725	['7wu8bfo4', 'h98tts7e', 'ijzoa0yn', 'z8ajje2l', 'f3mvdpq1']
726	['ftq6ed38', '3jn7tdaj', 'unl3n0tn', 'bkm8k9ud', 'y14lw5b2']
727	['8hvve871', 'dc8z4jzo', 'lgtpeqhw', 'ikon1ktb', 'n5qfwl57']
728	['kt47i60w', '5iudn4kq', '5nr3j1ew', 'q7pieq3w', 'lkb09vs8']
729	['8xf8u6bg', '9enbrd6h', 'kn9lna4m', '20nozop1', '55yxh5er']
730	['aakzdkcj', '1l4o9pko', 'nz976qc6', '9wnkmn27', 'onlly1ga']
731	['4vkgn3yt', '1s8jzzwg', '8je46886', 'pdfl15fz', '4p6fcy8f']
732	['4socpj73', 'xeb14weg', 'a68y6qsf', 'bshcsfxr', '9colibhs']
733	['ocxl6cf4', '9ok153yl', 'yaedocvp', 'h9nzxlaf', 'psaq958v']
734	['fjzhe9tp', '1rxw5xro', 'mlozjg9h', '86hpivc6', '3xpfjy1z']
735	['gufhaylj', 'sjsaw6yv', '35nshnn2', 'wh3k3u28', '5zaw2iot']
736	['12yshnt5', 'tk0iwpnb', 'lclxe7i9', 'nrhk8ctf', 'wt5qxe0j']
737	['egn81atf', 'awfgfmx1', '1smu8yc3', '11xjl53c', 'zf8qg1q3']
738	['ashxoaav', 'vu8hfm1g', 'wijqiktk', 'q3yt3udf', 'w750idb5']
739	['iid4bnvw', 'mdy40mhu', 'tv014ubp', 'ee8bzn2l', 'a3fvifax']
740	['drto66xt', '37gpov43', 'rwevmwcr', '68x50rni', 'yvdaljz9']
741	['ftq6ed38', 'ucmzbezx', 's2e56ety', '3ty5ozsm', 's1olwzxi']
742	['qh7biax3', 'bzzln9kc', 'kutc6ts0', 'td8uwcas', 'c4ihkcyr']
743	['6fpw6y8t', '1w3x0g42', 'hb3wcm04', 'nj94rv6f', 'bk3ss63e']
744	['tfpa12kr', '1wcfrvnd', 'zmkvs7e7', 'wtqwghon', 'jveh2w09']
745	['ivy95jpw', 'nxu1xoax', 'd21lvneh', '0qy6hcgp', 'hcw0cisk']
746	['du7ba2ky', 'btao9cun', 'tlr243il', '55vu6b3u', 'w49i0xkz']
747	['8o2xddof', 'l97yi8l9', 'lm73oj21', 'onlly1ga', 'rh2jrojk']
748	['nom4z0tv', '1s8jzzwg', '92ljfia5', 'ai60maqz', '8je46886']
749	['h6dsjkvz', 'ec3pmvih', '2i7zd1t2', 'vqswp96l', '92z77upt']
750	['52lf5gzr', 'djev6er7', '3lfmmfp2', '69wuny3p', '8lnjbxe5']
751	['oaq5a5i3', 'x14iywtr', '7omyaap8', 'gysvo8e9', 'veeavho5']
752	['7wu8bfo4', 'z8ajje2l', '7a543f7v', 'irhizn0b', 'r2cx0nmw']
753	['hhq50mrc', 'bvzi49hy', 'oi8epg9m', 'lby3xhmp', 'v47publm']
754	['r66vfirw', 'yy77zuu4', '8aosx41e', '81rxs247', 'evf9nz05']
755	['jrqlhjsm', 'hg3xpej0', 'uxz185vr', 'gtp5daep', 'x7qlnugx']
756	['1s8jzzwg', '0mwz8kwo', '8je46886', 'w1bx4a7v', 'dt2pew66']
757	['f80cfjrn', 'f3swmk24', 'v7szuzfa', '3s3tzfnn', '5nyc1cn5']
758	['li8kvzdh', '6hl6rtsh', 'e5y8pp5b', 'mgtxchud', 'icgsbelo']
759	['z2jtzsl6', '4kfbs7j4', 'kd3as3b9', 'wf72fra8', 'nfem3htm']
760	['onjgfr4j', '9a27s0zn', '8pdlynuo', 'lh9tk4a4', 'mdmfsclg']
761	['trrg1mnw', 'gtp5daep', '25aj8rj5', 'soz9p0yd', '2jdlavwj']
762	['gha1wg4w', 'u2kjft6q', 'g0wujywh', '0aik5i71', 'z6cdyy0w']
763	['2uidarm3', 'nz976qc6', '9wnkmn27', 'onlly1ga', 'zqzs6vtf']
764	['8f83k2ce', 'y12veqre', '36flecmg', 'q8l3ra55', '41jqgsv0']
765	['qkg8fwbp', 'u5nxm9tu', 'ujq9mxk7', '5nue46dm', 'myqli11j']
766	['o7ww2prj', 'ohfi48d6', 'oh23px9c', 'xlscrlc9', 'ec6ov0jw']
767	['a2voobqa', 'ximw03ej', 'tra5ewc5', '0clp6zt6', 'itxde5mw']
768	['dksw5yzp', '0zjpvzof', 'qlejjw9s', 'x11ntaqf', 'xli7wyg4']
769	['ufzjvdho', 'jo489zm2', '05djnz4p', 'cmc4ocay', 'z3msyl45']
770	['7wu8bfo4', '92qcakzi', 'pvsox183', 'me4v1qyr', 'bw6a5gmy']
771	['ijoyk390', 'lgflny84', '6j45mmjh', 'f2jzz41d', 'm41w2007']
772	['g3hujz5o', 'duwr9b5b', '1xvj7xq7', 'xk6rp4e7', 'ioey6zgd']
773	['l5nncxqo', 'v7ckvxjp', 'tv014ubp', '6bwd99d9', 'xk2inqjm']
774	['np1y2fkt', 'e8az2cw3', 'f3mvdpq1', '7pqy0ejn', '55gugbs8']
775	['0oq0xmzr', 'ynaxwnlp', 'yy8mbw1a', 'okbjepet', 'xvpn9dvf']
776	['qi1henyy', 'gb1sk22m', 'jjh1z5c6', 'w1bx4a7v', '4mx9t5td']
777	['myqli11j', 'ujq9mxk7', 'vx1hjh26', 'l0b99hye', 'n040i865']
778	['95e1kuux', 'dq3qunwe', 'ai60maqz', 'qkjieod9', '0emibwp3']
779	['8zufbeuz', '5aev7ltr', 'qgwu9fsk', 'so9uy899', 'bv7hvc1e']
780	['l72grjbg', '7f33cu6l', '3cr97dii', 'c187k4yc', 'ttpbs13r']
781	['ok9o9tta', 'x7qlnugx', 'faj85qxc', '6mfd3n4s', '3qvh482o']
782	['18f7x2ci', 'd5sxycaw', '7klqhnr2', 'solieify', 'supf8vel']
783	['54fmvcl5', '7hporv6w', '2tax8ajw', '9qo95a1c', 'lvvw1npq']
784	['mkgszhkk', 'z86g8dzs', '8je46886', 'yrowv62k', '8ko7mmu3']
785	['n4kke717', 'zu07vbc4', 'r4dgrxel', 'dobxp4uy', 'b8ipstv2']
786	['yw81byd0', 'ickzzm6y', '597wavq2', '8xvqq5eh', 'jxsldz4o']
787	['iobpcfs5', 's0w95qdn', 'tvzn0112', 'jtwb17u8', 'pq75mafr']
788	['irhizn0b', 'y9fqa20z', 'zelsywyu', '1wui9gwa', 'm1bvurwi']
789	['x44oc1k6', 'tlr243il', 'roi3lta6', 'btao9cun', 'n3xm6c0y']
790	['9svrz0vj', 's6kdchlo', 'm2nupp4k', '90dvjv32', 'vrate482']
791	['rr0v0ju1', 'evf9nz05', 'uifnjio5', 'd7024aia', 'lxqsc60e']
792	['jgq968f6', '4p6fcy8f', 'lpoxaetv', 'sok0cyd3', '3otvtwbb']
793	['fw211spn', '55vu6b3u', 'yfoqy2id', 'llqpfhwg', 'dpt7sh4h']
794	['ccljxw2s', 'jlqpwfwm', 'lcl9jn35', '43ocdbp5', '1b5hb0g9']
795	['dsfbmhbj', '855atuue', 'ocxl6cf4', 'q9bwvh0t', 'gjsrfmj4']
796	['u8mu4yga', 'a2voobqa', 'tra5ewc5', '8je46886', 'z86g8dzs']
797	['pofysmv8', 'jnwuu08w', '855atuue', 'rfv0omd6', 'u99omznb']
798	['8je46886', 'xtraspw2', '1s8jzzwg', 'u8mu4yga', 'w2c01295']
799	['hb3wcm04', 'wjktna81', 'k8xp61uu', 'm45teajz', 'jzm6nc41']
800	['8f83k2ce', 'jisznsr3', 'x4mgnhbg', 'a7eabvvo', 'hqkrer9m']
801	['pxo5uh4w', 'cabmmgg6', 'ub7ilx98', 'pfvf8ujb', '2dixw8up']
802	['ftq6ed38', '3jn7tdaj', 'kayh0v56', 'zew4tzy7', 'wi1slkpf']
803	['4mjrpjit', 'ub3kjqkv', 'msovjuk4', 'jlnt1pdd', 'itx70h27']
804	['z86g8dzs', 'w1bx4a7v', '0mwz8kwo', '8je46886', 'yrowv62k']
805	['d0s3vl2w', 'w3gt0w41', 'd8lx9ffy', 'vx1hjh26', '0bbxyyea']
806	['2kh4iw8h', 'x7siihod', 'j41c15mw', 'uru7bkr4', 'gunn55f9']
807	['1fx7x8af', 'gvn2v6rt', '7vh7d3p4', 'yguqwc1l', 'n3swuykg']
808	['entkqcn3', 'ksjkypzx', 'v29jmh6s', 'h2sryzwn', 'klj710h2']
809	['j2t0ofgt', 'kn9lna4m', 'b7w2n36j', '8a8eheip', 'y1uk8yfa']
810	['wubcq0xx', '9f0bjknz', 'mom4y7cl', '81rxs247', 'o9vlrox4']
811	['k9xhphpl', '80dfqjql', 'tjplc5j6', 'gp3ib74q', '3ss714ha']
812	['z86g8dzs', '8je46886', 'yrowv62k', '0cnjtxyq', 'nom4z0tv']
813	['zu5mg2im', '2hbcbvt6', 'ktwazcrd', 't038136e', 'iz74o9de']
814	['1m093f8d', 'y2715f19', 'y6zisciu', 'a0q61mpi', 'beb9lxvn']
815	['8aosx41e', 'bzzln9kc', 'y9fqa20z', '755ym7vl', '81rxs247']
816	['zjbyz1vy', '6entp07f', 'fgab2fu3', 'ybpev0vi', 'g5uu01aa']
817	['q4m2uj6r', '5dbuxvc4', 'car394ou', 'p6uliadr', 'z8ajje2l']
818	['4ylmj9ub', 'rimct0c4', 'mo4luyx6', 'gruir7aw', 'dfyshke7']
819	['8zufbeuz', '5aev7ltr', '26kx1b0h', 'bv7hvc1e', 'so9uy899']
820	['isxasd9b', '8xrccucr', 'y1uk8yfa', 'e0pz0z4j', 's1hmhupe']
821	['e1macqqm', '9oui0l6v', '66mhasjt', 'kfn2q7wt', 'cj7tcpsz']
822	['b70zywkw', 'sdij1d90', 'y7lrp0gc', '7axeex76', 'e0pz0z4j']
823	['eef8mem7', 'vpz3o29f', '0ve5b28s', 'zx9wt8wi', 'f8ah4lzx']
824	['wxor6kg3', 'znswomwk', 'jbmzvljk', 'yj25zkx6', 'n2wqalcu']
825	['mt61b7o7', 's23d5pns', 'moplus2n', 'lafh3w44', 'd7tk12u2']
826	['yn7e3do9', 'vg96f35h', '6j45mmjh', '6a728le9', '2cwvga0k']
827	['6pn9jwfn', 'li8kvzdh', 'wtovv1jy', 'bnzb1yon', 'bf42staf']
828	['36flecmg', 'y12veqre', 't1vom8f3', '0lk8eujq', 'e0pz0z4j']
829	['y7lrp0gc', 'dgnddq80', '7axeex76', 'ajmelb8a', 'lgnhlxgd']
830	['6j45mmjh', 'gtp01rna', '6a728le9', 'i3jsvtwp', 'lgflny84']
831	['hapw6lv9', '1hlqov6m', 'hpbcwiwf', 'yaedocvp', 'bh8zshy9']
832	['v06kyana', 'ibnudp1x', '97vw83zu', 'iu2frsec', 'ohqr1v13']
833	['jnmpyovl', 'kt47i60w', 't8xyrsif', 'wg5cfp0k', 'b8ipstv2']
834	['oi8epg9m', 'tp7wthiv', 'ogchq8gz', '9h4zzo5q', 'iy8pp5ey']
835	['2tu707ng', '4grqkn3u', 'omk29wlq', 'lgptgv72', 'deezca5z']
836	['z8ajje2l', 'h98tts7e', '7wu8bfo4', 'y1nrc138', 'l0b99hye']
837	['a9prti0f', 'ttpbs13r', 'n5c0hcwn', 'mi6bdisx', '0aik5i71']
838	['qeqd4soe', 'o1xkgkn1', 'aakzdkcj', 'd21lvneh', '1l4o9pko']
839	['kt47i60w', '5iudn4kq', '1j4w2hyp', 'gi21di4d', '5nr3j1ew']
840	['ax87r0bj', 'srfypn7j', 'pc04eb8e', 'a7nj8sgl', '1hlndwzk']
841	['hunepli1', 'ou731vpe', 'fgj2lvbg', '1nk1t5qs', 'o29hjkca']
842	['5y6gjl2t', '1w3x0g42', '7mcfehzc', 'k36rymkv', '4cy3er3y']
843	['sywxrxmf', '1l4o9pko', 'aakzdkcj', 'ivy95jpw', 'lm73oj21']
844	['k2jzadwq', 'xee6npr3', 'v7szuzfa', 'hed6x22m', '1fdnbq1f']
845	['e7gq365q', 'qhbuvt1l', 'eebsywlz', 'ebbaw3td', 'd06npvro']
846	['04vbjlab', 'g0g84bqy', '8dh4xvph', 'jzosdlu7', 'mu2vqjnv']
847	['1hi3dr1i', 'zghh0zbd', 'q1qqm9e6', '4zelg0m1', 'dqrp18c6']
848	['vbx8khih', 'zu07vbc4', 'n4kke717', 'r4dgrxel', '0o3wjvpx']
849	['hqkrer9m', 'y12veqre', 'a7eabvvo', 'lrgmyfjs', '41jqgsv0']
850	['y7lrp0gc', 'dgnddq80', '7axeex76', 'e0pz0z4j', 'a7eabvvo']
851	['dt2pew66', '0mwz8kwo', 'yrowv62k', 'w1bx4a7v', '1s8jzzwg']
852	['tk0iwpnb', 'lclxe7i9', '12yshnt5', 'nrhk8ctf', 'wt5qxe0j']
853	['m2id6kxw', '929rrh59', 'leg5ntvu', 'b6lq0aue', '9pn62o4p']
854	['ca04j8sc', 'iy8pp5ey', 'tp7wthiv', 'so6irh9b', 'tk0iwpnb']
855	['wgpty5w3', 'wknaotjt', 'e5y8pp5b', 'rlvfk8w8', '2oi5km6u']
856	['1l4o9pko', 'aakzdkcj', 'd21lvneh', 'qeqd4soe', 'lm73oj21']
857	['of996ayq', 'pm3ck1gk', 'wiei5dpt', '43alju3x', 'zc10b6j5']
858	['8acldtv2', '8lyipugh', 'ue58uvot', 'h2h4bnd5', 'lvw0cnwj']
859	['ok9o9tta', 'x7qlnugx', 'ho6qjkyr', 'jrqlhjsm', 'ssicvtv0']
860	['nrhk8ctf', 'tk0iwpnb', '12yshnt5', 'lclxe7i9', 'wt6azxc1']
861	['2rx84imv', 'dxrltm25', 'bmmdygbs', '8iqs6jko', 'mnjy6bq2']
862	['sdtr6yla', 'vnb7g17n', 'pn516wom', '0qyhjutm', 'k0eheo71']
863	['9h74xlvv', 'vabb2f26', '3l6ipiwk', 'vn3g9qww', 'qh6rif48']
864	['yo2lpdi4', 'jfjxujwj', '0l6ruql9', 'sybr04qy', 'cxqzo58q']
865	['zuc538yd', 'cj7tcpsz', 'vbayngh0', 'h8c8lc0a', 'eknllnci']
866	['jk0ju2eb', '222c1jzv', 'v4xszcfb', 'q7pieq3w', 'bb6lv6yg']
867	['lav0kp21', 'oaq5a5i3', '6l3coibe', '9nyfz7s2', 'gi21di4d']
868	['y1uk8yfa', '8xrccucr', 's1hmhupe', 'abmrgpbm', 'f2zgrgva']
869	['0oxo2awm', 'sm0112e3', 'z22g03v4', 'iuziorsk', 'wmpjfc02']
870	['hh7lccet', 'pybdjsdj', 'xuqkhpn7', 'qiyd67z3', 'gkf3wez8']
871	['r1tl2hrk', 'foy3dsq4', 'edz3up3a', '05djnz4p', 'znswomwk']
872	['pc2cnhjd', 'ykxr9q1j', 'r58aohnu', '1zuhilmu', '4p6fcy8f']
873	['dt2pew66', '1s8jzzwg', 'nom4z0tv', '3h80bn0k', 'z86g8dzs']
874	['36flecmg', '8f83k2ce', '7lx4w75b', 'y12veqre', 'q8l3ra55']
875	['y1uk8yfa', 'gkf3wez8', 'ok9o9tta', 'c5fn8t7f', 'q8l3ra55']
876	['gin90aef', 'w2c01295', 'umvrwgaw', 'w1bx4a7v', '4mx9t5td']
877	['wz6446aw', 'xee6npr3', 'r9yzx0pk', 'mg9kypvn', 'm1bvurwi']
878	['b870ftnq', 'yx3j6373', '42t0zriz', 'mgtxchud', 'urv9o2f1']
879	['6mzqk12f', 'c4ihkcyr', '54fmvcl5', 'kutc6ts0', 'bzzln9kc']
880	['gtp5daep', 'trrg1mnw', 'dwgxrbag', 'x7qlnugx', '657acgl4']
881	['z86g8dzs', 'u8mu4yga', '2gjo4oqn', 'ewg9d4ei', 't0iw2vod']
882	['45y7jepy', '4ffyrw1k', 'dczcruim', 'zc10b6j5', 'q4gattkk']
883	['y7lrp0gc', 'dgnddq80', '7axeex76', 'lgnhlxgd', 'su41e4vo']
884	['w1bx4a7v', 'ropgq7tr', 'x9sfgtim', '0mwz8kwo', '8je46886']
885	['v5vwypya', 'gunn55f9', 'vxv7pq8v', '69afkw7x', '9mvk86q6']
886	['c8krivoj', 'tcby6780', 't1ughb9b', 'gjsrfmj4', '72jwlfqr']
887	['tdlcb9bf', '5o9bbspc', 'lgnhlxgd', 's1hmhupe', '8gl323hs']
888	['dsfbmhbj', '7a7oi5dt', 'ocxl6cf4', 'yaedocvp', '1hlqov6m']
889	['qh7biax3', 'kutc6ts0', '35nshnn2', 'jbvsmuea', 'sgo76prc']
890	['lsojoa7c', 'nd859o5r', 'delciztu', 'gqmicba6', '0ouu3dmx']
891	['fgj2lvbg', 'bk3ss63e', 'nj94rv6f', 'cymppa7g', 'f2zgrgva']
892	['gckr8h1m', '3qgwoblb', 'lf9i6x2i', '1kubts7j', '80cbwj3o']
893	['iez1j9jn', 'nvphu1fm', '8aosx41e', 'd7024aia', 'tbio295u']
894	['uaccs7k9', 'vpoqfm7d', 'mzekhyu0', '18b6ikq3', 'ebgu29uh']
895	['j4pgpxoe', 't90pvtad', '8drlvdkp', 'tl39u0h9', 'o9mq3auf']
896	['3jn7tdaj', 'ftq6ed38', '4vkkaqhz', '5iudn4kq', 'bx7vz0r7']
897	['bidvx8hy', 'hb2bpyag', 'lv5xjfk4', '1vyfy7i0', 'uifnjio5']
898	['dfl69g4f', '9rrlfnww', 'rimct0c4', 'o47v5vgw', '9e3mxt1a']
899	['f5s0ntps', 'm1bvurwi', 'v0y734lu', 'xee6npr3', 'qu7ddcw9']
900	['73i7h1wi', 'rhgl6vss', 'z9jqbliw', 'hitaptnp', 'cqv2cv9r']
901	['9gw8z8zm', 'c9cenvt4', 'hc4zu9t5', '9pei109o', '4hmecfi0']
902	['1fdnbq1f', 'ocxl6cf4', '2yrgy2y2', '7d6snq1v', 'fypodr9a']
903	['ydv0hc0m', 'nom4z0tv', 'k4lqkqnx', '4vkgn3yt', '56rn6d6o']
904	['fcdwitxy', 'hqkrer9m', 'n5ogyxz7', 'sm0112e3', 'yr27lnq8']
905	['yjsxen4d', 'pibg1iw7', 'trlni6iq', '76aij6sx', '7wz030vg']
906	['yr27lnq8', 'ktjfs3s7', '9ige2pwd', 'ujy4i5uu', 'eyhtf6mv']
907	['6xxm7hcs', '46no7uq8', 'b8ipstv2', 'vuxxerob', '91gytlg2']
908	['mm4kgvt1', 'q0a6b8jy', '1hi3dr1i', 'fcdwitxy', 'hjkml4q7']
909	['ipon95io', 'yx0u0iyw', 'pvrp8u8n', 'li8kvzdh', '6ir39t8h']
910	['nerxtetr', 'qhrwngde', 'hg0lyy93', 'nz5r48y1', 'iu4p5k0w']
911	['v3n2r4ia', 'qq46f7fu', '8vdknrdv', 'uei4ovko', 'gckr8h1m']
912	['uohbxoeb', 'a40yhtqk', 'pa000mr8', 'oyr4klqk', 'zbi0llig']
913	['jwei2g97', 'qnuphz59', 'oxa060jf', 'ce1a9k8b', 'svl5ks44']
914	['ii3di3dz', 'jpenhh92', 'y12veqre', 'm847xdzk', '95zrth5d']
915	['2ytec133', '91nj68tn', 'ecobfbpg', 'tzdgc3dw', 't7a9edv3']
916	['4pgish5x', '08p8ns2d', '0loj2fsm', '8gh3q7p3', 'mg8uyeuh']
917	['ruegzkoo', '9ok153yl', '4iuxm6z2', 'wslsqytj', 'v0y734lu']
918	['34eot3zh', '2r0a357c', '0si51n85', 'vrl9gtcp', 'iuxrxwom']
919	['lf6fprh0', 'mwaegtlx', 'fnedip6k', '7qz1o6aa', '0ml57rhr']
920	['34j9n40u', 'leokcqqy', 'lae18d0l', 'po32j519', '57qk34fx']
921	['y349r3r6', 'i0swl50w', 'xjc0l0tv', 'ypt4kt78', '3eq34w2u']
922	['lorpo8uk', 'znpc5jq2', 'jv3u1c0e', '2jyp3ift', 'du8wmh6n']
923	['mlo8zypy', '9n7bkayx', '2fsjqsiz', 'mg9kypvn', 'wz6446aw']
924	['y0wu60n4', 'k21ltg5z', 'tu1vevx9', '33wpjnko', '9rhydy8u']
925	['b5eve7re', 'np1y2fkt', '4mjrpjit', 'eywnnzxe', '55gugbs8']
926	['pvrp8u8n', '2r0a357c', '64qt0w2a', 'q7pieq3w', 'e756pbyp']
927	['rcb943w2', 'dx9hez38', '6akx6xpt', 'rng65ofx', 'vo4csaah']
928	['55yxh5er', 'hw2s28hs', 'xnkn38i9', 'z9vjo98p', 'x996e0cn']
929	['fp81ceeu', 'pvrp8u8n', 'at5pcnrq', 'omk29wlq', 'xmjj1s5s']
930	['kyt14ufu', 'wslsqytj', 'v7szuzfa', 'v0y734lu', 'kt7km3jb']
931	['o0m20894', '42t0zriz', '9kfs73sr', 'yx3j6373', '0vy5yifk']
932	['3h3ihfyq', 't0xn40r5', '0vhy44iq', 'tbojvfq6', '07a30kd9']
933	['2r0a357c', '64qt0w2a', 'yx0u0iyw', '2jwuzfan', '46y1pa7o']
934	['dblqryhy', '0z7ey1nm', 'k5jkntul', 'ktm0akxd', 'bre2ijbb']
935	['pa81t00f', 'mu2vqjnv', 'mo7oq5t8', '8dh4xvph', '5vx2ylui']
936	['d0nacth6', 'ekgqdjlk', 'rw5bci0y', 'vfcp8h1n', 'd8vo0ncl']
937	['0lk8eujq', 'pi1yzeqg', 'wmpjfc02', 'z22g03v4', 'e0pz0z4j']
938	['rlr17nah', '6fpw6y8t', 'cymppa7g', '08h4198w', 'bk3ss63e']
939	['onlly1ga', '1l4o9pko', 'nz976qc6', 'lm73oj21', 'aakzdkcj']
940	['6j45mmjh', '6a728le9', 'yn7e3do9', '13vixukm', 'q1nye2ih']
941	['ybaxa1vg', 'f3eogz0n', '2cwvga0k', '0rrhgz26', 's1h3p5s9']
942	['4vuucmfd', 'gw6qnwe3', 'b9vm3x3w', 'yb9uyov3', 'gjsrfmj4']
943	['gobik7kl', 'gywxvzm6', 'oz1dkdu7', 'npe81wc8', '611ih9pl']
944	['9wnkmn27', 'onlly1ga', '407va85q', '1l4o9pko', 'aakzdkcj']
945	['0u4nmrq4', 'msovjuk4', 'eauj21v4', 'rckwiqgb', '9mmdtgc2']
946	['vf7xj5qt', 'xigbp7vh', 'lxdcelk1', 'bh8zshy9', 'dsfbmhbj']
947	['a3efmczu', 't9e774ed', '2e02uktc', '1epgt2u0', 'r76msx6y']
948	['7qxs79qy', 'cvoef8qt', 'wfpojxof', 'hh37bsfp', 'hj8z4nk6']
949	['6pn9jwfn', 'bf42staf', '65efipbi', '8r8586br', 'eu2vjpw9']
950	['h4otzeah', 'rxq2bgpp', 'mayhg4jq', 'dx2cx9lx', 'gg5c8v7d']
951	['bawgldfi', '19i9lknr', 'vs6ev73e', 'jer4jwwf', 'a17tumo7']
952	['4iuxm6z2', '9f0bjknz', 'ukrm4ow3', 'dljqpvyk', '47p4g80o']
953	['3qvh482o', 'nksd3wuw', 'ktv6fk7q', '00ia8k0b', '8t2tic9n']
954	['in69fhw9', '8vx56qlk', 'g6i3x433', 'rcrok8lr', 'jnwuu08w']
955	['wzqdo1st', '3wjmmr6i', 'ysf5k0ky', 'a2kill55', '2tre0wat']
956	['8zufbeuz', '5aev7ltr', '26kx1b0h', 'bv7hvc1e', 'so9uy899']
957	['7b7on38r', '0si51n85', 'ch7nna59', 'mvm1t0y7', '2ytec133']
958	['ko42qlzr', 'b0wy5zz4', 'cabmmgg6', '4gxff3rd', 'ws3tfs1j']
959	['uohbxoeb', 'oud5ioks', 'a40yhtqk', 'hn6clwoj', 'zbi0llig']
960	['7hporv6w', '9xxv8a2d', '4iuxm6z2', 'bh8zshy9', 'vf7xj5qt']
961	['91gytlg2', 'vuxxerob', '46no7uq8', 'jnmpyovl', '9s98t4h7']
962	['yx0u0iyw', '9ok153yl', 'kc3nb2pc', 'c8krivoj', 'me08w1ir']
963	['octtj2vf', '3jn7tdaj', 'wcq3qqt4', 'lkb09vs8', 'ey0r1py7']
964	['6fpw6y8t', 'fgj2lvbg', 'rlr17nah', 'bk3ss63e', '2jwuzfan']
965	['nnkul2r2', 'g0za5fqi', '8s7zy55f', 'rm0zbgfm', 'l80ptciw']
966	['ueid1mma', 'wotf0lzx', 'x9veckdi', '4sqjvr3y', 'i88ccp9w']
967	['2aoyzj2b', '7n6pva1l', 'h9i67wbp', 'tc1exm56', '4888p05u']
968	['0m76qrz8', 'xavegbty', '9anlwi27', '582ts5mf', '2ytec133']
969	['lehzj4d8', '0d6sa9pe', '4vzdk69c', '20nozop1', 'zdfx3zo3']
970	['m8xfza1d', '7wu8bfo4', 'aky3bja0', '4gr6i8rf', 'h98tts7e']
971	['08u566ia', 'ihgxtu8g', 'yce32jmg', 'pxx5yyc5', 'relolneg']
972	['atn333j9', 'trrg1mnw', 'fxwszm22', '2kd89h12', 'i5j4nmjz']
973	['3l6ipiwk', 'qh6rif48', 'mjvst2is', 'wdw0a2kl', 'nlv939ft']
974	['zbr3kfv2', '8rvhqd9b', '550ik6bk', 'rxx0w56j', 'pkoux9yt']
975	['pvsox183', 'ci0hmkjk', 'i6u1x0xq', 'dlpgq0rm', '5q49qq42']
976	['h8tv2u77', 'dyxyab5g', 'v4y49n7i', 'g1tjpc9z', 'hzv51czu']
977	['7qz1o6aa', '9k4pwc2h', 'tbio295u', '6c47sm6i', 'rytalfyx']
978	['8o2xddof', '407va85q', 'onlly1ga', 'fub50lvt', 'nz976qc6']
979	['kutc6ts0', '5zaw2iot', '35nshnn2', 'qh7biax3', 'eywnnzxe']
980	['36flecmg', 'iimx8nt8', 'otp1atui', 'y12veqre', '8f83k2ce']
981	['y12veqre', '36flecmg', '8f83k2ce', 'eyhtf6mv', 'q8l3ra55']
982	['6ovv79ia', 'kayh0v56', 'zew4tzy7', 'eq5qqshb', 'd2s3170w']
983	['cg6v3yma', 'a2voobqa', 'pppb83nc', 'm2z6k2va', '9hpkmjvu']
984	['9f0bjknz', '47p4g80o', 'c2a07zg0', '9l6yn8pe', 'p9fhtjen']
985	['37gpov43', 'yvdaljz9', 'uaccs7k9', '68x50rni', 'ftq6ed38']
986	['m79zl7ka', 'y6reys3r', '518rjfnc', 'cutwvq3b', '9gy70ty2']
987	['2r0a357c', '77m4rhrz', 'zueghgx5', 'br33p9xd', 'pvrp8u8n']
988	['usr8hzcw', '8p81kc9z', 'w7gr98j9', '1jcvi6sp', '6bgquqa1']
989	['9195zweg', '7g7sgabs', 'wxor6kg3', '92qcakzi', '52qpcg63']
990	['z807g8i5', 'qkjieod9', 'jgq968f6', '08bw0h8m', 'wuazkwsi']
991	['lwpvyy49', 'vz8eu3vc', '97msfh4l', 'mzekhyu0', 'uaccs7k9']
992	['jcq5omdq', 'dij3wy6q', '7objlrqa', '3jyokb6c', 'h400e0kk']
993	['o0m20894', '3p2cuxk0', 'sxoo9p8e', 'fiiyythk', 'yx3j6373']
994	['8hchfgx6', 'itxde5mw', 'v49l6txn', '0clp6zt6', '0rzaa0fd']
995	['w01dub6y', 'ryfz5xsj', 'bcttenl4', 'xvphsdg7', '13vixukm']
996	['tk0iwpnb', '12yshnt5', 'lclxe7i9', 'nrhk8ctf', 'wt5qxe0j']
997	['kgggepu0', 'cabmmgg6', '1vd4j3qc', 'mi6bdisx', 'pfh6nm9r']
998	['jisznsr3', 't1vom8f3', 's1hmhupe', 'e0pz0z4j', '0lk8eujq']
999	['pcekcvwr', '3p2cuxk0', 'g8tckoxj', 'rcdoewwv', '52qpcg63']
1000	['w1tdg8bb', 'fuvyeq3k', 'x4zcpr02', '0cji7tzq', 'tweqie5k']
1001	['j8666ial', 'p40x3cxr', '1ul8owic', 'e7gq365q', 'r8lv1zzx']
1002	['kt47i60w', '1j4w2hyp', 'jfvq2gfx', '4vkkaqhz', 'c187k4yc']
1003	['55yxh5er', '914oafkn', 'aqcllik0', '24u6q3ae', 'j1lhgciv']
1004	['74o2xil2', 'ef4wyw2f', 'eoumpu50', '8ufjh70o', 'nuzt4jcf']
1005	['hygxwl2f', 'fvvotkjc', 'ulwirxeu', 'xyyhup28', 's4cfdgbv']
1006	['b4mjo92p', 'plzklj7c', 'v5beddu4', '784gmskn', 'k36t200n']
1007	['1z1tces3', '56uzzrh8', '3v8lijcn', 'deezca5z', 'terj0odi']
1008	['eu2vjpw9', '8m59whf9', 'u7tqolyi', '5upb25gt', '16lhzusy']
1009	['mu2vqjnv', 'zq4ty9rw', 'pa81t00f', '5vx2ylui', '8dh4xvph']
1010	['6crputzl', 'psaq958v', 'hapw6lv9', 'so6irh9b', '1uabldiq']
1011	['2w80hys9', 'h6imcb1b', '24ie3mhq', 'adhj5e5s', 'tyrgtwo7']
1012	['1nqbqmum', 'n3xm6c0y', 'x44oc1k6', '7f5nywod', '039k70vs']
1013	['9dlaaye8', 'w4dyadpa', '8796x4ne', 'n9zqc1gm', 'yslf5er3']
1014	['5nyc1cn5', 'w3gt0w41', '4frv2vb7', 'rwgqkow3', 'i8cvxis2']
1015	['9pei109o', 'hc4zu9t5', 'yy77zuu4', 'avmfz0z7', '76aij6sx']
1016	['0yysikc1', '33wqmdnk', 'wzqdo1st', 'uuxo3jk9', '3ttyxjgi']
1017	['gw9hkw00', 'v5yny0dw', 'lxdcelk1', 'zrnxq5uq', 'ogchq8gz']
1018	['uxz185vr', 'ny7wkswf', '82y56t7d', 'ves8qc0c', 'i8jv5iqo']
1019	['acyexmyq', 'z94005i4', 'nvebqwwh', '1tz7y2sh', 'nosh8awp']
1020	['3jrb0sn8', '91gytlg2', 'r5552ql7', 'vuxxerob', 'jnmpyovl']
1021	['nxu1xoax', 'ivy95jpw', 'fien6nra', '14alhxc3', 'o1xkgkn1']
1022	['3jn7tdaj', 'deezca5z', 'terj0odi', 'ftq6ed38', '7ru6tapp']
1023	['soa71kwx', 'eu2vjpw9', 'li8kvzdh', 'ch7nna59', '6pn9jwfn']
1024	['asrkuts7', '903pyh9v', 'io8mozoe', 'tplp90or', 'bcraqemn']
1025	['g99myvw1', '46r46ja3', 'npe81wc8', 'kq0cu73r', 'atnxkvy6']
1026	['2fyo2q4n', '3w5ouagx', 'p91vvukr', 'ga1fks7l', 'tc21pcjw']
1027	['e9xx6mhg', '80yu5aiv', 'gtol0evh', 'wtxhbzr9', 'nerxtetr']
1028	['u8mu4yga', 'fj6l76hq', '8je46886', 'ropgq7tr', 'x9sfgtim']
1029	['rfbihylo', 'c1k9ubbk', 's0374olh', 'g9pwxfd2', '1t1sykok']
1030	['5z0xwlxp', 'lkb09vs8', 'u8mu4yga', 'z86g8dzs', 'zue5hnal']
1031	['9oui0l6v', 'e1macqqm', 'yidait6a', 'vadaxbsr', '8hz4go45']
1032	['fx2ikn2t', 'fjzhe9tp', '1bp33rmc', '0ndauq8m', 'u1tv6n5s']
1033	['3jn7tdaj', 'xdll3xj5', 'hg0lyy93', '7fapl71l', 'byrpj1g2']
1034	['ocwetgv6', 'am2vzj11', 'dngs5tbw', 'f96qs295', 'o25o8ejg']
1035	['d8gx7xbj', 'ow1n47ui', 'gln6e0t4', '1mx3jrup', '2cq5vpyd']
1036	['vszlmtf4', 'btao9cun', 'tlr243il', 'zouscolw', 'roi3lta6']
1037	['qowp861l', '0loj2fsm', '08p8ns2d', 'mg8uyeuh', '8gh3q7p3']
1038	['onlly1ga', 'aakzdkcj', '9wnkmn27', '1l4o9pko', 'nz976qc6']
1039	['zpv5f8pr', 'vmmztj0a', 'rfchb7ar', 'apqzyln2', '6oi8s315']
1040	['x4zcpr02', 'fk62t9ym', '2xl0gp1o', 'mttosjh7', '3kjckx8o']
1041	['ch7nna59', 'hnx213kp', 'kfsuiz5t', 'mvm1t0y7', '8uxntauq']
1042	['lxbnwed0', '5zp3p2g3', 'q00ihic3', 'm2id6kxw', '6pn9jwfn']
1043	['0vlh67jw', 'hf79cbuq', 'oh23px9c', 'wnlse824', 'w2c01295']
1044	['q1ay1u90', 'jrqlhjsm', 'styavbvi', '46y1pa7o', 'wfa5fb3r']
1045	['6buxpp8x', 'fcdwitxy', 'p7foay4k', 's01g5wxg', 'jpenhh92']
1046	['1epgt2u0', 'lfk6e8hy', 'lvvw1npq', '43c1vind', 'bla8a6uw']
1047	['v5beddu4', '9e6g15iw', 'irx4pcsx', 'b4mjo92p', 'plzklj7c']
1048	['jrqlhjsm', 'uxz185vr', 'hg3xpej0', 'ny7wkswf', 'ho6qjkyr']
1049	['w0ebmg16', '9pb2eqoa', '0cnjtxyq', '1aqf98e0', '8je46886']
1050	['b2iit1ef', '0041cay9', 'zkb1zbvq', '8ncc6d2n', 'gme1zk3n']
1051	['cjmmwl2q', 'ledopkwj', 'vww8d1ew', 'eu2vjpw9', 'ncayc5zj']
1052	['yrq57wgs', 'niw61l9r', '78qsuc5l', 'oyplh9cn', 'x7qlnugx']
1053	['jhge9qy5', '2tbmajid', 'w3kkizaq', '3rxsplrl', 'j67qgjbj']
1054	['9n7a9g78', '5gldyo2d', 'ehqk1d63', 'udr22zf7', 'gbpfypmn']
1055	['t0s5ufzv', 'sdtr6yla', '0qyhjutm', '1hobsclz', 'f8ah4lzx']
1056	['cqv2cv9r', 'rhgl6vss', 'hitaptnp', '73i7h1wi', 'z9jqbliw']
1057	['qcssljgq', '7pbrnn2g', 'e756pbyp', '2d2y5gmg', 'jo38hjqa']
1058	['r5v2gi3v', 'e4xw6gyp', 'kt47i60w', 'uuxo3jk9', 'lxdcelk1']
1059	['uuy94dwa', 'eje3i558', '38d6gb7o', 'e5flh0af', 'm8yyntls']
1060	['p5ceve0x', '4pcv1i3i', 'hjmjav50', 'b0qj7tck', 'q8l3ra55']
1061	['7zngkwoh', 'w3ls1d7w', 'upiu3e2d', 'iu1d9i57', 'gin90aef']
1062	['tcby6780', 'oi8epg9m', 'tzp03hmr', '9xxv8a2d', 'vi1jl4po']
1063	['keaxietu', 'clzxo1ly', '7omyaap8', 'dhy80rkn', 'e756pbyp']
1064	['24u6q3ae', 'xnxn506o', '0vy5yifk', 'bw6a5gmy', 'aqcllik0']
1065	['ffy19pp9', '2lanvyia', 'jdob76wp', 'cmp1bvhd', 'faj85qxc']
1066	['0bczgiyy', 'fatm351r', 'e3e48idb', 'uyy8zytj', 'qiyd67z3']
1067	['kc3nb2pc', '72s5lbz1', 'mgtxchud', '34ulkvl4', '0l5li1f0']
1068	['5nue46dm', 'l0b99hye', '3x46ynqh', 'lzsbte0j', 'osct0lj6']
1069	['kyt14ufu', 'orqulgfr', 'a4klrp3h', 'v0y734lu', 'qqdcs77q']
1070	['a2voobqa', 'f4jx3b2q', 'lr20prun', 'cg6v3yma', 'fep6qm4d']
1071	['7n6pva1l', 'wt471v5k', 'jjsr5u2i', 'dpws8p4y', '2aoyzj2b']
1072	['913sln1q', '8xvqq5eh', 'wl4n02rf', 'q4q06pzc', 'xi20pdvy']
1073	['1wui9gwa', 'y8puocsa', 'jfpa3rih', '47p4g80o', 'dgkutcie']
1074	['h8tv2u77', 'qalficgu', '0r3l3b88', 'k2qertx2', 'bkiobjex']
1075	['aclcbxkd', '089b1z4b', 'urj0nssb', 'b7k6x49v', 'xli7wyg4']
1076	['ky5env7t', '1v8xf5uy', 'roi3lta6', '2jdlavwj', 'qkg8fwbp']
1077	['zbr3kfv2', '25aj8rj5', '2jdlavwj', '550ik6bk', '72a17h3z']
1078	['awb1stsr', 'xwkdz2jm', '446p4tbc', 'abjt5vfd', '0yr25cxn']
1079	['3jn7tdaj', 'zew4tzy7', '1m1hi735', '5azti19e', 'ftq6ed38']
1080	['ql9cfh1j', 'cn0hqvsz', 'mpe2qs0h', 'oi8epg9m', 't2gbeb3c']
1081	['vtagfrds', 'z18owc90', 'rob84q03', '22b3rl2s', 'tve01g7i']
1082	['ukrm4ow3', 'w9zyshzb', '1wkpkh84', 'car394ou', 'kmwfce00']
1083	['6j45mmjh', '33znyrn8', 'l6lhmb4j', 'k8xp61uu', 'm2id6kxw']
1084	['vg7dvptg', 'ijoyk390', 'i3jsvtwp', 'f2jzz41d', '3vrg7zyc']
1085	['7hkowm2y', '0e5gqepz', '4jx0oq65', '0bk9jmdu', 'gs9lga7d']
1086	['me08w1ir', '54fmvcl5', 'td8uwcas', '6mzqk12f', 'eywnnzxe']
1087	['7a7oi5dt', 'tcby6780', 'bzzln9kc', '9ok153yl', 'q9bwvh0t']
1088	['es8l29ub', 'pa000mr8', '66g5lpm6', 'i9leac6w', 'jwei2g97']
1089	['vbayngh0', 'l19nsvun', 'zuz2992q', 'trlni6iq', 'cmc4ocay']
1090	['mgtxchud', 'jzosdlu7', 'op1d2o5x', '2oi5km6u', 'iff8cuum']
1091	['wqmscp6l', 'xof56j98', 't97pdl4u', 'cyfdvgvy', '8dobncuw']
1092	['0mwz8kwo', 'u8mu4yga', 'yrowv62k', 'z86g8dzs', '8je46886']
1093	['8f83k2ce', 'jisznsr3', '5nsayxwc', 'jpenhh92', 'ii3di3dz']
1094	['t2gbeb3c', 'ql9cfh1j', '1lz5xobh', 'dhdg6n05', 'nah1utm8']
1095	['zu5mg2im', '2hbcbvt6', '8zm7n7j9', '8gl323hs', 't038136e']
1096	['0zjpvzof', 'mxg2q1vd', '68d30i8k', 'qlejjw9s', 's7z1l3a9']
1097	['u42d1p1j', 'gb1sk22m', '4mx9t5td', 'cg6v3yma', 'lr20prun']
1098	['f4jx3b2q', 'lr20prun', 'a2voobqa', 'cg6v3yma', 'lkb09vs8']
1099	['aqke0012', 'n2wqalcu', '0vy5yifk', 'mdsjbfmx', 'kl2w6yiv']
1100	['o1xkgkn1', '186wyg7t', '4gof1yl8', 'aakzdkcj', 'qeqd4soe']
1101	['cabmmgg6', '1hlqov6m', 'hapw6lv9', 'd9b814yp', 'mi6bdisx']
1102	['w1bx4a7v', '0clp6zt6', 'w0ebmg16', 'ropgq7tr', 'x9sfgtim']
1103	['km2uxj9p', 'dkn85i8r', 'x7ybnese', 'bccrvapy', '9qklnvyl']
1104	['qh7biax3', 'sjsaw6yv', 'gufhaylj', 'rnfh9v1h', '8ztv34hs']
1105	['hqkrer9m', 'e0pz0z4j', 's01g5wxg', 'raw2mt47', 'h1wycwxc']
1106	['gb1sk22m', '4mx9t5td', '9b6cepf4', 'unl3n0tn', 'z86g8dzs']
1107	['5d1131zt', 'r65nbmgs', 'h2vct9h5', 'f1utp08a', '1yvsae2q']
1108	['me08w1ir', '54fmvcl5', '6zjzy0ft', '6mzqk12f', 'fa05sovj']
1109	['5ckds66x', 'o0m20894', 'e5y8pp5b', 'mgtxchud', '8rv94jeu']
1110	['2sp8nm0i', '3kl4p7h9', '81pr5etw', 'ziyzdcmg', 'brt4zrhe']
1111	['z86g8dzs', '8je46886', 'u8mu4yga', '0mwz8kwo', 'yrowv62k']
1112	['y12veqre', 'hqkrer9m', '0lk8eujq', '36flecmg', 'a7eabvvo']
1113	['1w3x0g42', 'ip9geldg', 'q9d88fxx', 'ag18sokf', 'ijoyk390']
1114	['mxg2q1vd', 'ko42qlzr', '4mblzyxk', '6l3coibe', '02p4et0u']
1115	['nli8ccyv', '3cl3q80m', 'xld7ztx5', 'dyrn6z9a', 'j8d47de9']
1116	['km2uxj9p', 'awb1stsr', 'wgc0cqyw', 'vjntos25', 'sikgdopk']
1117	['25bdifv6', 'k2zrdjyo', 'c4ihkcyr', 'supf8vel', 'r1m709hb']
1118	['xp2qkk52', 'tc6btsdu', 'o7ww2prj', '6a728le9', 'bnzb1yon']
1119	['p3dex2to', '08bw0h8m', 'aawjla6h', '89n52jny', 'icgsbelo']
1120	['uxz185vr', 'ny7wkswf', '0ml57rhr', '7g7sgabs', 'rtus1qyw']
1121	['uu883ofc', 'jz6o9gnb', 'uuy94dwa', 'eknllnci', '38d6gb7o']
1122	['y1uk8yfa', 'isxasd9b', 's1hmhupe', 'p5ceve0x', 'p699a0g2']
1123	['1t1sykok', 'l5ogbl5p', 'tql5cv8k', 'm2nupp4k', 'jo38hjqa']
1124	['k2zrdjyo', 'ji3s6rnu', 'whkfvd7l', 'wd13eb5s', 'lhe82at0']
1125	['y12veqre', 'm847xdzk', '8f83k2ce', '9ige2pwd', 'fcdwitxy']
1126	['gtp5daep', '6hnts5l2', 'ftq6ed38', 'e5y8pp5b', '6fpw6y8t']
1127	['ruegzkoo', 'v0y734lu', 'o9vlrox4', '24wfokhg', 'k2qertx2']
1128	['car394ou', 'tl39u0h9', 'ukrm4ow3', 'tsyl7crt', 'w9zyshzb']
1129	['ryj83uw3', 'rytalfyx', 'xee6npr3', 'mg9kypvn', '4888p05u']
1130	['pz3e9y4i', 'i6qoo03c', 'vnijpl9l', 'f6vau5s6', '6uli512b']
1131	['cg6v3yma', 'm2z6k2va', '0clp6zt6', 'gb1sk22m', '4mx9t5td']
1132	['hiw576og', 'wuazkwsi', 'qkjieod9', 'jgs4jszx', 'z807g8i5']
1133	['7wu8bfo4', 'pvsox183', 'h98tts7e', 'z8ajje2l', '25jq098w']
1134	['5azti19e', 'zew4tzy7', 'wknaotjt', 'ftq6ed38', 'vww8d1ew']
1135	['lclxe7i9', 'rcb943w2', 'rng65ofx', '2dixw8up', 'bnhwbaqj']
1136	['ep9moftg', 'bgiyvqgw', 'tlknj4hm', 'rjelshrp', 'ln6t374j']
1137	['24u6q3ae', 'bw6a5gmy', 's3vaa0yc', 'r2cx0nmw', 'xnxn506o']
1138	['7ld7hyaw', '8ncc6d2n', 'vgffg4c1', '7g7sgabs', 'jkm496ip']
1139	['cf3l8uzq', '7g7sgabs', 'g3hujz5o', 'fo4ax1od', 'jo38hjqa']
1140	['582ts5mf', 's6kdchlo', '2ytec133', '9anlwi27', 'l5ogbl5p']
1141	['dgkutcie', '2e2s1gof', 'a0rvtsog', 'ypmeh8y3', 'xjklin0b']
1142	['hjuftxwg', 'itx70h27', 'n9aqux5a', 'xzmzdq52', 'zjpxfd7c']
1143	['n6ro088v', '6wb18u6w', 'iobpcfs5', 'fe456in0', 'cymppa7g']
1144	['t9hbbqay', 'q7pieq3w', 'h6f3500y', 'j6uxowyu', 'ftq6ed38']
1145	['9f0bjknz', 'wubcq0xx', 'o9me37ri', '47p4g80o', 'su028g3j']
1146	['s2hp3sat', 'l9lni5d3', 'qkjieod9', 'z807g8i5', 'psrsed4b']
1147	['ii3di3dz', 'jisznsr3', 'jpenhh92', 'hqkrer9m', '8f83k2ce']
1148	['isxasd9b', '0lk8eujq', 'a7eabvvo', 'y7lrp0gc', '41jqgsv0']
1149	['ml27mexb', 'aakzdkcj', '9wnkmn27', '1l4o9pko', 'ax3e82js']
1150	['awzozt7u', '0rftk787', '5tkxucuw', 'cb3u1s7s', '79sbtnhu']
1151	['nz976qc6', 'onlly1ga', '186wyg7t', 'aakzdkcj', '9wnkmn27']
1152	['iylmvmv3', '1aqf98e0', 'e1mnj7bf', 'gin90aef', 'upiu3e2d']
1153	['2cwvga0k', 'f3eogz0n', 'zouscolw', 'oxa060jf', 'f0t5l7kb']
1154	['32v44sw9', 'mt8h4rk5', 'xuiswu2l', '2146o727', 'vj2z52vg']
1155	['xtmn1n0r', '8ko7mmu3', 'rpwmcqbg', '4r96f92d', 'mkgszhkk']
1156	['ypls4zau', 'moxjaxuy', '5a5a8ifz', '6r4jyop7', '9n7bkayx']
1157	['q54el8tf', '7t7ho26v', 'r9udnmky', 'gufhaylj', 'ioclf03d']
1158	['6uli512b', 'wtovv1jy', 'ereh4ub8', 'a702kkx0', '5g70w76j']
1159	['tbio295u', '87fruomm', 'f5s0ntps', 'zelsywyu', '7wu8bfo4']
1160	['0z7ey1nm', 'jqueo6zg', '5t16srpn', 'k5jkntul', 'q93luiw2']
1161	['z86g8dzs', '8je46886', '0mwz8kwo', 'yrowv62k', 'w1bx4a7v']
1162	['jisznsr3', 'y12veqre', '36flecmg', 'ii3di3dz', 'e0pz0z4j']
1163	['w0ebmg16', '1aqf98e0', 'yrowv62k', '8je46886', 'z86g8dzs']
1164	['8vk15klh', '7aaiyppx', '29opurlw', '4socpj73', 'mup5hr7e']
1165	['oud5ioks', 'zdfx3zo3', 'oyr4klqk', 'uohbxoeb', 'hqkrer9m']
1166	['pfvf8ujb', '7hporv6w', '5g02ykhi', 'ju87prqm', '660gckc7']
1167	['1smu8yc3', 'n2ih64pz', '8p0xdqba', 'a9prti0f', '1mu1o8rj']
1168	['b4yj7vw0', 'bctb0ewu', 'keaxietu', 'pq75mafr', 'zpqgz95r']
1169	['5nue46dm', 'l0b99hye', '7tp8z7n8', 'htn03ms0', 'y5a9xtr5']
1170	['h0spcvjl', 'x3f1yyjk', 'mevnb9v0', 'wfpojxof', 'jjsr5u2i']
1171	['01h205jf', 'r4j1rcm5', 'bdxzphjb', 'ff6amr0c', '2damkjcs']
1172	['8ncc6d2n', '7g7sgabs', 'xld7ztx5', 'rtus1qyw', 'nli8ccyv']
1173	['znwa2kig', 'glyoiu93', '8pislcjr', 'mc77aqbq', '4d3efrsl']
1174	['0cnjtxyq', '0clp6zt6', 'umvrwgaw', 'z86g8dzs', '0mwz8kwo']
1175	['7wu8bfo4', 'h98tts7e', '1nmzo9at', '1iago9rr', 'e7gq365q']
1176	['3tlv2b5x', '8dh4xvph', 'g0g84bqy', 'pa81t00f', 'mu2vqjnv']
1177	['g2j4uqem', 'dc8z4jzo', 'jfuwelzt', 'gg5c8v7d', 'ksqxfx8m']
1178	['4bu08m2w', 'd9rd5392', 'njpq3sq2', 'jfjxujwj', '09fmkhu5']
1179	['pa000mr8', 'yrxgaiy7', 'yeowvvqi', 'bp2ilntr', 'asrkuts7']
1180	['ii3di3dz', 'jpenhh92', 'hqkrer9m', 'jisznsr3', '4ij9t0t3']
1181	['y4m987yn', 'bzzln9kc', 'bh8zshy9', 'wubcq0xx', 'xj65j05e']
1182	['3jgm3uhs', 'bawgldfi', 'w1azm2mc', 'jkm496ip', '1t1sykok']
1183	['u8f58mx1', 'v7szuzfa', 'lv5s1bko', 'qqdcs77q', '1fdnbq1f']
1184	['hn6clwoj', 'jtgpzrf9', 'mjb3ip7a', 'oud5ioks', 's3o9v1fl']
1185	['jgcv1wf3', 'di4p48ax', '2tax8ajw', 'o29hjkca', 'jhge9qy5']
1186	['jdg8gsve', 'h2u5w4a8', '73b58lcm', 'jo38hjqa', 'k9erix1s']
1187	['1vcc1khg', '844229sb', 'a0q61mpi', 'mkgszhkk', 'ordof7g5']
1188	['rcp6xlpg', 'c4m63cr3', 'a3fvifax', '7wu8bfo4', 'l5nncxqo']
1189	['pdiyqdb3', 'fo9uq389', '86gqxajw', 'abq9w77q', 'oywhabcd']
1190	['fien6nra', 'lm73oj21', 'onlly1ga', 'vrjibtfi', 'ml27mexb']
1191	['u8mu4yga', '0cnjtxyq', 'uyb0of5p', '5z0xwlxp', '763v4duh']
1192	['mz7b6ey3', 'dnm7s947', 'lbxg93hl', '3zdv9zim', 'konern28']
1193	['q54el8tf', 'lav0kp21', '7t7ho26v', 'h13p6ogs', 'oa81rhdb']
1194	['xtmn1n0r', '8ko7mmu3', '4r96f92d', 'rpwmcqbg', 'x9sfgtim']
1195	['rtp9j01c', 'jbmzvljk', 'lai0otkm', 'ltga2btq', 'nok0yfzv']
1196	['36zu137v', 'e2rtzymt', 'udr22zf7', 'gbpfypmn', '5gldyo2d']
1197	['z8ajje2l', 'car394ou', '3rxsplrl', '0an1j8wk', '5dbuxvc4']
1198	['2a12nsnl', 'oap7i5ea', '5tdmh0ac', 'zi0cedd9', 'jwjualy2']
1199	['ccj1dt86', 'q8aee7g0', 'ueid1mma', '0gn3b98n', 'n5sei1oc']
1200	['wslsqytj', 'mg9kypvn', 'v0y734lu', '8aosx41e', 'di45k0dp']
1201	['b1w9ns78', '3oetrhdh', 'jmdrupds', 'wyn09ag4', 'ok33bqqg']
1202	['ki93iltt', 'jmzjfwxi', 'z33cg3nj', '8brfph9v', 'xziy99uo']
1203	['oap7i5ea', '2a12nsnl', 'lv5xjfk4', '40fvjskj', 'h365e9gx']
1204	['089b1z4b', 'tij7lakb', 'xli7wyg4', 'kjr6dcqv', 'n2ih64pz']
1205	['jk37ej4c', 'uei4ovko', 'tsv0rcr3', '3x46ynqh', 'hnx213kp']
1206	['7hporv6w', 'u66awao9', '9kfs73sr', 'oi8epg9m', 'jgcv1wf3']
1207	['ruewzstg', 'apfimvix', 'bmt2zpmv', 'q54el8tf', '3xup6glg']
1208	['bl96upg3', 'khkw1hhv', '1omv4r30', 'v1egyqt4', 'mut94ov1']
1209	['wg5cfp0k', 'bi9fid5f', 'vc0ezpp7', '2cv0vuin', 'pecyac7l']
1210	['4ag4oune', '42wh36ge', 'snsjrjx3', 'tplp90or', 'toq9wrg9']
1211	['zyrvgaql', '7097q0r1', 'hlulg3wf', '0bdi3yxk', 'r1m709hb']
1212	['mg9kypvn', 'mlo8zypy', 'xee6npr3', '9n7bkayx', 'wz6446aw']
1213	['hltkddac', '5rhrd0s4', 'qjfe2t9v', 'itvjhlnn', 'kp4j9snc']
1214	['11xjl53c', 'msovjuk4', 'utak6i4e', 'vmizkujc', 'rhnr430g']
1215	['4wi9lln9', 'gr3tnp3c', 'zd7a5v4q', '3qequ1ap', 'u8t64wmg']
1216	['1r9975o8', '95e1kuux', 'dq3qunwe', 'dztaijzu', '2bupc5jh']
1217	['bzzln9kc', 'urv9o2f1', 'pofysmv8', 'dyxfsojh', 'v47publm']
1218	['o4ri7t16', 't1a8vnms', 'h1h24a4r', 'rog0fp93', 'dsvmh7t6']
1219	['0n51j2jo', 'r0taoqsw', '1ihib857', 'nle4axad', 'bmgfoine']
1220	['a9lw6vrs', 'vqg3yx5m', 'xl1e9gzc', 'y89e2dju', 'ijoyk390']
1221	['ryj83uw3', 'gjustwrb', 'tbio295u', '6r4jyop7', 'oap7i5ea']
1222	['mfp9jbti', 'xfcqbfse', '1uabldiq', '8th933g4', 'hapw6lv9']
1223	['f2jzz41d', '6hkqe14l', '6k0nhmg9', 'jveh2w09', 'fsid4a39']
1224	['ut1k8xe7', '9f5i6crg', 'm1tv7mgm', '9rrlfnww', 'xutbbxpr']
1225	['cgxs9uam', '1a7ugd24', 'unx1pv2k', 'mj9xc5fv', '1igydu3y']
1226	['555e3ndo', '3jrb0sn8', 'r2hovw0y', 'jnmpyovl', 'qfq1nfcn']
1227	['zdfslfmb', '606oxq14', 'g0cryapk', 'r69ivrej', 'yq6jhupe']
1228	['1l4o9pko', 'aakzdkcj', 'ax3e82js', 'qeqd4soe', '9wnkmn27']
1229	['2qwk2z22', '383sp7f5', '16ff3c7m', 'u31ixcwa', 'sm0112e3']
1230	['w0ebmg16', '9pb2eqoa', '0cnjtxyq', '8iqs6jko', '8je46886']
1231	['tk0iwpnb', '12yshnt5', 'lclxe7i9', 'nrhk8ctf', 'tp7wthiv']
1232	['uaccs7k9', '18b6ikq3', 'wa5rxe76', 'mzekhyu0', 'rm6av6sj']
1233	['hcw0cisk', 'd21lvneh', '0qy6hcgp', 'ivy95jpw', '0r580il2']
1234	['sfm82h0g', 'o78vcy90', 'nswj8x43', '4xs9avr0', 'vsphu6ih']
1235	['vrate482', 'pfa3h2e8', 'zueghgx5', 'k9erix1s', '77m4rhrz']
1236	['7vadpp3d', 'u8ptvem7', 'nq79qw82', 'nbn44sxq', 'kkbed30m']
1237	['0clp6zt6', 'a2voobqa', 'lr20prun', '4mx9t5td', '0rzaa0fd']
1238	['ok9o9tta', 'x7qlnugx', 'mpe2qs0h', 'hduwjbtq', 'ktv6fk7q']
1239	['fteydbm8', 'lm2qoahq', 'b3doorzq', '8gogju5n', '3e8angvj']
1240	['ywne437k', '3a7utmsd', 'cutwvq3b', 'm79zl7ka', 'r5eve0bl']
1241	['q4m2uj6r', '5dbuxvc4', 'car394ou', 'p6uliadr', 'z8ajje2l']
1242	['u89jd28e', 'k2zrdjyo', 'yy8mbw1a', 'nzfpgxa0', 'c4ihkcyr']
1243	['yx0u0iyw', 'oi8epg9m', '6mzqk12f', '7d6snq1v', 'o1xsjx2p']
1244	['lxdcelk1', 'f6vau5s6', 'hunepli1', 'vw9jd88a', 'thvhvf4t']
1245	['evuixig8', 'f0kcf2y0', 'mz1bof2x', 'mgtxchud', 'swaf5pao']
1246	['7g7sgabs', '05djnz4p', 'z9vjo98p', 'j5erjttt', '4xs9avr0']
1247	['ngb7pbyl', 'pofysmv8', 'vw9jd88a', 'jgcv1wf3', 'vf7xj5qt']
1248	['onlly1ga', 'aakzdkcj', 'mo23hpe1', 'nz976qc6', '1l4o9pko']
1249	['5xfgmi2n', 'gysvo8e9', 'yaad1ve4', 'an8957d8', '8hkxbxz9']
1250	['u8mu4yga', 'ximw03ej', 'z86g8dzs', 'pdfl15fz', '8je46886']
1251	['toixg0hy', '302hphhx', 'tvzn0112', 'uitc2tru', 'l2xm13is']
1252	['k9xhphpl', '80dfqjql', '56rn6d6o', 'ujq9mxk7', 'qkg8fwbp']
1253	['tra5ewc5', '763v4duh', 'jjh1z5c6', '5z0xwlxp', 'uyb0of5p']
1254	['7lli72ph', '6r1hy34r', 'rc6cza9r', '1w3x0g42', 'hhswage4']
1255	['tmgmqtjq', 'c9sidpy9', 'ipon95io', 'ycklcks9', '9wvlt53w']
1256	['aakzdkcj', 'nz976qc6', 'onlly1ga', '1l4o9pko', '9wnkmn27']
1257	['13kzv4b2', '9jfclm9c', '32gnw4sv', '1ke7wisc', 'uzry86hi']
1258	['7xt894vr', '0rftk787', 's7wykoze', 'i3jsvtwp', 'opogstc5']
1259	['gdbr8zwr', 'ywi0a8s1', 'zrjvpoq0', '1lz5xobh', 'jo724gaw']
1260	['6hehg1yf', 'sg1e404x', 'y6zisciu', 'a3lk2q02', 'c84lpxrn']
1261	['54fmvcl5', 'me08w1ir', '6mzqk12f', 'jgcv1wf3', 'td8uwcas']
1262	['efm6zj9r', '2kt35rqn', 'q4q06pzc', 'n2kn7o67', '7gj2cl8r']
1263	['r1wh54q1', 'k5jkntul', '4bvxj7u3', 's3o9v1fl', 'bre2ijbb']
1264	['yfpioqi5', 'b0qj7tck', 'hhuu7ol8', '4cnk76lb', 'p5ceve0x']
1265	['v14gqr6q', 'd6qr2abi', '763v4duh', 'db8fl9d2', '9mn6trtn']
1266	['gg2swy7i', 'e1macqqm', '9oui0l6v', 'vadaxbsr', 'yidait6a']
1267	['bzzln9kc', 'v47publm', 'pxo5uh4w', 'dgkutcie', 'oa81rhdb']
1268	['mfop9fne', 'e8mk04uf', 'xl0zb9zj', 'urv9o2f1', 'c7jhbxcb']
1269	['5t4twnpm', '7xb7hj9u', 'eu2vjpw9', '6pn9jwfn', 'd8x3b9a3']
1270	['eywnnzxe', 'byw8jsqv', 'np1y2fkt', 'la2wvnb0', '55gugbs8']
1271	['jkm496ip', '9anlwi27', '78t2h7st', 'y6ufb4l6', 'g9rs9cx8']
1272	['ruewzstg', '3u3i5myh', 'h9nzxlaf', 'u66awao9', '09jbs6mx']
1273	['bw6a5gmy', 's3vaa0yc', '7g7sgabs', 'z9vjo98p', '05djnz4p']
1274	['uaccs7k9', 'wa5rxe76', 'vpoqfm7d', '37gpov43', 'xzy98hm3']
1275	['jgq968f6', '56rn6d6o', 'qkjieod9', '5yscqct1', 'aawjla6h']
1276	['q8l3ra55', '8f83k2ce', '36flecmg', 'y12veqre', 't1vom8f3']
1277	['vxv7pq8v', '4rsvcbnz', 'jbmzvljk', 'v77n1vbf', 'r9qtzdvk']
1278	['cabmmgg6', 'hapw6lv9', 'mi6bdisx', 'l9b3sr4r', '1hlqov6m']
1279	['kgggepu0', 'mi6bdisx', 'z6cdyy0w', '1vd4j3qc', 'gha1wg4w']
1280	['pgasbdpp', 'ogrlupbx', 'pmd1n2l1', 'yqx0xqz9', 'd4eae8g3']
1281	['uk6whrhz', '3p2cuxk0', 'o0m20894', 'eubmiblw', 'fiiyythk']
1282	['1itor6ic', '0a1m1niu', 'n24k9s1s', 'l4zku2e9', 'dx2cx9lx']
1283	['8f83k2ce', '5nsayxwc', '36flecmg', 'jisznsr3', 's1hmhupe']
1284	['hltkddac', 'lcqxrcji', 'kp4j9snc', '5rhrd0s4', 'l5nncxqo']
1285	['6fpw6y8t', '0si51n85', 'q7pieq3w', '2r0a357c', 'fbcu88lv']
1286	['1wui9gwa', 't9hbbqay', 'fe72aj3a', 'm8xfza1d', 'ifgz75ch']
1287	['dxym95pe', '81rxs247', 'v7szuzfa', 'yb9uyov3', '2uy0jjdh']
1288	['kjr6dcqv', '089b1z4b', 'xli7wyg4', 'gc9eg5j3', 'n2ih64pz']
1289	['hb3wcm04', '1w3x0g42', 'x4mgnhbg', 'xl1e9gzc', '2tggadqm']
1290	['oi8epg9m', '8vx56qlk', 'qp34apct', 'q7pieq3w', 'xqpsdc8u']
1291	['gkf3wez8', '10dkpj5h', '5sfojk7y', 'v13kzr5y', 'oxa060jf']
1292	['gtp5daep', 'm79zl7ka', 'q7pieq3w', 'e756pbyp', '6fpw6y8t']
1293	['nsflghc5', 'r4dgrxel', 'rfchb7ar', 'n4kke717', 'j4p46aiv']
1294	['jo38hjqa', '7g7sgabs', '7wu8bfo4', 'z8ajje2l', 'h98tts7e']
1295	['vx9vqr1k', 'h87bv6gd', 'feovbv3v', '6ndqgxy8', '2zu4jjkp']
1296	['od5nnxvg', '5zn5mgi9', 'ykxr9q1j', 'pc2cnhjd', 'vdgu6h0a']
1297	['y047cuxp', 'r2hovw0y', 'rr87vhd0', '555e3ndo', '3jrb0sn8']
1298	['55gugbs8', 'r5v2gi3v', 'fa05sovj', '6zjzy0ft', 'jgcv1wf3']
1299	['hkk23tqt', 'z92xqedn', '2w6p6jji', 'rtus1qyw', 'aj885nl0']
1300	['q58dzxwc', 'k457kqlo', 'krg8jvfz', '8dh4xvph', 's96b0s76']
1301	['xpwv8xlv', 'xtraspw2', 'w0ebmg16', '8iqs6jko', 'iylmvmv3']
1302	['me08w1ir', '54fmvcl5', 'td8uwcas', '6mzqk12f', 'm2id6kxw']
1303	['aqcllik0', 'yj25zkx6', 's1qugmyt', '914oafkn', '35ipnfx0']
1304	['h5fvf5ja', 'unbx6od5', '5o0ihd3f', 'g9rs9cx8', 'qp8jxcdl']
1305	['g4nto9kf', 'y6ufb4l6', 'a4klrp3h', 'ypqusgs3', '8lnjbxe5']
1306	['rpwmcqbg', '9qsqj91d', 'mkgszhkk', 'w1bx4a7v', 'ximw03ej']
1307	['z68tl88x', 'arcz8ku9', '8ljnxihr', 'rwgqkow3', '5nyc1cn5']
1308	['08h4198w', 'vs730te0', 'supf8vel', 'ttl1ozc6', 'e9xx6mhg']
1309	['styavbvi', '82y56t7d', 'q5veu992', 'is9a77dk', 'nksd3wuw']
1310	['mlo8zypy', '9n7bkayx', 'xee6npr3', 'mg9kypvn', 'wz6446aw']
1311	['p9c3g251', 'i4p0n7d6', 'ho6qjkyr', 'mpe2qs0h', 'efm6zj9r']
1312	['zu5mg2im', 'ktwazcrd', '2hbcbvt6', 'jisznsr3', 't038136e']
1313	['9ixpj162', 'cwdtyr1v', 'plzklj7c', '9e6g15iw', '4z8i83p4']
1314	['5q49qq42', 'mo4luyx6', 'dlpgq0rm', 'tafg1xoo', 'wnlse824']
1315	['f0kcf2y0', 'mz1bof2x', 'evuixig8', 'cnz7jlw4', 'x220pjeg']
1316	['bvzi49hy', 'v47publm', '3u3i5myh', 'yx0u0iyw', '11d18w9y']
1317	['v5beddu4', '9ixpj162', '9e6g15iw', '784gmskn', 'plzklj7c']
1318	['nz976qc6', 'onlly1ga', 'aakzdkcj', 'lm73oj21', '1l4o9pko']
1319	['0clp6zt6', 'z86g8dzs', 'u8mu4yga', 'w1bx4a7v', '8iqs6jko']
1320	['ogchq8gz', 'oi8epg9m', 'ocxl6cf4', 'd9b814yp', '353wr671']
1321	['mgtxchud', 'me4v1qyr', '92qcakzi', 'qd73h1ie', 's3vaa0yc']
1322	['34ulkvl4', 'pvrp8u8n', 'c2a07zg0', '26kx1b0h', 'gk3wr6s1']
1323	['x7ffgtrd', 'ewg9d4ei', 'c2s2lxw9', '9rxv6fy9', 'uhkff67h']
1324	['pyz2tnhk', 'q10pvwf5', '312cg7b7', 'w2w98hey', 'ln6t374j']
1325	['bwmpamea', '0e97tdez', 't024w7h6', 'soa71kwx', 'kjl04qy5']
1326	['dfhxcqr8', 's82tyeis', '3o7rd8pt', '4kfl29ul', '6hoajaru']
1327	['y7lrp0gc', 'a7eabvvo', 'e0pz0z4j', '0lk8eujq', 'jisznsr3']
1328	['m1tv7mgm', '0chuwvg6', '9f5i6crg', '6o1h9uyl', 'o47v5vgw']
1329	['fsid4a39', 'fe72aj3a', 'yy8mbw1a', 'aceu86at', '7omyaap8']
1330	['26kx1b0h', 'lty6oq3d', 'bv7hvc1e', '8zufbeuz', '5aev7ltr']
1331	['wcmxmahq', '0vy5yifk', 'rtp9j01c', 'n5bnpzj6', 'nok0yfzv']
1332	['mkgszhkk', 'z86g8dzs', '8ko7mmu3', 'eay6qfhz', '8je46886']
1333	['iuziorsk', 'sm0112e3', 'wmpjfc02', 'y12veqre', 'z22g03v4']
1334	['jc5ik84m', 'lz8b60ew', 'v72mveyu', '1nmzo9at', '1iago9rr']
1335	['qlng0zvn', 'wc6e0pxf', 'sdsmy0bw', '43uwgep5', '5s1zz2lm']
1336	['6x8xp62f', 'o0m20894', 'sjqt01gr', 'fs5100nn', '8xdz41w9']
1337	['lm73oj21', 'd21lvneh', 'ivy95jpw', 'hcw0cisk', '14alhxc3']
1338	['jkm496ip', 'jo38hjqa', '9anlwi27', 'pvsox183', '0njeeoc3']
1339	['1cvpw5hp', 'jk0ju2eb', '64qt0w2a', 'n040i865', 'ajzcx2rg']
1340	['mgtxchud', 'ajqbljai', 'uk67ac2r', 'um51u84w', 'at5pcnrq']
1341	['ka2kyqmk', '43joavrl', 'tbio295u', 'v7szuzfa', 'kt7km3jb']
1342	['ocxl6cf4', '9ok153yl', 't1ughb9b', 'yb9uyov3', '7a7oi5dt']
1343	['hb3wcm04', 'n2t35wgn', 'e756pbyp', 'jzm6nc41', '0xnpfdt9']
1344	['z86g8dzs', '8je46886', 'yrowv62k', '0mwz8kwo', 'nom4z0tv']
1345	['zecuhkcd', 'e3dh0huv', 'q5wiqpcb', '08bw0h8m', 'ucmzbezx']
1346	['hfk8nikl', 'dcli6uaq', '2igc5wzx', 'auo73dv7', 's1hmhupe']
1347	['iy8pp5ey', 'fa05sovj', '6zjzy0ft', 'byw8jsqv', 'eywnnzxe']
1348	['yrowv62k', 'u8mu4yga', 'w0ebmg16', '4eak8e8l', 'q4aqkr0w']
1349	['s19w1p2i', 'zc10b6j5', '45r6aieu', 'n5bqf6rj', 'jgq968f6']
1350	['lh82rl24', '6bwd99d9', 'fiiyythk', 'rtp9j01c', 'tnejo5wc']
1351	['mkgszhkk', 'z86g8dzs', '844229sb', 'eay6qfhz', 'fj6l76hq']
1352	['aqcllik0', 'yj25zkx6', 'bw6a5gmy', '24u6q3ae', '914oafkn']
1353	['zew4tzy7', 'kayh0v56', '5azti19e', 'w3kkizaq', 's8nx7wim']
1354	['ivy95jpw', 'nxu1xoax', '14alhxc3', 'd21lvneh', '1l4o9pko']
1355	['ax3e82js', 'cq5z8lqu', 'ml27mexb', 't7xaqtgo', 'yt2fp8zl']
1356	['aakzdkcj', 'rh2jrojk', '1l4o9pko', '407va85q', 'onlly1ga']
1357	['jgq968f6', 'm26sn2qg', 'z807g8i5', 'zc10b6j5', '0an1j8wk']
1358	['uyb0of5p', 'jjh1z5c6', '0clp6zt6', 'tra5ewc5', '0cnjtxyq']
1359	['q7pieq3w', 'pvrp8u8n', 'h73m17lw', '855atuue', 'k9erix1s']
1360	['jkm496ip', 'mo4luyx6', 'dlpgq0rm', '9rhydy8u', 'tu1vevx9']
1361	['4vkkaqhz', '1j4w2hyp', '5nr3j1ew', 'apfimvix', 'kt47i60w']
1362	['8hchfgx6', 'cg6v3yma', 'm2z6k2va', 'ordof7g5', 'lr20prun']
1363	['xl1e9gzc', '2tggadqm', 'y5b7g8v3', 'eyhtf6mv', 'mjjjciff']
1364	['64qt0w2a', '0bk9jmdu', '4ylmj9ub', '32v44sw9', 'sqxdwu6j']
1365	['5bl4h80v', 'ud8cz3sp', 'xcduaqje', 'zna49ifn', '73pzirry']
1366	['bck22z87', 'yzn6jibu', '5pe3wag3', 'yq2dt0gv', 'yf3z913h']
1367	['oud5ioks', 'uohbxoeb', 'te0v91nr', 'zdfx3zo3', 'hn6clwoj']
1368	['iu2frsec', '97vw83zu', 'kugpzkyx', 'ibnudp1x', '6e24bliq']
1369	['qijo070w', 'wtovv1jy', 'y6zisciu', 'fteydbm8', 'fbtyz7tk']
1370	['wgfdd3lm', '9k4pwc2h', '6c47sm6i', '7wu8bfo4', 'a4klrp3h']
1371	['hm332jqo', '9mdf927z', 'q8dl0gcc', 'bakwk4tm', 'qhqidit5']
1372	['3p2cuxk0', '3o91v72a', '296lr317', 'pkoux9yt', 'fgab2fu3']
1373	['d9b814yp', 'dsfbmhbj', 'hunepli1', '855atuue', '7d6snq1v']
1374	['4mx9t5td', 'cg6v3yma', 'u8mu4yga', '9qsqj91d', 'a2voobqa']
1375	['y349r3r6', 'fa05sovj', 'vf7xj5qt', '6zjzy0ft', '855atuue']
1376	['uw0rrel5', 'ylvgmdwh', 'gjk8kc8g', 'uba4wym6', 'yq6jhupe']
1377	['jnwuu08w', '8je46886', 'z86g8dzs', 'dhd9e9bn', 'f2zgrgva']
1378	['0l5li1f0', 'gk3wr6s1', '34ulkvl4', 'kc3nb2pc', 't2gxkxxd']
1379	['8wqii0nd', '7aaiyppx', 'leokcqqy', 'mup5hr7e', '4img2we6']
1380	['sywxrxmf', 'qeqd4soe', 'aakzdkcj', 'ml27mexb', '1l4o9pko']
1381	['ocxl6cf4', '9ok153yl', '855atuue', 'v47publm', 'yaedocvp']
1382	['8je46886', 'z86g8dzs', 'u8mu4yga', 'nom4z0tv', '1s8jzzwg']
1383	['focpnnks', '2z2etb0s', 'n3swuykg', 'fjzhe9tp', '6x8xp62f']
1384	['n0zppf8v', 'qmo1zzkg', 'rwovxw7a', 'cc23zega', 'vzloj6b3']
1385	['7wu8bfo4', '0j4z4ez7', 'ypqusgs3', '0tn06al2', '8lnjbxe5']
1386	['u8mu4yga', 'a2voobqa', '0clp6zt6', '4mx9t5td', 'tra5ewc5']
1387	['104lecie', 'zqzs6vtf', 'f2zgrgva', 'te0v91nr', '7esjlc7i']
1388	['w2w98hey', 'sljh3o2k', '33wqmdnk', 'q9qtteqs', '4kyy2g76']
1389	['xgfk6txz', 'b0qj7tck', '4cnk76lb', 'hhuu7ol8', 'wgbyqfrx']
1390	['ujq9mxk7', 'isniqv6b', 'n040i865', '8r6hln9b', 'p91dk324']
1391	['ml27mexb', 'aakzdkcj', 'onlly1ga', 'fien6nra', '9wnkmn27']
1392	['mgtxchud', 'e5y8pp5b', 'unx1pv2k', 'e8mk04uf', '2oi5km6u']
1393	['urazxa6x', 'dg4rfgbw', 'no7n99cg', 'j8dtmy7k', '3iz0ozpx']
1394	['q7pieq3w', 'hqkrer9m', 'ii3di3dz', 'jisznsr3', 'jpenhh92']
1395	['y349r3r6', '09jbs6mx', '6mzqk12f', 'u66awao9', '1k0qpuys']
1396	['bpnqz1cn', '99ln2zzs', 'rcdoewwv', 'itvjhlnn', 'jo0m0w68']
1397	['q9bwvh0t', 'qp34apct', '855atuue', '9ok153yl', 'rcrok8lr']
1398	['y5a9xtr5', 'rlr17nah', '6fpw6y8t', '3qgwoblb', 'q7pieq3w']
1399	['x73moqog', 'rb20ge7e', '7xnga86x', 'g9rs9cx8', '5jlohhmv']
1400	['8q2gdy5n', 'zj0yxy2z', 'eydniusb', 'fc86sjec', '0r12f0h3']
1401	['ivy95jpw', '5ax78ysz', 'nxu1xoax', '0qy6hcgp', 'roe6g61u']
1402	['on53pegz', 'tc1exm56', 'lae18d0l', '9p73l3rw', 'wm6iem8d']
1403	['zpxnr9s9', 'bumpnp7q', '2my9o9fy', 'uh1mcgxh', 'l73htuz1']
1404	['dksw5yzp', '0zjpvzof', 'g0cgjlok', 'xli7wyg4', 'kjr6dcqv']
1405	['16ff3c7m', 'u31ixcwa', '5o9bbspc', 'zu5mg2im', 'ujy4i5uu']
1406	['ucmzbezx', 'zecuhkcd', 'yi2m5ukw', 'ww2767gn', 'wtovv1jy']
1407	['xeb14weg', 'f2ypnls4', 'cjfn4dna', '4socpj73', '9colibhs']
1408	['gfb11r1i', 'erdcvj30', 'egy8rgtl', 'whj9jwwf', 'j23pvlj9']
1409	['z2jtzsl6', 'lgtpeqhw', '4kfbs7j4', 'ikon1ktb', 'n0zppf8v']
1410	['lcqxrcji', 'hltkddac', 'kp4j9snc', 'km2uxj9p', 'qjfe2t9v']
1411	['71x3b75z', '0u14wypb', '7ld7hyaw', 'sskqco38', 'gj3i9qo7']
1412	['r2cx0nmw', 'bw6a5gmy', 'cfkh0ypy', 'y6ufb4l6', 'rkgrsiqf']
1413	['m847xdzk', 'y12veqre', 'ii3di3dz', 'jpenhh92', '8f83k2ce']
1414	['jzosdlu7', 'eflwztji', 'txnegebz', 'yztfkwkc', 'njgbom98']
1415	['zjbyz1vy', '6entp07f', 'g5uu01aa', 'fgab2fu3', 'ybpev0vi']
1416	['2jdlavwj', '25aj8rj5', '1v8xf5uy', 'gtp5daep', '5xk20hs5']
1417	['lkb09vs8', '8je46886', '5z0xwlxp', 'f4jx3b2q', 'u8mu4yga']
1418	['d21lvneh', 'hcw0cisk', '0r580il2', 'sygm6irl', '0qy6hcgp']
1419	['f2zgrgva', 'yx0u0iyw', 'y349r3r6', 'ruewzstg', 'po32j519']
1420	['y6jw3gws', 'vpih1wvs', 'pvshw2pn', 'fm6lf66a', 'xykncac7']
1421	['6xxm7hcs', 'vuxxerob', 'sz5fr79q', 'b8ipstv2', 'jnmpyovl']
1422	['dfhxcqr8', 'fsid4a39', '7k8nlea3', 'wl4n02rf', 'ifgz75ch']
1423	['33znyrn8', 'o4ruio2m', 'i3jsvtwp', 'ljt9rn8z', 'lgflny84']
1424	['octtj2vf', 'f4jx3b2q', 'lkb09vs8', 'wcq3qqt4', 'ey0r1py7']
1425	['g3ny530a', 'wp3rwdum', 'q48rqmw5', 'ftq6ed38', '0rrhgz26']
1426	['3p2cuxk0', 'o0m20894', '0illlel7', '1f6kq8co', 'pkoux9yt']
1427	['alt4j58b', 'waujy98e', 'm72i8vtq', '8hvve871', 's245n3qw']
1428	['po32j519', 'flvz7qni', 'eml8uilb', '4888p05u', 'nzy970he']
1429	['irx4pcsx', 'v5beddu4', 'tvg6q8cw', '09q2so3j', 'ef3qmfxk']
1430	['6fyrj0xv', '13kzv4b2', 'yhmuvort', '9jfclm9c', 'i6qoo03c']
1431	['tbio295u', 'ryj83uw3', 'xee6npr3', 'ka2kyqmk', 'u79trvqf']
1432	['a2voobqa', 'uyb0of5p', 'u8mu4yga', '9hpkmjvu', 'lr20prun']
1433	['9n0sy82w', 'e8m2n9v6', 'jdsha5ol', 'rr0v0ju1', 'kyy53jru']
1434	['8je46886', 'ximw03ej', 'z86g8dzs', 'u8mu4yga', 'w1bx4a7v']
1435	['uaccs7k9', 'vpoqfm7d', 'c3a85ld0', '18b6ikq3', 'ebgu29uh']
1436	['hh643w7m', 'eza5qh47', '8p0xdqba', 'tij7lakb', 'klmhhvtc']
1437	['6r4jyop7', 'gvaslwh9', 'xee6npr3', 'vgk1sgcp', 'pxo11hwp']
1438	['lgtpeqhw', 'k30wvnx8', 'kd3as3b9', 'nfem3htm', '43wbbris']
1439	['7o7v0ewg', 'xli7wyg4', '0zjpvzof', '089b1z4b', 'eszhtrze']
1440	['vpih1wvs', 'zwil22bs', '8gogju5n', 'uqpxs7et', 'gdfvt4pu']
1441	['fagcyea9', 'wb1apvn2', 'ragjcn97', 'j5vhny44', 'te5qq8nd']
1442	['ohyvuybc', 'x64zft78', '4u3v4vyu', '06fwhyac', 'q5ie1v0v']
1443	['32ut5vr7', 'solieify', 'q48rqmw5', '1iagbaow', 'terj0odi']
1444	['ftq6ed38', '3jn7tdaj', 't3b2adct', 'lkb09vs8', 'zew4tzy7']
1445	['leg5ntvu', 'nlnkgkjo', '58qneoj5', '2cwvga0k', '6fpw6y8t']
1446	['jisznsr3', 'hqkrer9m', 's1hmhupe', '8f83k2ce', 't1vom8f3']
