post_id	preds_hardneg
1	['5aev7ltr', '8zufbeuz', 'x4zuv4jo', '26kx1b0h', 'qgwu9fsk']
2	['vf7xj5qt', 'k1ktytot', '47p4g80o', 'dgkutcie', 'vw9jd88a']
3	['gtp5daep', 'dikrttn6', 'kb3xi0fk', 'vh3qs9xv', '25aj8rj5']
4	['ru2ty1y9', 'enlj85zc', 'z43p1dmf', 'ozj6zju8', '95wclabe']
5	['f5p37j7g', 'bfm45zas', 'x9zg7ulr', 'lbrpbhpg', 'n9zqc1gm']
6	['hhy9g1yf', 'vdd8uuv8', 'lv5xjfk4', 'on53pegz', 'wd7drbky']
7	['4888p05u', 'zpv5f8pr', '2aoyzj2b', '5tdmh0ac', 'oap7i5ea']
8	['jgcv1wf3', 'e4xw6gyp', 'uuxo3jk9', 't9hbbqay', '3rxsplrl']
9	['g99myvw1', 'atnxkvy6', 'npe81wc8', '46r46ja3', '3ybiysp4']
10	['u8mu4yga', 'w1bx4a7v', 'f96qs295', 'zl4ixyg1', 'ximw03ej']
11	['q5veu992', 'i8jv5iqo', 'l4u01fzk', 'cn0hqvsz', 'f5m4ndx4']
12	['iu6epm2i', 'yzn6jibu', 'v4c1lgpd', 'nbqukjzv', 'ioey6zgd']
13	['s4l216x9', '6wsa54w2', 'c0c60pyi', 'vc0ezpp7', '6gqxf34l']
14	['9a27s0zn', 'mgtxchud', 'itvjhlnn', 'xcs9podj', 'tlr243il']
15	['wcmxmahq', '0vy5yifk', '4rzttwyp', 'wo9gg7nx', 'tb8k979g']
16	['qu7ddcw9', 'v9366atg', 'dyxfsojh', 'u99omznb', 'urv9o2f1']
17	['h2uc7ria', 'ccxnsmia', '19i9lknr', 'vs6ev73e', 'jo38hjqa']
18	['w1bx4a7v', 'u8mu4yga', '1s8jzzwg', 'z86g8dzs', 'f96qs295']
19	['0yea1289', 'fff0swre', 'sv6rhlkb', 'y0mbzzx0', '059xokj1']
20	['xpwv8xlv', 'e1mnj7bf', 'lhbk4902', '1aqf98e0', '9ds4ot1q']
21	['l9lni5d3', 'dgng39yd', 'jgq968f6', 'psrsed4b', 's19w1p2i']
22	['8x9fc130', 'yx3j6373', 'br20k96q', 'u07jsjmf', '3rat1lsp']
23	['hqkrer9m', 'jisznsr3', '8f83k2ce', 's1hmhupe', 'a7eabvvo']
24	['y1uk8yfa', '8f83k2ce', 'raw2mt47', '8xrccucr', '5nsayxwc']
25	['uzry86hi', 'ezrarusj', '3vccsofn', 'n9nu5n44', 'z81x8sh4']
26	['i0bc6k81', '7yldl4ld', '7fyhx6c2', '8393t8xl', 'dqbvnr0y']
27	['e6kncj4m', 'wbhlwq9r', 'pxulu0hl', 'ud09l0la', 'pz3e9y4i']
28	['a0q61mpi', 'gb1sk22m', 'm2z6k2va', '7ruoysxu', '8ko7mmu3']
29	['r5iu5nr1', 'j1ucrhd7', 'o8lasxcb', 'vprj63y2', 'uo3ww8j4']
30	['hjdt44rc', 'paczkqnw', 'fgj2lvbg', 'ef4wyw2f', '5053t5ki']
31	['ix0xi5jb', 'ob10sxfv', '2xzntu5c', 'o6zww1rr', '72ncfyc5']
32	['nom4z0tv', '46y1pa7o', '9qsqj91d', 'z86g8dzs', 'uyb0of5p']
33	['7zngkwoh', 'upiu3e2d', '7zdi0y2s', 'cnmawglq', 'iylmvmv3']
34	['psaq958v', 'mldwnz43', '7a7oi5dt', 't1ughb9b', 'n5c0hcwn']
35	['7tp8z7n8', '582ts5mf', '5nue46dm', 'h98tts7e', 'bhleyzhc']
36	['2qwk2z22', '40dsvwyb', 'sm0112e3', 'iuziorsk', '383sp7f5']
37	['8l1vfsbc', 'mg8uyeuh', '08p8ns2d', 'kl2w6yiv', 'ravcm60e']
38	['eflyypev', 'ftq6ed38', 'g7n7jh5y', 'ldmjcf2n', '1yrhikew']
39	['lgflny84', 'ijoyk390', 'fynl88p5', 'i3jsvtwp', 'lvvw1npq']
40	['ep6uuulm', 'ujq9mxk7', 'd06npvro', 'jer4jwwf', '9bvetodx']
41	['y0u00y67', '1blzi9r3', '08z6z7d5', 'ryfz5xsj', 'w01dub6y']
42	['l4y7v729', 'ike8mgh6', '9ixpj162', '784gmskn', '3d74ihpp']
43	['52lf5gzr', 'djev6er7', '9ei6ubx6', 'uyo1rpx6', 'gcsew8u3']
44	['aakzdkcj', '1l4o9pko', 'd21lvneh', 'ml27mexb', 'rh2jrojk']
45	['wcq3qqt4', '07cica09', 'octtj2vf', '80yu5aiv', '726t123x']
46	['yx0u0iyw', '5zhjn3u2', '47p4g80o', 'la2wvnb0', 'wubcq0xx']
47	['jcueu1xh', 'xolflz8g', 'en0obmna', '0extp6r3', '8ubugbn3']
48	['fe456in0', 'jnwuu08w', 'hwg0lthr', '3yi44xfe', 'm6eotnko']
49	['zb7ge4b8', 'jq9hku2o', '2pufns7d', 'bqy5eo3p', 'zz0i50l7']
50	['4hmecfi0', 'bawgldfi', 'i9wjpbe7', 'p1ayih2z', 'ne7e12nj']
51	['o9me37ri', 'hmkqnply', 'uj5deryi', '0pptqw7o', 'pvw9t7zd']
52	['g5h4tazp', 'tuqmar6w', 'whj9jwwf', 'zd8c1no7', 'osct0lj6']
53	['apfimvix', '5iudn4kq', 'kt47i60w', '4vkkaqhz', '5nr3j1ew']
54	['4ehxnzc7', '68d30i8k', 'xthxesgk', '1lz5xobh', '7g9fivhc']
55	['vvmb92wo', 'nom4z0tv', '2bupc5jh', 't0iw2vod', 'w2c01295']
56	['ex3s7ytv', 'vc6j8ao2', 'gtol0evh', 'lk3wcmm6', '7ycaloeb']
57	['582ts5mf', 'bvzi49hy', 'h98tts7e', '8drlvdkp', 'dkfohub3']
58	['m4hwwhux', 'opda8pjy', 'njpq3sq2', 'z33cg3nj', 'x88qugn9']
59	['ezrmuw48', 'b9b6ww9q', '1s2kfzkn', 'alt4j58b', 'vnsag9fc']
60	['sjsaw6yv', 'vo4csaah', 'wh3k3u28', 'bzzln9kc', '6nt6msrm']
61	['2l883zhe', 'sygm6irl', 'qa1tbu6t', 'l97yi8l9', 'dqhdws5k']
62	['25aj8rj5', 'ocl5qf9o', '2jdlavwj', 'ky5env7t', '1v8xf5uy']
63	['iz74o9de', 'tdlcb9bf', 'zu5mg2im', '8zm7n7j9', 'ktwazcrd']
64	['09jbs6mx', 'y349r3r6', 'xigbp7vh', '1k0qpuys', 'fa05sovj']
65	['me08w1ir', 'gbgcfa2o', 'jbvsmuea', 'ga1fks7l', '7pqy0ejn']
66	['i95dnfw3', 'uejtwgar', 'wwjeu8ie', 'yx3j6373', '9qbq7hwy']
67	['cutwvq3b', '5053t5ki', 'yv5nepnc', '9gy70ty2', 'm79zl7ka']
68	['r0nmq9ne', 'jtaq9p6r', 'x7siihod', 'uru7bkr4', '1adt71pk']
69	['kayh0v56', 'zew4tzy7', 's8nx7wim', 'lpar7tc8', 'eq5qqshb']
70	['msovjuk4', '7f33cu6l', '4gxff3rd', '9uxazk87', 'stn5gl2b']
71	['7xnga86x', 'maxbdi99', 'm89wmmxd', 'i9cti2ok', '5a5a8ifz']
72	['925f5ucu', 'q6ho9pdk', 'c2s2lxw9', 'u42d1p1j', '9nicryzs']
73	['kt7km3jb', '7wu8bfo4', '3tfof5nd', 'qdmkx03t', 'v7szuzfa']
74	['1vcc1khg', 'ximw03ej', 'x9sfgtim', 'ropgq7tr', '0clp6zt6']
75	['0bh8i14e', '5lzixulv', 's4xintwp', 'uohbxoeb', 'a40yhtqk']
76	['bw6a5gmy', '164yx77a', '095g2l66', 'rkgrsiqf', 'cgc0v1dg']
77	['4qp083h4', '0loj2fsm', '76aij6sx', 'dyxyab5g', 'fjuehj70']
78	['5q8k71et', 'mjm2kap6', 'wknaotjt', '9xpbwf9c', '42i1i6br']
79	['atloc9th', '2f7wqamp', '607lsqlg', 'wn98fql3', 'vvmb92wo']
80	['7qxs79qy', 'edx9z9oi', 'd0tg9i90', '9y9s7tn3', 'uctcv9d2']
81	['2nj7rn4q', 'wivk0bm0', 'spkjn8bq', 'ag5coipu', 'icnbhg6e']
82	['d0cd89hs', 'isk5cu0k', 'tz0pgml3', 'nzy970he', '1nqbqmum']
83	['33znyrn8', '2cwvga0k', '6j45mmjh', 'igm2qr4p', 'i0swl50w']
84	['ca3h96bx', '9iomlhpv', '8k2v0u19', 'o8lasxcb', 'uyzalds2']
85	['eohd0jjy', 'hpbcwiwf', 'rfv0omd6', '2yrgy2y2', 'f2det6w2']
86	['opjfy3xr', 'wq92nfnd', 'nom4z0tv', 't0iw2vod', '1s8jzzwg']
87	['hlulg3wf', '0bdi3yxk', '7097q0r1', '24ie3mhq', 'cv6no7nw']
88	['1ef8ac5c', 'wjktna81', '9kk8pevp', 'ijoyk390', 'jveh2w09']
89	['6buxpp8x', '8xrccucr', '5nsayxwc', 'lrgmyfjs', 's01g5wxg']
90	['630w2rtn', 'xhkjbeam', '4gj7qdtw', 'w3fxltzw', '7fapl71l']
91	['2zbm4iwn', 'wk4zxmz9', 'drto66xt', '8vnsrvws', 'spo1lzyo']
92	['vg96f35h', '34j9n40u', 't22hwoeb', 'ljt9rn8z', 'ge8o93rh']
93	['iylmvmv3', 'xpwv8xlv', 'upiu3e2d', 'e1mnj7bf', '1aqf98e0']
94	['0oq0xmzr', 'yy8mbw1a', 'ynaxwnlp', '9iz8papc', '5r0ubg5g']
95	['aakzdkcj', 'nz976qc6', '1l4o9pko', '0r580il2', 'd21lvneh']
96	['ukdylwb7', 'qgwu9fsk', 'so9uy899', 'uc316ncl', 'pxo11hwp']
97	['8bihly91', '34eot3zh', 'u6b8iwr0', '9nicryzs', '4vq9ljlg']
98	['dbxufi3m', 'pmd1n2l1', 'yqx0xqz9', '5nt99kyu', 'v3h2nxpt']
99	['olhgu24h', '9169o29b', 'atloc9th', 'm26sn2qg', 'e0pbs354']
100	['in69fhw9', 'ocxl6cf4', '0pptqw7o', '7a7oi5dt', '3ncm8iwb']
101	['u07jsjmf', '7aaiyppx', 'mup5hr7e', '4img2we6', 'u95kg3m0']
102	['aj885nl0', '0g4naq14', '2w6p6jji', 'jghu52qi', 'n9fddzn8']
103	['6y6e5qgj', '9f0bjknz', 'fm73ly1x', 'spohl5ey', 'f296patc']
104	['tra5ewc5', '0r0zdpds', 'l4y7v729', 'gtwg0m54', '0hbyplqq']
105	['7qpwux9w', 'y047cuxp', 'wi1slkpf', 'xnrp2tpd', 'dm6pznm2']
106	['y6zisciu', '64qt0w2a', 'f2zgrgva', '1nk1t5qs', 'wtovv1jy']
107	['suw0h7s3', '1cvpw5hp', 'y3a4czk7', '6vqf2n5j', 'b9jcuwu5']
108	['2bupc5jh', '9ds4ot1q', 'rhbqgjnm', '1aqf98e0', 'wn98fql3']
109	['hgqohdct', 'zaibt2fq', 'wknaotjt', 'flxbomsx', '42i1i6br']
110	['x1uc10m5', 'z35xw2p0', '0retx7ty', '9f5i6crg', 'h2vct9h5']
111	['rlhayt20', 'f95ext4b', 'k2qertx2', 'vwrhypnl', 'o86wki37']
112	['kt7km3jb', '3tfof5nd', 'v7szuzfa', 'qdmkx03t', 'kyt14ufu']
113	['72f64kpf', '1t1sykok', '6ys3uogb', 'mu2vqjnv', 'bawgldfi']
114	['nyvluckw', 'osol7wdp', 'vmmztj0a', '6pn9jwfn', '8r8586br']
115	['r2hovw0y', 'rr87vhd0', 'y2zcwcic', 'bmgfoine', 'nle4axad']
116	['53vvp3j5', '1992wisb', 'o3cr0xvm', 'rc5d6wi3', '6mzqk12f']
117	['n3xm6c0y', '4mjg7jul', '4cqf9v2v', 'std4jddn', 'vqbs5ot5']
118	['jgs4jszx', 'lpoxaetv', 'jvog9dpj', 'opckeugf', 'sok0cyd3']
119	['iha9gjt4', 'eyxag4xd', 'sxi0tpsf', '4mx9t5td', 'gb1sk22m']
120	['q17jutw0', 'mcc37ogt', 'f0t6n2j1', 'an1wfsvk', 'in9a3bvi']
121	['1itor6ic', 'n24k9s1s', 'zvmwubuk', 'qmo1zzkg', 'vbnke2q5']
122	['913sln1q', 'tki4l0gb', 'gat4jwsu', '4bw26042', '4b6jrycu']
123	['f2zgrgva', '104lecie', '26kx1b0h', 'te0v91nr', 'dyxfsojh']
124	['s9b631ee', '8qml9rrb', '00xnsdt9', 'lehzj4d8', 'e7d6sezr']
125	['o8gdpf0i', 'iz74o9de', 'zu5mg2im', '195h4ofw', 'ktwazcrd']
126	['gw6qnwe3', '222ci300', 'l85fi3lf', 'dytcppg2', 'wknaotjt']
127	['1ha9cubv', 'apfimvix', '4vkkaqhz', '6crputzl', 'qfrabyp7']
128	['qj1v04cf', '6qwj922f', 'c8rgn7e9', '2l83gyx5', '4z8i83p4']
129	['2146o727', 'l4o7nicc', '7mcfehzc', 'kfsuiz5t', 'xuiswu2l']
130	['p3cxk8gd', 'zp3efdn7', 'est5jx7g', 'rdmmnnjd', 'n7oankiq']
131	['qv6oxjwd', 'f0m3wuyj', 'xp2qkk52', '3kk1l0ag', '8ko2lc1b']
132	['1otgdo19', 'sb5ce0g3', 'koybwabx', '8psro2z0', 'rtvvs3tv']
133	['1ifm3vgj', '93amoypt', 's0aqouwa', 'nfx86mkj', 'adusu6pm']
134	['5xk20hs5', 'trrg1mnw', 'f2zgrgva', '2jdlavwj', 'hfaiddki']
135	['mmr04tsm', 'yjm6asp5', 'ocxl6cf4', 'gxu62u9i', '9jsx2z6e']
136	['hfbi7sk5', '828s0mtz', '42i1i6br', '5q8k71et', 'r440fw19']
137	['hn6clwoj', 'oyr4klqk', 'zbi0llig', 'bzeqs5oh', 'uohbxoeb']
138	['wk3fh9ke', '5azti19e', 'vww8d1ew', '35xqlryc', 'lpar7tc8']
139	['deas7kr0', 'icz0wnfb', '6ukt0gbn', 'y5b7g8v3', 'dh3zqjbz']
140	['1xycng32', 'kt1az1pf', 'pq3n18ae', 'egzb2nda', '0m76qrz8']
141	['l4o7nicc', 'faec051u', 'r07mv2ka', 'vj2z52vg', 'xuiswu2l']
142	['rmyy6fni', 'f0t5l7kb', 'f3v1xezr', 'asrkuts7', '8pislcjr']
143	['spohl5ey', '7wu8bfo4', 'wa4gt5sy', '6gj02k04', '3lzm42wq']
144	['tra5ewc5', 'mkgszhkk', 'xtmn1n0r', '8ko7mmu3', 'eyxag4xd']
145	['vu1f1hp6', 'krg8jvfz', 'q58dzxwc', 'y77rbrnd', 'nuu9l5kx']
146	['lgtpeqhw', 'fff0swre', 'zvmwubuk', '8hvve871', 'ib17jyva']
147	['nz976qc6', 'aakzdkcj', 'fien6nra', 'd21lvneh', '9wnkmn27']
148	['jqueo6zg', 'x7ybnese', '5t16srpn', '0z7ey1nm', 'p42w7vjf']
149	['4jjhc5zo', 'il5307pl', 'jgq968f6', '1ktrjzha', '8acldtv2']
150	['q5f98qzk', 'hlv5zb0s', 'mcw3ir3a', '5oj6bqta', 'pofysmv8']
151	['whj9jwwf', 'bhleyzhc', 'g266ttng', 'v3n2r4ia', 'mgtxchud']
152	['6ys3uogb', '1t1sykok', 's0374olh', 'xlscrlc9', 'bawgldfi']
153	['9169o29b', '4p6fcy8f', '7pcnf2iv', '7y6ok9a2', 'olhgu24h']
154	['5y6gjl2t', '1w3x0g42', 'ip9geldg', '7mcfehzc', 'k36rymkv']
155	['dcfqvp4p', 'n2kn7o67', 'wqicq5ry', '4w8hz49k', 'tv1a1hwj']
156	['hfbi7sk5', '42i1i6br', '828s0mtz', 'g9pwxfd2', 'r440fw19']
157	['xnrb0byz', 'fub50lvt', '407va85q', '8o2xddof', 'iu5ndsxn']
158	['tra5ewc5', 'fj6l76hq', 'eyxag4xd', 'ximw03ej', '1aqf98e0']
159	['zcnr1e2f', 'zcxxk9hd', 'fyy42zaf', 'sydk73uq', 'h0ex5siq']
160	['9wnkmn27', 'rh2jrojk', 'aakzdkcj', 'nz976qc6', 'onlly1ga']
161	['2q6qmex3', 'ezrarusj', 'h4kc04w0', 'h4fo8h90', '963hkkiy']
162	['iylmvmv3', 'e1mnj7bf', 'xpwv8xlv', '1aqf98e0', 'cnmawglq']
163	['gi3vfi68', 'fbsrggog', 'ef4wyw2f', 'rlr17nah', '1k0xqhda']
164	['ojr558x6', '4zxfghz3', 'wl2iuup5', 'mqyu72nc', '6ntvbee3']
165	['yu8dkk5g', 'tvln1bco', 'i57f9ayv', '5b1xsakf', 'anu3pahh']
166	['faj85qxc', '8p81kc9z', 'a0ufivdn', 'w3u3vmd6', 'jlqpwfwm']
167	['9ds4ot1q', 'xpwv8xlv', 'upiu3e2d', 'gh9sy7sl', 'e1mnj7bf']
168	['wzz5ioek', 'ithv0k5k', 'qa2pgjvj', '7ru6tapp', 'mpuhbr2p']
169	['ny7wkswf', 'uxz185vr', 'oz047qmf', 'i8jv5iqo', 'n2rec4i8']
170	['7aaiyppx', '4img2we6', 'mup5hr7e', 'jlqpwfwm', 'u07jsjmf']
171	['hqkrer9m', 'jisznsr3', 'jpenhh92', 'ii3di3dz', '5nsayxwc']
172	['8je46886', '9pb2eqoa', 'xtraspw2', 'knbngla3', '2rx84imv']
173	['6pn9jwfn', 'li8kvzdh', 'vmmztj0a', 'soa71kwx', 'ch7nna59']
174	['6j45mmjh', 'xvphsdg7', 'gtp01rna', '6a728le9', 'ge8o93rh']
175	['gzk9xbzk', 'w19729nl', '7kxi7px1', 'wr9ko6l5', '21lbbcxy']
176	['s3vaa0yc', 'fm9mdllg', 'wq3rlpo3', '5g8u35f8', 'cfkh0ypy']
177	['x1uc10m5', '69fmtury', 'nro623aa', 'xcsl2evz', 'lfo6otkc']
178	['y12veqre', 'pzqmg22v', '1vj9p7vm', 'fcdwitxy', '5nsayxwc']
179	['v29jmh6s', 'h2sryzwn', 'k5t5rjhe', 'xavegbty', '9miesbf1']
180	['20nozop1', '5tpkcd5z', '122yi9np', '25aj8rj5', 'z1onkz6u']
181	['y1uk8yfa', 'b70zywkw', 'c5fn8t7f', 'mzon01fd', '8xrccucr']
182	['y0qrxya9', '033phqmd', 'o21ncldx', 'msg9j0lb', 'ueurvoyh']
183	['yj3yisum', '6r1hy34r', 'duddd1u5', '7iey13v7', 'bn22k0p3']
184	['hxpqexi1', 'eywnnzxe', '5zaw2iot', 'fa05sovj', 'c6p7hgh4']
185	['hert77y1', 'jz6o9gnb', '9wnkmn27', 'd21lvneh', 'roe6g61u']
186	['8t5r7ts4', 'fofw6fmx', 'x5k4sk9s', 'qpbcwf5w', 'mxfub1b6']
187	['z795y51f', '4fzzoj14', 'ierqfgo5', '9h74xlvv', '3sr2exq9']
188	['ba9uog5m', 'pwb7rw89', 'pg69ww3a', 'uo3ww8j4', 'vprj63y2']
189	['rpa2v44v', 's86zb5up', 'lqz921r3', '14he8n3u', 'w7o2r4g1']
190	['ny7wkswf', 'uxz185vr', 'rtus1qyw', 'nli8ccyv', 'j8d47de9']
191	['5u63aqo5', 'eyxag4xd', '4mx9t5td', '8ko7mmu3', 'fj6l76hq']
192	['gcsew8u3', 'dfpmbtqk', 'j7ltjn4k', 'evf9nz05', '8z7wo9kz']
193	['z2jtzsl6', 'md0drb25', '723l0buc', 'ivug325f', 'o8nf7nd0']
194	['42wh36ge', 'o8bmgsde', 'qjqk8xge', '4ztasd7r', 'vrzl7h45']
195	['6xc4j09c', 'h35we3mn', 'u30uz8sk', '0zun27k4', '64sdgroi']
196	['x7qlnugx', 'ok9o9tta', 'n2rec4i8', 'ho6qjkyr', '0ml57rhr']
197	['cbhlzemx', 's0374olh', '90dvjv32', 'r4mgu6j7', 'rgmurgbf']
198	['qh7biax3', '35nshnn2', 'sjsaw6yv', 'lbkjxws4', 'rnfh9v1h']
199	['4haf8aaw', '7mcfehzc', 'gy0kfhy6', '944pn0k9', '2146o727']
200	['8z7wo9kz', 'j7ltjn4k', 'evf9nz05', 'dfpmbtqk', 'shfkl0bs']
201	['x4zcpr02', '3kjckx8o', 'w1tdg8bb', 'phl4mmpt', 'fk62t9ym']
202	['582ts5mf', 'dkfohub3', 'amw2c96l', 'h98tts7e', 'r7aqsyfl']
203	['6a728le9', 'yn7e3do9', 'i3jsvtwp', '5053t5ki', 'gtp01rna']
204	['t3dzso36', 'ixhaq0az', 'et3c99w0', 'hz5vigp0', 'b35rzdga']
205	['7hporv6w', 'bh8zshy9', 'f2zgrgva', 'bvzi49hy', 'ruewzstg']
206	['2f7wqamp', 'knbngla3', '1y1ik2u9', '5b9jytph', '2rx84imv']
207	['qu7ddcw9', 'v9366atg', '2uwnamao', 'xegy9krj', 'xlscrlc9']
208	['uk6whrhz', 'bfmcqcq1', 'i03mrw1i', '08p8ns2d', 'tloczjn5']
209	['utak6i4e', 'd1p8zo23', 'g0wujywh', '500ypv61', 'ub7ilx98']
210	['evf9nz05', 'rr0v0ju1', '48ay8yl3', 'iatmjkzk', 'vgffg4c1']
211	['go0tueah', 'awn23o8y', 'tu1vevx9', 'y0wu60n4', '9rhydy8u']
212	['jgcv1wf3', 'ot1uz6vc', 'u99omznb', 'wigakw9h', 'urv9o2f1']
213	['tgqcnfa0', 'rdmmnnjd', 'tlfvjcy2', 'p3cxk8gd', 'jm4dmnxz']
214	['37gpov43', 'rwevmwcr', 'x64zft78', '06fwhyac', 'c8sthkc6']
215	['0g3pro4v', 'dyrn6z9a', 'nli8ccyv', 'l6ksaaaj', '0ml57rhr']
216	['hah9mrnh', 'd6mt6nze', 'p91dk324', 'xee6npr3', 'q5f98qzk']
217	['svsib7yj', 'hay91kuq', 'oqz6i77n', 'f37ezj1h', '6d5tp5hy']
218	['20lcihf4', 'ovel2jln', '8pkwqg5j', 'v0zxdkla', 'hgph0vx4']
219	['4yi9iup2', 'vegaicq8', '76aij6sx', '3cnmj21f', '7wz030vg']
220	['1xycng32', 'veeavho5', 'dogie34u', '8of3u2sc', 'vm1o1cel']
221	['1zuhilmu', '56rn6d6o', 'vvmb92wo', 'g17lp8ch', '3otvtwbb']
222	['toj6eqs2', 'vnta2gic', 'fwbabb3a', 'agpuilt2', 'lxbnwed0']
223	['5a5a8ifz', 'obhm5mc5', 'm89wmmxd', '8gub6wmy', 'uarsobci']
224	['ynaxwnlp', 'fxwszm22', 'vs730te0', 'l6kcpnbj', 'i5j4nmjz']
225	['24u6q3ae', 'foy3dsq4', 'fm9mdllg', 'wdfzrzkt', '0iqdqcp6']
226	['qlwergum', 'wslsqytj', '3tfof5nd', 'qdmkx03t', '9k4pwc2h']
227	['y12veqre', '36flecmg', 'jisznsr3', '3jnhboif', '1vj9p7vm']
228	['uxz185vr', 'ny7wkswf', 'i8jv5iqo', 'n2rec4i8', 'oz047qmf']
229	['fkbup9qh', 'elviuvfz', 'orajfobs', '7dk2r22z', 'd7eshkim']
230	['hcw0cisk', '0qy6hcgp', 'd21lvneh', '1l4o9pko', 'lm73oj21']
231	['fj6l76hq', 'iylmvmv3', 'upiu3e2d', 'ybjnep46', 'dxrltm25']
232	['egn81atf', 'djev6er7', '11xjl53c', '1smu8yc3', '3qefts96']
233	['vvuaegse', '9wn91fj2', '2oi5km6u', '5r0ubg5g', 'fhypca85']
234	['us518bwp', 'sykjpaz2', '4rzogopt', '6teavsk5', 'bpnqz1cn']
235	['u4doukk7', '6t92yhti', '1fr7j93h', '3p8rdaoj', 'wu2dyleo']
236	['5i0m18nt', 'l07q84ni', '8dbjycgt', '6hl55c60', 'bshcsfxr']
237	['eeev3k9x', 'ku59o299', '2kft1r3l', 'oy46vntr', 's2jop0z4']
238	['8ko7mmu3', '1vcc1khg', 'nv1w6juh', 'mja2qlpk', 'mcmqx7og']
239	['lz8b60ew', 'jc5ik84m', 'me4v1qyr', '25aj8rj5', 'ky5env7t']
240	['2xzntu5c', 'jgbwd3ib', 'ix0xi5jb', 'j80mp0kn', 'f3v1xezr']
241	['6sgeraws', 'yfbg2n2u', 'erdcvj30', 'vg96f35h', 'vxavox24']
242	['8iqs6jko', 'dxrltm25', 'fj6l76hq', 'e1mnj7bf', 'upiu3e2d']
243	['zj0yxy2z', '0r12f0h3', 'g7e1mcve', 'qbp5nid8', 'nnxlzxdt']
244	['xokujzbl', 'wa5rxe76', 'vpoqfm7d', 'mzekhyu0', 'y9kkl2lf']
245	['x9veckdi', '0hhdwq68', '2qksxqmb', 'a8065dca', '6ffz2va2']
246	['6rpm4phy', '85jx7i06', 'g8tckoxj', '8v7150vv', 'qwgxm1ol']
247	['a0q61mpi', '7ruoysxu', 'w1bx4a7v', '8je46886', 'yrowv62k']
248	['l97yi8l9', '407va85q', 'iu5ndsxn', 'rh2jrojk', 'qeqd4soe']
249	['64qt0w2a', 'wtovv1jy', 't9hbbqay', 'pvrp8u8n', '56m1r1z7']
250	['zp3efdn7', 'est5jx7g', 'p3cxk8gd', '8nil3u2k', '2kd89h12']
251	['mxg2q1vd', 'ko42qlzr', '6l3coibe', 'q23a5txz', '02p4et0u']
252	['osct0lj6', 'l4o7nicc', 'mvm1t0y7', 'o45sziw1', 'tdxrx9se']
253	['jdg8gsve', 'hdhpmhaa', 'cvoef8qt', 'hh37bsfp', 'ty41xob0']
254	['7n6pva1l', '2ui7z8wi', 'wt471v5k', '8vjlrs1l', 'mncip6jj']
255	['24u6q3ae', 'foy3dsq4', 'fm9mdllg', 'wdfzrzkt', '0iqdqcp6']
256	['9xxv8a2d', '1tz7y2sh', 'wq92nfnd', '8r8586br', 'jhge9qy5']
257	['jdg8gsve', 'ea78sjcs', 'rvygtpvb', 'b4dz1lnn', '19i9lknr']
258	['z2z0hu49', 'l9lni5d3', 'z807g8i5', 'ai60maqz', 'wtxhbzr9']
259	['n1q1wr9s', '69wuny3p', 'nbdk83ok', 'eomtjrgc', 'vqlnd5rx']
260	['v1ei9im8', 'p196javw', '53zopedx', '88ivkkaw', 'iff8cuum']
261	['tl39u0h9', 'frx9hfxg', 'tsyl7crt', 'uexahhdr', 'g4i4hkhz']
262	['7aaiyppx', 'mup5hr7e', '4img2we6', 'jlqpwfwm', 'u07jsjmf']
263	['6vqf2n5j', 'xtnyad3j', 'fe456in0', 'ccj1dt86', 'mdx41yqn']
264	['me08w1ir', '53vvp3j5', 'td8uwcas', '6mzqk12f', 'tadojzoj']
265	['bf42staf', 'kd7s0mqd', '0rrhiw9m', 'w7wdq05u', '105ezycx']
266	['376x58k1', '4ifng0a6', 'qa6za0yf', 'vm1o1cel', '8wrvbt7o']
267	['xeb14weg', 'f2ypnls4', 'cjfn4dna', '4socpj73', 'nbqne4wp']
268	['9wnkmn27', 'rh2jrojk', 'jiunpwz9', '1l4o9pko', 'nz976qc6']
269	['6uli512b', 'bnzb1yon', 'k42xr256', 'w0j0n8mn', 'agsu4ptu']
270	['onlly1ga', '9wnkmn27', 'rh2jrojk', 'nz976qc6', 'iu5ndsxn']
271	['ef3warsh', 'y43prnko', 'jb455t9p', 'w3ls1d7w', 'iu1d9i57']
272	['ok33bqqg', 'whj9jwwf', '9zco6ofx', '05g9172m', '2a12nsnl']
273	['cn1yfjwp', '5al7jmeb', 'zq6oe8w0', 'bn22k0p3', 'us518bwp']
274	['qi1henyy', '30pl5tx3', '0imnd2q5', '9b6cepf4', '3h80bn0k']
275	['lgflny84', 'i0swl50w', '33znyrn8', 'cr2cute3', 'i3jsvtwp']
276	['iu5ndsxn', '407va85q', 'onlly1ga', '9wnkmn27', 'nxu1xoax']
277	['o1xkgkn1', 'aakzdkcj', '9wnkmn27', 'rh2jrojk', 'nz976qc6']
278	['oud5ioks', 'uohbxoeb', 'hn6clwoj', 'u0jddsup', 'zbi0llig']
279	['rh2jrojk', 'aakzdkcj', '407va85q', '9wnkmn27', 'nz976qc6']
280	['lfo6otkc', 'z35xw2p0', 'x1uc10m5', 'zjnry1ny', '9f5i6crg']
281	['in69fhw9', '855atuue', 'ocxl6cf4', 'rcrok8lr', 'wubcq0xx']
282	['tlr243il', 'geo7ac5i', 'ra28885e', 'btao9cun', 'oeudi6lr']
283	['yidait6a', '8wpfjxci', 'xnrb0byz', 'z33cg3nj', 'jj2u35z4']
284	['u2kjft6q', 'b0wy5zz4', 'd1p8zo23', 'g0wujywh', '0aik5i71']
285	['qa6za0yf', 'c00jgkpg', 'vxmamhkx', 'tx7ql71r', 'n2yardu9']
286	['6274gicp', '7iuls8x1', '6ajmuuld', '1hlqov6m', 'hapw6lv9']
287	['o7qytdl5', 'dx53hxej', 'wzp7hpgc', 'd3mdk2yt', '5gq0wqej']
288	['mkgszhkk', 'uhkff67h', '0clp6zt6', '844229sb', '7ruoysxu']
289	['lty6oq3d', '26kx1b0h', '5aev7ltr', '8zufbeuz', 'so9uy899']
290	['t1vom8f3', 'e0pz0z4j', 'q8l3ra55', '8f83k2ce', '0lk8eujq']
291	['914oafkn', 'yj25zkx6', 'aqcllik0', 'jo489zm2', 'ufzjvdho']
292	['pw51kd1r', '8d6vcqr3', 'y2ezdqhr', 'snlukr6c', 'x6cozo6b']
293	['f3mvdpq1', '7pqy0ejn', 'ga1fks7l', '4mjrpjit', 'e8az2cw3']
294	['toy8i1lm', 'ztwemu74', 'wb601nx8', 'sjsaw6yv', 'gufhaylj']
295	['675v58x8', 'hn6clwoj', 'a40yhtqk', 'zbi0llig', 'oud5ioks']
296	['77m4rhrz', 'zueghgx5', 'ueb7mjnv', '16lhzusy', 'zxe95qy9']
297	['yfoqy2id', '55vu6b3u', 'v13kzr5y', '3xzgv370', '550ik6bk']
298	['uohbxoeb', 'a40yhtqk', 'hn6clwoj', 'oud5ioks', 'zbi0llig']
299	['1k0xqhda', 'oap7i5ea', 'po32j519', 'ko8lyoob', 'apqzyln2']
300	['mnjy6bq2', '2rx84imv', '2f7wqamp', 'knbngla3', 'w0ebmg16']
301	['y43prnko', 'gin90aef', 'umvrwgaw', '7zdi0y2s', '7zngkwoh']
302	['hqkrer9m', '4ij9t0t3', '8xrccucr', 'jisznsr3', 'zghh0zbd']
303	['eflwztji', 'txnegebz', '5upb25gt', '5xki1ulf', 'l0b99hye']
304	['lnxsblg3', 'mg9kypvn', 'wgfdd3lm', 'xlscrlc9', 'wh3k3u28']
305	['3vrg7zyc', 'i3jsvtwp', 'ijoyk390', 'jveh2w09', '6hkqe14l']
306	['qpzg8lam', 'rjjc30lc', 'lzwgyzdp', 'm1d8znrs', '5s1uj2qi']
307	['jk5tczo0', 'msut5gyc', '9eu792zu', 'jn1w8h2p', 'dohy9i21']
308	['pa81t00f', '8dh4xvph', 'vwrhypnl', 'v4y49n7i', 'kzkt3u1h']
309	['9ige2pwd', 'yr27lnq8', 'eyhtf6mv', '2u5zxc2i', '8f83k2ce']
310	['72s5lbz1', 'nfx86mkj', '104lecie', 'p3yxqgpp', '8fnis63j']
311	['405wbjmq', 'xxy10tcl', 'g7e1mcve', 'p37dnoj8', 'dqlwamhq']
312	['8hkxbxz9', 'r4j1rcm5', 'vuxxerob', '34eot3zh', '6qai5sev']
313	['7pqy0ejn', 'me08w1ir', 'f3mvdpq1', '05vmhjjp', 'sgo76prc']
314	['si5mxgrk', 'b8c309hj', 'ez1l3m4o', '6ys3uogb', '39u1luqn']
315	['7zshbsww', '2tax8ajw', 'tzp03hmr', 'c2a07zg0', 'q7pieq3w']
316	['3rxis57m', 'z3ock8ar', 'noale9n1', 'xneu8glk', '6l7h3zxv']
317	['eztw9tx6', 'rlpzejjt', '1mx3jrup', 'iatmjkzk', 'ksjkypzx']
318	['65efipbi', '55gugbs8', 'dz6nv7h1', '7xb7hj9u', '0e97tdez']
319	['lldu8qv9', 'vt4ougwq', '6wsa54w2', 'ragjcn97', 'idhbd102']
320	['6gj02k04', 'pmd78j61', 'spohl5ey', 'd9egxof5', 'tf5a48i2']
321	['bdb9g77g', 'f6li7qil', 'vxf2jexb', '98ejxivc', 'mo3y3mau']
322	['fqk8rmiy', 'pbhvq1nh', 'svi7syld', '7s79900j', 'yvbmbnjw']
323	['ftq6ed38', '3jn7tdaj', '4vkkaqhz', 'eflyypev', '6crputzl']
324	['eomtjrgc', '5kz2s7ag', 'vqlnd5rx', 'ppuki7qn', 'j7ltjn4k']
325	['0y2kq6zg', 'umttnp1g', 'hi38itc9', 'k36rymkv', '5y6gjl2t']
326	['dsfbmhbj', 'pz3e9y4i', 'ha5ld7be', 'o8aosx2q', 'l73htuz1']
327	['hunepli1', 'hgcsfxwo', 'lypptk1l', '7d6snq1v', 'nmdlet38']
328	['nsflghc5', 'ylqpkosd', 'vgmzb03s', '6gcahsgs', 'r4dgrxel']
329	['aceu86at', '0si51n85', 'ihq8gdwj', 'awzozt7u', 'g1zce6p9']
330	['3iz0ozpx', '3p2cuxk0', 'dugllpsm', '296lr317', 'uk6whrhz']
331	['gkf3wez8', '10dkpj5h', 'w094r17f', '3xvphg52', 'mru0mcup']
332	['oud5ioks', 'uohbxoeb', 'te0v91nr', 'hn6clwoj', 'oyr4klqk']
333	['hqod7v2l', '4jjhc5zo', '1ktrjzha', 'y98m15aq', '93b2ivio']
334	['jgcv1wf3', '64qt0w2a', 'oi8epg9m', 'hunepli1', 'u99omznb']
335	['iuy5a0bk', 'fz8ohqcb', 'ant6397h', '8rp0v8yo', 'i6zofi4g']
336	['w1bx4a7v', '9mn6trtn', '5hei9fac', 'g17lp8ch', 'mcmqx7og']
337	['0r580il2', 'ml27mexb', 'r76tqrwz', 'mo23hpe1', 'onlly1ga']
338	['ocguwlam', 'u1s6ciy4', '9n7a9g78', 'plwoof39', '5gldyo2d']
339	['yrowv62k', 'w1bx4a7v', 'ximw03ej', 'u8mu4yga', 'eay6qfhz']
340	['doi8buyw', 't019zx7q', 'q04yqjfe', 'efox6z5q', '68o7g6k7']
341	['m26sn2qg', 'jgq968f6', '9169o29b', 'pscw933i', '0g4xxy3j']
342	['djev6er7', 'stn5gl2b', 'f60z8jo2', 'awfgfmx1', '45qyz490']
343	['1uabldiq', 'amw2c96l', '1pemhh4n', 'rcb943w2', 'v7szuzfa']
344	['w3jyovd2', 'dssikr5i', '1r2uvoqf', 't3wjpagu', 'vkbsxz7r']
345	['c3a85ld0', '18b6ikq3', 'uaccs7k9', 'vf7xj5qt', 'hunepli1']
346	['6sgeraws', 'erdcvj30', 'vj2z52vg', 'vxavox24', 'xuiswu2l']
347	['lcl9jn35', '8ljnxihr', 'arcz8ku9', 'psghawl0', 'hgg33kwz']
348	['drb8ipix', 'z9vjo98p', 'cmc4ocay', '0iqdqcp6', 'bw6a5gmy']
349	['imheos0p', 'r2cx0nmw', '24u6q3ae', 'cfkh0ypy', 'znswomwk']
350	['kk47kxwf', 'emg87q94', 'vj2z52vg', 'xuiswu2l', 'gy0kfhy6']
351	['h1mo3bs8', 'boew323c', 'zouscolw', 'tlr243il', 'btao9cun']
352	['aakzdkcj', 'zqzs6vtf', '407va85q', 'onlly1ga', 'nz976qc6']
353	['sm0112e3', 't1vom8f3', 'wmpjfc02', 'u31ixcwa', 'ii3di3dz']
354	['ximw03ej', 'u8mu4yga', '844229sb', 'z86g8dzs', 'xtmn1n0r']
355	['uzc6r1jr', 'lnnsxwk2', 'tl16qf33', 'zdlbsuys', 'eecwjrdc']
356	['u20e82de', 'eipscagh', '4bw26042', 'v72mveyu', 'tuqp3ngs']
357	['asdcpvhx', 'g4k0ksr8', 'bu59aji5', 'ynaxwnlp', 'fbsrggog']
358	['ikacd7ls', 'hgvqjtfa', 'b6lbuvlh', 'g4i4hkhz', '8qdcls1k']
359	['cfbj6ize', 'lj74054o', 'xj1nw76b', 'a5oz6joh', '8rn7q32f']
360	['y04dub8o', 'lq1qndxg', 'kutc6ts0', 'b5eve7re', '35nshnn2']
361	['gi3vfi68', 'fbsrggog', 'bk3ss63e', 'rlr17nah', 'cymppa7g']
362	['pq6c0zia', 'y3c478hf', 'nhy1ofwa', 'qxy2p79x', 'hn8pmcto']
363	['g0cgjlok', 'zr4pw0e7', 'zsygn29p', '1smu8yc3', 'eza5qh47']
364	['8xrccucr', '8f83k2ce', '5nsayxwc', 'jpenhh92', 'ii3di3dz']
365	['rnfh9v1h', 'ck338ifc', 'jo38hjqa', 't7a9edv3', '82hqy612']
366	['nom4z0tv', 'sxi0tpsf', '1s8jzzwg', 'eay6qfhz', '4mx9t5td']
367	['iy8pp5ey', 'y6jrt5xh', 'l4ahii9e', 'ca04j8sc', 't9hbbqay']
368	['x44oc1k6', 'w49i0xkz', 'geo7ac5i', 'roi3lta6', 'tlr243il']
369	['uohbxoeb', 'oud5ioks', 'yt2fp8zl', 'zdfx3zo3', 'oyr4klqk']
370	['twlupt3x', 'br0hhzmn', '5ngmdwgb', '77bq8tdy', 'tyrgtwo7']
371	['o877uul1', 'o47v5vgw', 'x1uc10m5', 'm1tv7mgm', '9f5i6crg']
372	['awzozt7u', 'zwil22bs', 's842zn9l', '6qwj922f', 'ajwhnmli']
373	['z86g8dzs', '5u63aqo5', '2bupc5jh', 'w1bx4a7v', 'eay6qfhz']
374	['gruir7aw', 'hakz1lr3', '5331c0c8', 'hb2lieh3', 'dlpgq0rm']
375	['8rgpr2lo', '0vwspd6l', 'smezcos0', '4nuvdxjc', 'yiz1flc5']
376	['7wz030vg', '76aij6sx', '1mx3jrup', '4qp083h4', 'fjuehj70']
377	['v10454ns', 'zbkx78mm', 'dx2cx9lx', 'td3drkgw', 'ipsjsf0y']
378	['fbcu88lv', 'k8vjv3zy', 'auy3c2e0', '6x33a6g6', 'vjtwipu9']
379	['y4m987yn', 'xlscrlc9', 'lrqt2gcw', 's9lkvzpo', 'pta8enbu']
380	['deas7kr0', 'dh3zqjbz', 'cvxni7cd', 'pvshw2pn', 'xl1e9gzc']
381	['r5fdn7uz', 's6sp3rme', '8r6hln9b', '4ylmj9ub', '21lbbcxy']
382	['ajlpb9li', 'q5veu992', 'niw61l9r', '0ml57rhr', 'qe8mxow7']
383	['hcooar1n', '74070a3z', 'ne816kr4', 'eknllnci', 'b31ctbat']
384	['atwx0a2s', 'wzqdo1st', 'db8fl9d2', '3ttyxjgi', 'qdw86v8i']
385	['06fhiu9q', 'ldqy66uh', '8d0p6qpc', 'slzh6uay', 'c2pxokv4']
386	['kxx3szjq', 'vw8a1994', 'glyoiu93', '8pislcjr', 'icz0wnfb']
387	['q41elfwt', '6vmfa6qx', '4bta1y3u', 'w5rk8luy', '4ercv3oy']
388	['vndj6f7w', 'b9nqcbf7', 'oijl3pjt', 'mkl7rvr6', 'fq9wx29o']
389	['toy8i1lm', 'sjsaw6yv', '53t1mhnb', 'gufhaylj', 'o86wki37']
390	['eoumpu50', '1ef8ac5c', 'wjktna81', '1nk1t5qs', '6a728le9']
391	['l72grjbg', 'zelsywyu', 'jlnt1pdd', '3rxsplrl', '4mjrpjit']
392	['o29hjkca', '93b2ivio', '35meen0h', 'lgptgv72', 'vjpf1fk6']
393	['ql9cfh1j', 'cn0hqvsz', 'ug2ka6ia', 'eu1dgkw2', '6zmoicru']
394	['9iz8papc', '28fu4ptm', 'ktv6fk7q', '8cd5z4di', 'e9m31jyc']
395	['5xki1ulf', 'v9fz02es', 'q4gattkk', 'clrlg58a', 'jfdwo189']
396	['sts48u9i', 'qkg8fwbp', 'u5nxm9tu', '010vptx3', 'bn22k0p3']
397	['7ruoysxu', '844229sb', '1vcc1khg', '8ko7mmu3', 'gb1sk22m']
398	['e4xw6gyp', 'xigbp7vh', 'vf7xj5qt', 'rfv0omd6', 'jnwuu08w']
399	['f5s0ntps', 'm1bvurwi', 'w9zyshzb', 'ukrm4ow3', '1wkpkh84']
400	['9wn91fj2', 'vvuaegse', '82afil03', 'ti8hnjgc', 'hpj8gb4o']
401	['5f95gve3', 'qci7khki', '1fgnfh62', 'myeiu66g', 'nlv939ft']
402	['tv014ubp', 'a3fvifax', 'c4m63cr3', '6bwd99d9', 'l5nncxqo']
403	['hsimf7wt', 'b6lq0aue', 'tq8jpmin', 'g266ttng', 'zs6sjlyn']
404	['bgsbbszf', 'l9lj98b1', '6lz0kjen', 'jyxrk9bz', 'dqbvnr0y']
405	['vqswp96l', 'prn7t499', '7lli72ph', 'rmyy6fni', 'ec3pmvih']
406	['pdfl15fz', 'yrowv62k', 'ximw03ej', '0cnjtxyq', '0clp6zt6']
407	['844229sb', 'zue5hnal', 'mkgszhkk', 'xtmn1n0r', 'i1yf8fgk']
408	['jo38hjqa', '9anlwi27', 'ahpkmffy', 'jkm496ip', '19i9lknr']
409	['uxz185vr', 'styavbvi', '82y56t7d', 'bqn29m9k', 'ny7wkswf']
410	['wgfdd3lm', '9k4pwc2h', 'dudc5eh8', '6c47sm6i', '7wu8bfo4']
411	['5t4twnpm', 'iff8cuum', 'eu2vjpw9', 'li8kvzdh', '6hl6rtsh']
412	['cu8ruz59', 'pq75mafr', '32v44sw9', 's0w95qdn', 'a94at9dk']
413	['mkgszhkk', '8ko7mmu3', 'w1bx4a7v', '844229sb', 'z86g8dzs']
414	['tij7lakb', '1nqbqmum', '8p0xdqba', '089b1z4b', 'eszhtrze']
415	['1ujphwmi', 'uef0bbh7', 'sb5ce0g3', 'koybwabx', '1otgdo19']
416	['t0iw2vod', '0emibwp3', '3rxsplrl', '8ko7mmu3', 'z86g8dzs']
417	['91nj68tn', 'iobpcfs5', 'jtwb17u8', 'vrl9gtcp', 'tvzn0112']
418	['iucrorzh', 'q7pieq3w', 't2gxkxxd', 'ra28885e', 'a4babgpl']
419	['geo7ac5i', 'tlr243il', 'x44oc1k6', 'oeudi6lr', 'ra28885e']
420	['i9leac6w', 'pa000mr8', 'g63ed05i', 'ynaxwnlp', '747lx5c2']
421	['cr2cute3', '78d7vub4', '7wu8bfo4', 'b6lq0aue', 'z9vjo98p']
422	['iu1d9i57', 'ximw03ej', 'tra5ewc5', '7zngkwoh', 'w3ls1d7w']
423	['lfk6e8hy', '11xjl53c', 'djev6er7', 'v4pkwd44', '3z9ubx09']
424	['tbio295u', '7n6pva1l', 'llqpfhwg', 'w74mx03c', 'rytalfyx']
425	['myqli11j', '3e2soc6w', '7z7zxcm2', '0xhho1sh', '2m6ks6nd']
426	['9a27s0zn', 'oeudi6lr', 'sf073cmj', 'vwgvlqml', 'ay69e8ad']
427	['lcqxrcji', 'hltkddac', 'kp4j9snc', '2mtuw7gb', 'qjfe2t9v']
428	['yjm6asp5', 'pfvf8ujb', '8drlvdkp', 'ah8mzt1g', 'mmr04tsm']
429	['9phgag8q', 'jblmnx8j', '1a2jptg3', '0eftiyuw', '660gckc7']
430	['ciwozpc0', 'elycje9y', 'ikz8ui8y', 'dng3ef3x', 'pxo5uh4w']
431	['aakzdkcj', 'onlly1ga', '9wnkmn27', 'zqzs6vtf', 'ml27mexb']
432	['bgn6zrer', 'u8ptvem7', 'gr14udp8', 'nbn44sxq', '1pg77f6t']
433	['bn4rpjv0', 'atloc9th', 's1kxxx1v', '1tqwmy8m', 'ln6t374j']
434	['29z4q4fs', '6mzqk12f', 'qa4njmyt', 'whkfvd7l', 'm4vu77v6']
435	['9qklnvyl', 'fd4aag2t', 'lxnc91rq', 'gxvaric3', 'xiaj8ofb']
436	['w0ebmg16', 'w1bx4a7v', '0clp6zt6', 'z86g8dzs', 'sxi0tpsf']
437	['844229sb', 'a0q61mpi', 'mkgszhkk', 'ximw03ej', 'rpwmcqbg']
438	['g5sw7t8x', 'wqqt6jvk', 'ty41xob0', 'uyo1rpx6', 'opi0t83z']
439	['fk16k9ts', 'g914ir8h', 'w62rqn2p', 'xkmy79p9', '9nostuqg']
440	['zjujs11q', 'hn6clwoj', 'oyr4klqk', 'a40yhtqk', '6oicmeam']
441	['8drlvdkp', 'o9mq3auf', 'u6bgywat', 'amxqlx2t', 'wnm89gfo']
442	['jgq968f6', '08bw0h8m', 'm26sn2qg', '9169o29b', 'e0pbs354']
443	['1j4w2hyp', 'apfimvix', 'c187k4yc', '4vkkaqhz', 'gi21di4d']
444	['li8kvzdh', 'eu2vjpw9', 'dccymlie', '3kng7qea', '6pn9jwfn']
445	['1mx3jrup', '7wz030vg', 'nns4mkkv', '296ilxyg', 'rytw6rfd']
446	['35nshnn2', '5g02ykhi', 'sjsaw6yv', '5zaw2iot', 'qh7biax3']
447	['urv9o2f1', 'wehqqbjx', 'yx3j6373', 'oi8epg9m', 'mgtxchud']
448	['qbj8n8h6', '6a728le9', '6j45mmjh', 'ilnudz0g', 'ge8o93rh']
449	['8xrccucr', '8f83k2ce', '5nsayxwc', 'y12veqre', 'lrgmyfjs']
450	['dz6nv7h1', '1oiqa5zg', '2ui7z8wi', '0zphhxxh', '57qk34fx']
451	['2uy0jjdh', 'vgffg4c1', 'hkk23tqt', 'evf9nz05', 'uvhzw6c9']
452	['lkb09vs8', 'a0q61mpi', 'a2voobqa', 'f4jx3b2q', 'lr20prun']
453	['121p2shq', 'c5be70t6', '6hl6rtsh', 'pjh2lr22', '59u9ezr2']
454	['2qcuygax', '0u4nmrq4', '9sh9mk6p', 'awh8y9j8', 'hnx43l5c']
455	['5i0m18nt', 'l07q84ni', 'wkl3jyzn', '9th9mm7e', 'ler0t9o0']
456	['uoa7ug6f', 'b0wy5zz4', '9kq9o5wp', 'ub7ilx98', '81rxs247']
457	['x4zuv4jo', 'so9uy899', 'bv7hvc1e', '0oq0xmzr', '5aev7ltr']
458	['gckr8h1m', '8t4rnfyu', '3qgwoblb', 'lq580iwg', 'htn03ms0']
459	['d4upbc3v', 'ckorpogz', 'vj5ahoi2', 'zcvumy78', 'm5a8toj9']
460	['b80todl7', 'fjzhe9tp', 'mlozjg9h', 'b2iit1ef', '4evznllv']
461	['5azti19e', '7ru6tapp', 'vww8d1ew', 'y6zisciu', 'j58f1lwa']
462	['t3b2adct', '9rczqcaz', '38paoyuc', 'lg6qorv0', '5azti19e']
463	['sxi0tpsf', 'svi7syld', '7s79900j', 'fq9g84wc', 'nom4z0tv']
464	['95zrth5d', 'hqkrer9m', 't1vom8f3', 'a7eabvvo', 'zghh0zbd']
465	['tij7lakb', '8p0xdqba', 'zsygn29p', '089b1z4b', 'g0cgjlok']
466	['iu5ndsxn', 'ivy95jpw', 'roe6g61u', 'hcw0cisk', '0qy6hcgp']
467	['me08w1ir', 'td8uwcas', '53vvp3j5', 'tadojzoj', '6mzqk12f']
468	['ledopkwj', 'l346qqwp', 'tsv0rcr3', 'hapu56t4', 'f9vxfk68']
469	['s1qnjgev', 'j4hnitqx', '3bbiyucq', 'f15foaf2', 'hezheq49']
470	['l97yi8l9', 'd21lvneh', 'rh2jrojk', 'nxu1xoax', '407va85q']
471	['aawjla6h', 'od5nnxvg', '4p6fcy8f', 'pc2cnhjd', 'ykxr9q1j']
472	['9169o29b', '4p6fcy8f', 'e0pbs354', '11bh9v5i', 'olhgu24h']
473	['xl3519jo', '80t2ovkk', 'jfdshwfh', '4pgish5x', 'uzc6r1jr']
474	['3xw4qjoy', 'qkg8fwbp', '8bihly91', 'ax87r0bj', 'yjqt74q0']
475	['hh7lccet', 'qiyd67z3', 'pybdjsdj', 'hm1n8wz2', 'gkf3wez8']
476	['57z0g4mq', '2t1zzigc', '94lc85q5', 'wbso4fci', 'bkiobjex']
477	['6pn9jwfn', 'avmfz0z7', '8z7wo9kz', '4et61my3', 'hc4zu9t5']
478	['v4ubd1l6', 'si5mxgrk', 'f14zbj4o', 'ur3qbq7t', 'w1azm2mc']
479	['3wg6flz0', 'xld7ztx5', 'p7cbnrji', 'ajlpb9li', 'nli8ccyv']
480	['f2zgrgva', '104lecie', 'te0v91nr', '26kx1b0h', 'gtp5daep']
481	['n3yuvf8v', 'd7024aia', 'r66vfirw', '8aosx41e', 'iw3wv973']
482	['2fsjqsiz', 'oap7i5ea', '2ui7z8wi', 'y6ufb4l6', 'mu2vqjnv']
483	['lgflny84', 'ijoyk390', 'pm9cl9ps', '3vrg7zyc', 'f2jzz41d']
484	['ga5z3via', 'mldwnz43', 'v47publm', '7a7oi5dt', 'psaq958v']
485	['fff0swre', 'kd3as3b9', 'lgtpeqhw', 'nfem3htm', '4kfbs7j4']
486	['1wcfrvnd', 'ledopkwj', 'f9vxfk68', '34hbc1w9', 'tsv0rcr3']
487	['4a7fzrxg', '90dvjv32', 'akdg2ljo', '5q8k71et', '19i9lknr']
488	['05djnz4p', 'ngywgodg', 'bw6a5gmy', 'cfkh0ypy', 's3vaa0yc']
489	['nz976qc6', 'mo23hpe1', 'rh2jrojk', 'onlly1ga', 'fub50lvt']
490	['yjm6asp5', 'mmr04tsm', '2yrgy2y2', 'lxdcelk1', '0n07fow0']
491	['9195zweg', '52qpcg63', '7g7sgabs', 'mdsjbfmx', 'njivwikk']
492	['je585xia', 'vj2z52vg', 'be4afbyo', 'gqwwfpch', 'khymg0zr']
493	['yu2qzp18', 'ir874dkj', 'iucrorzh', 'lldu8qv9', '0rftk787']
494	['jy20xtwx', '6hl6rtsh', 'li8kvzdh', 'c5be70t6', 'vw3cuiof']
495	['hunepli1', '64qt0w2a', 'y6zisciu', 'yx0u0iyw', 'b9jcuwu5']
496	['kt47i60w', '5iudn4kq', '5nr3j1ew', '2tax8ajw', '74femexh']
497	['vxavox24', '6sgeraws', 'j23pvlj9', 'wtdzad90', 'b4hl6fnw']
498	['yaedocvp', 'b9vm3x3w', '9ok153yl', '5ojyly05', 'ct4licep']
499	['x88qugn9', 'm4hwwhux', 'ow1n47ui', 'opda8pjy', 'y3fagw3t']
500	['sb5ce0g3', 'thko9six', 'gd19rkm2', 'uef0bbh7', 'pp373xuc']
501	['z4cq9klm', 'o6i5ca7h', 'rytzyf1j', 'y5a9xtr5', '9fsk7ftz']
502	['7wz030vg', '76aij6sx', 'pbb9nrba', 'ml8arkpd', 'pj7no3fe']
503	['hqkrer9m', 'y12veqre', 'jisznsr3', 'ii3di3dz', 'jpenhh92']
504	['d4eae8g3', 'ogrlupbx', '8ihlm3fw', 'cvkdpnn3', '8bihly91']
505	['0gier0lu', 'aq2iz9tq', 'wbk363w1', '8jhwamfv', 'zuz2992q']
506	['u8mu4yga', 'zl4ixyg1', 'f96qs295', 'zue5hnal', 'ximw03ej']
507	['7g7sgabs', 'fdkt6moe', 'o78vcy90', 'sfm82h0g', '4xs9avr0']
508	['1wui9gwa', 'pxo5uh4w', 'pb25lrnw', 'stn5gl2b', 'g4hlvnmq']
509	['djev6er7', 'su028g3j', 'g8tckoxj', '85jx7i06', 'tloczjn5']
510	['uxz185vr', 'ny7wkswf', '34dmal99', 'tljydrnu', 'vtagfrds']
511	['bh8zshy9', 'xj65j05e', 'dgkutcie', 'hpbcwiwf', 'xigbp7vh']
512	['oud5ioks', 'uohbxoeb', 'mjb3ip7a', 'hn6clwoj', 'oyr4klqk']
513	['mzekhyu0', 'lwpvyy49', 'uaccs7k9', '18b6ikq3', '97msfh4l']
514	['so6irh9b', 'tp7wthiv', 'tk0iwpnb', 'lclxe7i9', '12yshnt5']
515	['a2voobqa', 'lr20prun', 'lkb09vs8', 'lfqi7jsa', 'm2z6k2va']
516	['e5y8pp5b', 'gtp5daep', 'f2zgrgva', 'faec051u', 'a4babgpl']
517	['8r8586br', 'zv8xt1dd', '65efipbi', 'm4fcw7lk', 'hnx213kp']
518	['fien6nra', 'aakzdkcj', 'd21lvneh', '1l4o9pko', '9wnkmn27']
519	['1hlqov6m', 'oqz6i77n', 'vuzbni5m', 'mi6bdisx', 'oynbwas9']
520	['rh2jrojk', 'iu5ndsxn', '9wnkmn27', 'nz976qc6', '407va85q']
521	['ucmzbezx', 'a3efmczu', 'pq3n18ae', 'y5b7g8v3', 'n0p8osku']
522	['lkb09vs8', 'vprj63y2', 'ftq6ed38', 'pg69ww3a', 'r5iu5nr1']
523	['toy8i1lm', 'wb601nx8', 'sjsaw6yv', 'ztwemu74', 'ngbnnpni']
524	['y8i60bm3', 'g6kag5ij', 'xk2inqjm', 'lafh3w44', 'cbp4o6ou']
525	['ifovibzi', '0o3wjvpx', 'zv351n3d', 'g15tvzn4', 'r4dgrxel']
526	['dlwwcryb', 'e9ba18fn', 'fteydbm8', 'f6j1yhvp', '7zshbsww']
527	['8je46886', '9pb2eqoa', 'xtraspw2', 'zl4ixyg1', 'ktjhr028']
528	['9mact9br', 'hnx213kp', 'l4o7nicc', '4mat0psy', 'faec051u']
529	['9169o29b', 'e0pbs354', '7pcnf2iv', 'm26sn2qg', '4p6fcy8f']
530	['j67qgjbj', '7momt81r', '582h1w0h', 'h7vqmlq9', '2vs7geu6']
531	['w1bx4a7v', 'mkgszhkk', 'z86g8dzs', '8ko7mmu3', '4mx9t5td']
532	['pfvf8ujb', '3z9ubx09', '7n4t8i2n', 'yjm6asp5', '9jsx2z6e']
533	['4wbkis5w', 'ocguwlam', 'u1s6ciy4', 'plwoof39', 'and9sood']
534	['sok0cyd3', 's2hp3sat', '4p6fcy8f', 'jgs4jszx', 'lpoxaetv']
535	['zjur5j95', 'j2oo4hoo', 'fe72aj3a', 'brt4zrhe', 'e62t4wrn']
536	['li8kvzdh', '8uxntauq', '8r8586br', '6hl6rtsh', 'kfsuiz5t']
537	['pvshw2pn', 'u7tqolyi', '34j9n40u', 'fbcu88lv', '64qt0w2a']
538	['ueb7mjnv', '9jqafpkp', 'tmonjdrp', 'b4hl6fnw', '45r6aieu']
539	['gorp9n1g', 'utgnwox8', 'kc6dls2z', 'dwcu6vyp', 'h29zzmla']
540	['5dbuxvc4', 'car394ou', 'q4m2uj6r', 'kmwfce00', 'z8ajje2l']
541	['nosh8awp', 'taz8f384', '1vd4j3qc', 'hws1e4tv', 'psaq958v']
542	['bvzi49hy', '7hporv6w', 'v5yny0dw', 'urv9o2f1', 'ruewzstg']
543	['0aqww7cz', 'idlmau69', 'pdd5wepz', '582ts5mf', 'bvzi49hy']
544	['1y79i676', 'q5veu992', 'ajlpb9li', 'qe8mxow7', 'j8d47de9']
545	['s4cfdgbv', '9wx4ltyd', '1gbq9j88', 't4custhp', 'ox60yrvu']
546	['v7szuzfa', 'kdxoyvsv', 'ydh4ve24', '1fdnbq1f', 'fquzwsiu']
547	['hsm75cww', 'trrg1mnw', '5xk20hs5', 'hfaiddki', '1v8xf5uy']
548	['gcsew8u3', 'amtk0s0v', '4yi9iup2', 'i1rzeir6', '1h01ziqb']
549	['zu5mg2im', 'iz74o9de', 'ktwazcrd', 'h82r1ttc', 'ucysxk5c']
550	['wun5rwsk', 'glpca9u0', '0m76qrz8', 'kt1az1pf', 'u7tqolyi']
551	['um4v5qr3', 'est5jx7g', 'n7oankiq', 'zp3efdn7', '8nil3u2k']
552	['5d7erbr4', 'rzahax88', 'tq8jpmin', '78d7vub4', 'q4q06pzc']
553	['deezca5z', 'qfrabyp7', 'vs730te0', '56uzzrh8', 'cgnofutd']
554	['h5xvrtfy', 'n6lwnct5', 'ghl2a25n', 'y42gcbj0', 'ydv0hc0m']
555	['vvx3zukm', '8dbjycgt', 'cn0hqvsz', '9e9fyarm', 'ql9cfh1j']
556	['6ys3uogb', 'uto9q6s2', 'mo7oq5t8', '7wu8bfo4', '1t1sykok']
557	['p7foay4k', 'hnj1jqr1', 'fcdwitxy', 'y12veqre', 'n5ogyxz7']
558	['8f83k2ce', 'sdij1d90', 'lrgmyfjs', 'jisznsr3', '3jnhboif']
559	['dkn85i8r', 'c3a85ld0', '5rpd8d0t', 'tos222y2', 'uaccs7k9']
560	['wzqdo1st', 't8xyrsif', '87v7i620', 'l63d9lyd', 'pxulu0hl']
561	['6hl55c60', 'ywi0a8s1', 'l07q84ni', 'bshcsfxr', 'wkl3jyzn']
562	['abmrgpbm', 'c5fn8t7f', '8xrccucr', 'y1uk8yfa', 'raw2mt47']
563	['ivy95jpw', '0qy6hcgp', 'hcw0cisk', 'nxu1xoax', 'jz6o9gnb']
564	['9eu792zu', 'e8fhlo37', 'cplyj4dm', 'dohy9i21', 'irgnrr0j']
565	['ny7wkswf', 'bggera4e', 'tdwkxwod', 'bd0fx842', 'bb4h255w']
566	['ptnpgh3j', '10lun7te', '42wh36ge', 'vrzl7h45', 'x4ix852w']
567	['k2jzadwq', 'fquzwsiu', 'v7szuzfa', '1fdnbq1f', 'li5cw8xx']
568	['1nk1t5qs', 'aceu86at', 'g9ao6ruo', 'vpih1wvs', 'o8aosx2q']
569	['5lzixulv', 's4xintwp', '0bh8i14e', 'o476dtgd', '8pdlynuo']
570	['em2uatlm', 'jmhexmet', 'cpbu3fv3', '07cica09', 'd6zrj60t']
571	['ufzjvdho', 'jo489zm2', '05djnz4p', 'cmc4ocay', '24u6q3ae']
572	['h1wycwxc', '84z7jgcl', 'r3w90vg8', 'n5bqf6rj', '19d29mnp']
573	['3p31ei4k', 'sskqco38', 'f2gsqyv9', 'p4hz992o', 'j1lhgciv']
574	['li8kvzdh', '59u9ezr2', '6hl6rtsh', 'pjh2lr22', 'iff8cuum']
575	['be4afbyo', 's2hp3sat', '4p6fcy8f', 'sok0cyd3', 'oywhabcd']
576	['z1y1zgo8', 'nuu9l5kx', '98ejxivc', 'jfvq2gfx', 'v5yny0dw']
577	['c5be70t6', 'lzgwxshi', '59u9ezr2', 'mgtxchud', 'rcdoewwv']
578	['yqx0xqz9', '7e0x1525', 'dbxufi3m', '6d3qvtne', 'v5beddu4']
579	['sygm6irl', 'dqhdws5k', 'trmwm9qq', '2l883zhe', 'd21lvneh']
580	['s6b2zp99', 'tzp03hmr', '4gr6i8rf', 'aky3bja0', '73oe5as9']
581	['q1yn89cq', '64qt0w2a', 'yu7h0es1', '7a8ym7uj', '7fapl71l']
582	['s0374olh', 'mg9kypvn', 'xlscrlc9', 'v29jmh6s', 'cbhlzemx']
583	['jjjgu3n0', 'k3vs6vhz', '6wsa54w2', 'jlrzu0wl', 'aq8ckfv7']
584	['h73m17lw', 'dlwwcryb', 'f6j1yhvp', 'e9ba18fn', 'ielatiaq']
585	['9fsk7ftz', '08h4198w', '1iago9rr', 'po32j519', 'htn03ms0']
586	['qub1i1bl', 'xzy98hm3', 'mzekhyu0', 'uaccs7k9', 'vpoqfm7d']
587	['u42d1p1j', 'cj267zcl', 'gg5c8v7d', 'ikon1ktb', 'upf0ecx7']
588	['jqueo6zg', 'bo6kbb6k', 'x7ybnese', 'hzh4wmtb', 'hp2ifk2d']
589	['hcw0cisk', '0qy6hcgp', 'd21lvneh', 'jz6o9gnb', 's0ca1r5s']
590	['ximw03ej', 'w1bx4a7v', 'zue5hnal', 'u8mu4yga', '5z0xwlxp']
591	['md0drb25', '723l0buc', 'dc8z4jzo', '8hvve871', 'lgtpeqhw']
592	['4ylmj9ub', 'trpy9bbq', '8r6hln9b', 'mo4luyx6', 'dlpgq0rm']
593	['t006jnl5', 'wt6bp8os', 'px3vhh6a', '9qklnvyl', 'kkskmuw3']
594	['25aj8rj5', '2jdlavwj', '5xk20hs5', '1v8xf5uy', 'vmmwtdia']
595	['6zjzy0ft', 'fa05sovj', '5iudn4kq', 'kt47i60w', '6crputzl']
596	['dljqpvyk', '25jq098w', 'su028g3j', 'b9b6ww9q', '9f0bjknz']
597	['opjfy3xr', 'wq92nfnd', 'nom4z0tv', '1s8jzzwg', 'vx1hjh26']
598	['tdwkxwod', 'bggera4e', '2h53dfg2', 'klh90lvp', 'oz047qmf']
599	['5f95gve3', 'p699a0g2', 'j3b964oz', 't5iz3vdz', 'jo0m0w68']
600	['11xjl53c', 'awfgfmx1', 'a4klrp3h', 'itx70h27', 'stn5gl2b']
601	['vf1vku8s', 'aawjla6h', 'pc2cnhjd', '95e1kuux', 'ykxr9q1j']
602	['c9sidpy9', '0bczgiyy', 'ipon95io', '5t4twnpm', 'tvln1bco']
603	['7qxs79qy', 'dljqpvyk', 'jg7ycmf9', 'ylvgmdwh', '8v7150vv']
604	['y7lrp0gc', 'kjf63oug', 'hvp47bm2', 't1vom8f3', 're8fstqw']
605	['kjf63oug', 'y7lrp0gc', 'hvp47bm2', 'e0pz0z4j', 'sdij1d90']
606	['lav0kp21', 'tcby6780', 'rfv0omd6', 'w0ebmg16', '3fiqpart']
607	['mkgszhkk', 'u8mu4yga', '0clp6zt6', 'zl4ixyg1', 'z86g8dzs']
608	['di4p48ax', '25jq098w', 'z8ajje2l', '7wu8bfo4', 'h98tts7e']
609	['hitaptnp', 'wg18wior', '3r418rss', 'z9jqbliw', 'cqv2cv9r']
610	['v6w9mlsa', 'sxq2063i', 'i5j4nmjz', 'v5vwypya', '69afkw7x']
611	['f6vau5s6', 'x84su3ki', 'lxdcelk1', 'cj7izin2', 'zrnxq5uq']
612	['llv66c9p', 'w7o2r4g1', 'wzyj4y30', '2ierk83o', 'k9erix1s']
613	['ftjrg3dk', 'ybxuykpz', 'ey34e59f', 'yyfsnthj', 'wxhbwcfr']
614	['7wu8bfo4', '2ui7z8wi', 'vcl64usu', 'mgtxchud', 'me4v1qyr']
615	['8t2tic9n', 'styavbvi', 'hg3xpej0', 'jrqlhjsm', '3qvh482o']
616	['kkbed30m', 'i6o608fm', 'q44yuued', 'i5j4nmjz', '8n4zf9oo']
617	['pg50i2ql', 'qkjieod9', 'jgq968f6', 'm26sn2qg', '1y1ik2u9']
618	['qci7khki', 'urv9o2f1', '34ulkvl4', '8cvjsisw', '5f95gve3']
619	['ximw03ej', 'u8mu4yga', 'zue5hnal', 'a2voobqa', 'tra5ewc5']
620	['lt7qsxxh', '9avmlz30', 'h1sura49', 'nxabdur3', 'du8wmh6n']
621	['5y6gjl2t', '7mcfehzc', 'mrsya6wz', 'ip9geldg', '1w3x0g42']
622	['gg2swy7i', 'vadaxbsr', '9oui0l6v', 'e1macqqm', 'goaokk04']
623	['puu8wib8', 'dssikr5i', '37hn7u3f', 'no45mgyd', '1r2uvoqf']
624	['4vtad2ve', 'h8ej5w6j', 'u89jd28e', 'tq8jpmin', 'daj5g788']
625	['vu8ao4pt', 'q92unteg', 'pwvcwlh8', '2146o727', 'j99cgsjt']
626	['gdcqu3nb', 'pi9ndj9p', '3qtxnbb2', '4co920gp', 'sf073cmj']
627	['17km3arw', 'g4i4hkhz', 'u66awao9', 'uhtwkkk3', 'uuojkhn3']
628	['m39qdgey', 'cfhu5246', '1blzi9r3', 'gihjcu73', '6mpxu6r0']
629	['leg5ntvu', 'p576v9du', 'o1xsjx2p', 'hunepli1', 'i0swl50w']
630	['0clp6zt6', 'l8zfuhzk', '9gn4jcu9', '52cub1om', 'g17lp8ch']
631	['yj3yisum', '59u9ezr2', 'rj9k9awy', '7iey13v7', 't7a9edv3']
632	['8f83k2ce', '5nsayxwc', 'jisznsr3', 'lrgmyfjs', 'y12veqre']
633	['gfb11r1i', 'o6i5ca7h', 'g266ttng', 'z8ajje2l', '1nmzo9at']
634	['s3o9v1fl', 'ksgdjdh1', 'fm8koqjd', '509h7pnh', 'fsid4a39']
635	['0emibwp3', '3fiqpart', 'vvmb92wo', '607lsqlg', 'l8zfuhzk']
636	['55lbj72e', 'sybr04qy', 'jfjxujwj', 'klqji8gj', '227l4bzl']
637	['hqkrer9m', 'gk3wr6s1', 'jisznsr3', 'a7eabvvo', '8f83k2ce']
638	['lnls2mhg', 'xeb14weg', 'r2cx0nmw', 'cjfn4dna', 'f6i46t3h']
639	['2f7wqamp', 'mnjy6bq2', 'wn98fql3', '2rx84imv', 'w0ebmg16']
640	['2q6qmex3', 'ezrarusj', 'h4fo8h90', 'k4lqkqnx', 'h4kc04w0']
641	['zueghgx5', '77m4rhrz', '9jqafpkp', 'ueb7mjnv', '7cf9oo41']
642	['octtj2vf', 'wcq3qqt4', 'f4jx3b2q', '9oejm9sc', '07cica09']
643	['eflyypev', 'wknaotjt', '2qsh2dlk', '43uhmi0g', 't4custhp']
644	['jk37ej4c', 'nwb7qf9l', 'aawjla6h', '89n52jny', 'v91sfqt6']
645	['t8jlihgm', 'b3ui95vx', '679ds029', 'wrsk5vh9', '059oj76m']
646	['qh7biax3', 'ztwemu74', 'vo4csaah', '4iuxm6z2', 'bzzln9kc']
647	['vx1hjh26', '9mdf927z', 'l0b99hye', 'gunn55f9', 'astxi4el']
648	['5m23wtpi', '0h2x79ye', 'f5p37j7g', '92qcakzi', '582ts5mf']
649	['2sp8nm0i', 'jcueu1xh', 'en0obmna', 'jw42gokv', 'rw3l8nk8']
650	['ivy95jpw', '14alhxc3', 'nxu1xoax', 'iu5ndsxn', 'jz6o9gnb']
651	['0rsbmh48', '5oy0q6ca', 'mc77aqbq', 'umttnp1g', 'jlnopr1j']
652	['td8uwcas', 'eywnnzxe', '05vmhjjp', 'b5eve7re', 'jwjualy2']
653	['uyzalds2', 'ljpeq5aw', 'e7uvbra5', 'kjl04qy5', 'y04dub8o']
654	['roe6g61u', 'iu5ndsxn', 'rh2jrojk', '407va85q', '9wnkmn27']
655	['tuqp3ngs', '4bw26042', 'egzlstrz', '1l10diya', 'wizlpkrk']
656	['en0obmna', 'xolflz8g', 'jcueu1xh', 'rw3l8nk8', 'knlc3bxh']
657	['pdiyqdb3', 'fo9uq389', 'ewf1z1ee', '86gqxajw', 'oywhabcd']
658	['ml27mexb', '407va85q', 'd21lvneh', 'rh2jrojk', 'fub50lvt']
659	['3nf5bxv3', '0c03fjk5', 'ccjzc1x0', 'z65wm00n', '1ke7wisc']
660	['x5m6u9pg', 'hkh1crxr', '5i0m18nt', 'c6svgwoj', 'fp81ceeu']
661	['f2ypnls4', 'nbqne4wp', 'xeb14weg', '6vkab51a', '29tcwijl']
662	['qeqd4soe', 'zqzs6vtf', '7esjlc7i', 'u0jddsup', 'te0v91nr']
663	['20xgqvxc', '6crputzl', 'apfimvix', 'kt47i60w', '5iudn4kq']
664	['f97doeoj', 'v056i6g7', 'xp2qkk52', 'acjs9bm9', '1zbsbcdd']
665	['gln6e0t4', 'evf9nz05', 'amtk0s0v', 'wku1sd9k', 'rr0v0ju1']
666	['8sb8brew', 'qhbuvt1l', 'lv5xjfk4', 'ntra3jhs', 't024w7h6']
667	['j4p46aiv', '8th933g4', 'sxl49cs3', 'tn8houmc', 'mx1d9qqg']
668	['in69fhw9', 'zrnxq5uq', '7d6snq1v', 'iucrorzh', '64qt0w2a']
669	['0r580il2', 'mo23hpe1', 'rh2jrojk', 'iu5ndsxn', 'tq2vdo88']
670	['lbrpbhpg', 'bfm45zas', 'u6rt6zd4', 'ou731vpe', '5chxk43x']
671	['mkgszhkk', '7ruoysxu', '844229sb', 'm2z6k2va', 'xtmn1n0r']
672	['f6li7qil', 'ihlkhh2d', '1j4w2hyp', '5q6cnfse', '2qwv6wzq']
673	['sywxrxmf', '9wnkmn27', '1l4o9pko', 'roe6g61u', 'ivy95jpw']
674	['8ko7mmu3', '1vcc1khg', 'nv1w6juh', 'u8mu4yga', 'gb1sk22m']
675	['k5jkntul', '0z7ey1nm', 'bre2ijbb', '5t16srpn', 'dblqryhy']
676	['lfo6otkc', 'nro623aa', '0retx7ty', '8r6hln9b', 'x1uc10m5']
677	['ko42qlzr', 'lbkjxws4', '0aik5i71', 'b0wy5zz4', 'z6cdyy0w']
678	['nom4z0tv', 'l8zfuhzk', 'g17lp8ch', 'xtmn1n0r', '1s8jzzwg']
679	['582ts5mf', 'bvzi49hy', '52jtd51o', 'h98tts7e', 'y1nrc138']
680	['16qdfits', 'i57f9ayv', 'okabnt0t', 'm0zvo2tq', '27jytj4k']
681	['xhkjbeam', '630w2rtn', '7xt894vr', 'suw0h7s3', '7tdgwxps']
682	['1gbq9j88', 'ml8arkpd', 'p4hz992o', 'wfqym8o3', 'ajnng3uv']
683	['ijoyk390', 'wjktna81', '1ef8ac5c', 'jveh2w09', 'f2jzz41d']
684	['mu2vqjnv', 'mo7oq5t8', 'pa81t00f', 'v4y49n7i', '8dh4xvph']
685	['qxxn1zf9', 'b9nqcbf7', '3jn7tdaj', 'v8m7cszi', 'e9xx6mhg']
686	['rnfh9v1h', '6mzqk12f', 'qh7biax3', 'vo4csaah', 'ztwemu74']
687	['vf7xj5qt', 'tcby6780', 'dgkutcie', '9f0bjknz', '20xgqvxc']
688	['w3kkizaq', 'eq5qqshb', '5azti19e', 'wtxhbzr9', 'zew4tzy7']
689	['eo89w6qp', 'ppuki7qn', '78t2h7st', 'li5cw8xx', '8lnjbxe5']
690	['j7vm8h9t', 'x996e0cn', '0iqdqcp6', '5g8u35f8', '3a5965df']
691	['ucmzbezx', 'zecuhkcd', 'u6tbu9jf', 'q8aee7g0', 'qtzhfnr6']
692	['r7kvv48s', '24u6q3ae', 'bw6a5gmy', 'ufzjvdho', '0iqdqcp6']
693	['mgtxchud', 'jo38hjqa', 'jkm496ip', 'jo0m0w68', 'pcekcvwr']
694	['k7smwz6w', 'b0dzhsrh', '3xzivp7d', '06fwhyac', 'aqbhxv1f']
695	['8f83k2ce', '8xrccucr', 'ii3di3dz', 'hqkrer9m', 'jpenhh92']
696	['zecuhkcd', 'ucmzbezx', 'yi2m5ukw', '9txgtl28', 'u6tbu9jf']
697	['h1ncnt2c', '8wqii0nd', '7aaiyppx', 'u07jsjmf', 'mup5hr7e']
698	['u99omznb', 'oi8epg9m', 'xee6npr3', 'vw9jd88a', 'pofysmv8']
699	['0aqww7cz', 'pdd5wepz', '72jwlfqr', 'v5yny0dw', 'byw8jsqv']
700	['icnbhg6e', 'ruegzkoo', 'evf9nz05', 'rr0v0ju1', 'k0v1axmd']
701	['vrhrc7v6', 'rwgqkow3', 'juofmvz2', 'qv1xfrg6', 'vygvs1x3']
702	['y12veqre', '36flecmg', '8f83k2ce', 'jisznsr3', '3jnhboif']
703	['iobpcfs5', '944pn0k9', 'jtwb17u8', '91nj68tn', '4haf8aaw']
704	['xk6rp4e7', '4unn3fmu', '1xvj7xq7', 'g3hujz5o', 'iu6epm2i']
705	['f3j0g82b', 'lsiy3quw', 'dica9bqx', 'wzz5ioek', 'sb3y2w6c']
706	['v7szuzfa', 'kt7km3jb', '2rqouaol', '3lfmmfp2', '1tmqe3xf']
707	['jk37ej4c', '2vs7geu6', 'zq9ehv7a', 'llcit7x2', 'b9evh1l2']
708	['121p2shq', '59u9ezr2', 'c5be70t6', 'ftxgcgkb', '3kng7qea']
709	['ivy95jpw', '14alhxc3', 'iu5ndsxn', '0qy6hcgp', 'hcw0cisk']
710	['wzqdo1st', 'l4y7v729', '3ttyxjgi', '2tre0wat', '763v4duh']
711	['n6lwnct5', 'h3tor88n', 's2hp3sat', '5cog8xyr', 'ztc4wvlw']
712	['208w0eyz', 'fhc1qf8d', 'rbau5dc2', 's2811lpo', 'nuzt4jcf']
713	['nln6pl3h', '24u6q3ae', 'fm9mdllg', 'n2wqalcu', 's3vaa0yc']
714	['tzp03hmr', 'u6a65x9h', '73oe5as9', 's6b2zp99', 'gjo29e21']
715	['gvn2v6rt', '1fx7x8af', 'n3swuykg', 'yb6lmv1a', '5rsxnrdr']
716	['oijl3pjt', 'y047cuxp', 'mkl7rvr6', '6ovv79ia', 'dm6pznm2']
717	['f6i46t3h', '24u6q3ae', 'ouno4jpl', 'edz3up3a', '64sdgroi']
718	['tmonjdrp', 'f1ckv4bk', 'vww8d1ew', '35xqlryc', 'eu2vjpw9']
719	['pvrp8u8n', '2m6ks6nd', '0xhho1sh', 'osct0lj6', 'xwghd9ut']
720	['dx53hxej', 'wzp7hpgc', 'm6poosn3', 'eu1gbga9', 'kp4j9snc']
721	['cv5th7hd', 'lgptgv72', 'o29hjkca', '3xup6glg', 'vjpf1fk6']
722	['ksqxfx8m', 'n5qfwl57', '4kfbs7j4', 'nnp6sv19', 'fff0swre']
723	['ow39tpxn', 'i4op2jkl', 'piev4id4', '47d0wl98', '8vnsrvws']
724	['jgs4jszx', 'dztaijzu', 'jvog9dpj', 'pscw933i', 'lpoxaetv']
725	['7wu8bfo4', 'h98tts7e', '582ts5mf', 'z8ajje2l', 'di4p48ax']
726	['y14lw5b2', 'bkm8k9ud', 'fagcyea9', 'a4kjk836', 'vwmjf326']
727	['8hvve871', 'md0drb25', 'kgt61kcu', 'lgtpeqhw', 'l4zku2e9']
728	['kt47i60w', '5iudn4kq', '74femexh', '5nr3j1ew', '1j4w2hyp']
729	['8xf8u6bg', '9enbrd6h', '20nozop1', 'n2wqalcu', '55yxh5er']
730	['aakzdkcj', '1l4o9pko', 'nz976qc6', 'ml27mexb', '9wnkmn27']
731	['4vkgn3yt', 'pdfl15fz', 'u10j114l', 'h3tor88n', '4zswxeth']
732	['4socpj73', 'xeb14weg', 'a68y6qsf', 'bshcsfxr', 'fety7g0q']
733	['ocxl6cf4', 'dsfbmhbj', 'rhnr430g', '9ok153yl', 'bh8zshy9']
734	['fjzhe9tp', '1rxw5xro', 'mlozjg9h', 'nok0yfzv', 'xk6rp4e7']
735	['35nshnn2', 'sjsaw6yv', 'gufhaylj', '5zaw2iot', 'zctjkag0']
736	['lclxe7i9', '12yshnt5', 'tk0iwpnb', 'nrhk8ctf', 'tp7wthiv']
737	['egn81atf', 'awfgfmx1', '35vfjer8', '1smu8yc3', '3qefts96']
738	['ashxoaav', 'vu8hfm1g', 'wijqiktk', 'oa5yvpn7', 'orqulgfr']
739	['iid4bnvw', 'jeyo5qs9', 'lcl9jn35', 'a3fvifax', 'tv014ubp']
740	['drto66xt', '37gpov43', '7fyhx6c2', 'rwevmwcr', '68x50rni']
741	['ucmzbezx', '3ty5ozsm', 'a9lw6vrs', 'ex3s7ytv', 'j7iis8h2']
742	['qh7biax3', 'td8uwcas', 'sgo76prc', 'rnfh9v1h', '6mzqk12f']
743	['oxa060jf', 'tdxrx9se', '6fpw6y8t', '1w3x0g42', 'pn516wom']
744	['tfpa12kr', 'zmkvs7e7', '1wcfrvnd', 'jveh2w09', 'f9vxfk68']
745	['nxu1xoax', 'hcw0cisk', 'd21lvneh', 'ivy95jpw', '0qy6hcgp']
746	['du7ba2ky', 'tcaglk0u', 'cy0wy98u', 'xiaj8ofb', '9qklnvyl']
747	['8o2xddof', 'l97yi8l9', 'roe6g61u', 'd21lvneh', '407va85q']
748	['ai60maqz', '92ljfia5', 'l2i3aa3k', '2bupc5jh', 'wcq3qqt4']
749	['h6dsjkvz', 'ec3pmvih', 'vqswp96l', '8f2r1d14', '2i7zd1t2']
750	['52lf5gzr', 'djev6er7', '9ei6ubx6', 'g8tckoxj', 'yamabj5e']
751	['oaq5a5i3', 'aceu86at', 'iy1enazk', 'gysvo8e9', 'l00jvzth']
752	['7wu8bfo4', '25jq098w', 'irhizn0b', 'z8ajje2l', '7a543f7v']
753	['bvzi49hy', '582ts5mf', 'r7aqsyfl', '929rrh59', 'hhq50mrc']
754	['ngbnnpni', 'r66vfirw', 'yy77zuu4', '8aosx41e', 'bzzln9kc']
755	['jrqlhjsm', 'uxz185vr', 'hg3xpej0', 'ny7wkswf', 'n2rec4i8']
756	['1s8jzzwg', 'w1bx4a7v', '0mwz8kwo', 't0iw2vod', 'nom4z0tv']
757	['3s3tzfnn', '5nyc1cn5', 'ka2kyqmk', 'v7szuzfa', '43joavrl']
758	['li8kvzdh', '6hl6rtsh', 'pjh2lr22', 'iff8cuum', 'e5y8pp5b']
759	['4kfbs7j4', 'kd3as3b9', 'z2jtzsl6', 'zvmwubuk', 'wf72fra8']
760	['onjgfr4j', '8pdlynuo', '89fglwvk', '4zd58eqy', 'tbs3b4ww']
761	['5xk20hs5', 'est5jx7g', 'trrg1mnw', 'hsm75cww', '25aj8rj5']
762	['u2kjft6q', 'gha1wg4w', '0aik5i71', 'g0wujywh', 'b0wy5zz4']
763	['2uidarm3', '6273ddzc', 'fnok2eoj', 'n86w4vkx', 'a4sh1rz9']
764	['y12veqre', '36flecmg', '8f83k2ce', '2u5zxc2i', '3jnhboif']
765	['ujq9mxk7', 'qkg8fwbp', 'gruir7aw', 'vpih1wvs', 'unnrflmr']
766	['o7ww2prj', 'ohfi48d6', 'oh23px9c', 'ec6ov0jw', 'z3ock8ar']
767	['ximw03ej', 'tra5ewc5', 'a2voobqa', 'zue5hnal', 'u8mu4yga']
768	['dksw5yzp', 'qlejjw9s', 'xjizvgp9', 'dti9o5x3', '3swdnn29']
769	['ufzjvdho', 'jo489zm2', 'cmc4ocay', 'vbayngh0', '5g8u35f8']
770	['7wu8bfo4', '7g7sgabs', '52qpcg63', 'me4v1qyr', '87fruomm']
771	['m41w2007', 'wtqwghon', 'fbsrggog', 'lgflny84', 'leg5ntvu']
772	['g3hujz5o', 'duwr9b5b', 'xk6rp4e7', '1xvj7xq7', 'ioey6zgd']
773	['l5nncxqo', 'v7ckvxjp', '6bwd99d9', 'tv014ubp', 'e7ntocgf']
774	['7pqy0ejn', 'f3mvdpq1', 'ga1fks7l', 'e8az2cw3', '4mjrpjit']
775	['0oq0xmzr', 'yy8mbw1a', 'ynaxwnlp', 'vj6sw2ne', 'okbjepet']
776	['qi1henyy', 'wzqdo1st', 'f96qs295', 'gtwg0m54', 'w1bx4a7v']
777	['010vptx3', 'myqli11j', 'vx1hjh26', 'l0b99hye', 'n040i865']
778	['95e1kuux', '1r9975o8', 'dq3qunwe', 'jgs4jszx', 'ai60maqz']
779	['8zufbeuz', '5aev7ltr', 'bv7hvc1e', 'lty6oq3d', 'so9uy899']
780	['l72grjbg', 'q473xazz', '4zcjjoc7', 'ttpbs13r', 'psaq958v']
781	['6mfd3n4s', 'uxz185vr', 'x7qlnugx', 'ws75gpsc', 'ok9o9tta']
782	['18f7x2ci', '6msw06fb', 'bdvnwrd4', '0qtbhr54', 'd5sxycaw']
783	['9qo95a1c', '7hporv6w', 'rtp9j01c', '73oe5as9', 'lai0otkm']
784	['mkgszhkk', 'z86g8dzs', '844229sb', '8ko7mmu3', '30pl5tx3']
785	['n4kke717', 'zu07vbc4', 'r4dgrxel', 'b8ipstv2', 'k9n2a5ss']
786	['yw81byd0', '8xvqq5eh', 'ickzzm6y', '597wavq2', '97vl2cfl']
787	['s0w95qdn', 'iobpcfs5', 'jtwb17u8', 'tvzn0112', 'a94at9dk']
788	['78t2h7st', 'qu7ddcw9', '755ym7vl', 'm2nupp4k', '1wui9gwa']
789	['4mjg7jul', 'n3xm6c0y', 'x44oc1k6', 'tlr243il', 'oeudi6lr']
790	['9svrz0vj', '9anlwi27', 's6kdchlo', '15q47bw5', '90dvjv32']
791	['icnbhg6e', 'rr0v0ju1', 'moxjaxuy', 'evf9nz05', '6j9x3pn5']
792	['jgs4jszx', 'lpoxaetv', '3otvtwbb', '4p6fcy8f', 'opckeugf']
793	['fw211spn', '55vu6b3u', 'nles7ymd', 'yfoqy2id', '0b1dbz6q']
794	['jlqpwfwm', 'ccljxw2s', '43ocdbp5', '1b5hb0g9', 'lcl9jn35']
795	['dsfbmhbj', 'ocxl6cf4', 'gjsrfmj4', 'q9bwvh0t', 'l57v4wnr']
796	['ximw03ej', 'u8mu4yga', 'tra5ewc5', 'a2voobqa', '7zngkwoh']
797	['pofysmv8', 'u99omznb', 'vf7xj5qt', '855atuue', 'wt6azxc1']
798	['8je46886', 'xtraspw2', '2f7wqamp', 'hl956i02', '9pb2eqoa']
799	['hb3wcm04', 'k8xp61uu', 'jzm6nc41', 'm45teajz', 'd3530i86']
800	['8f83k2ce', 'hqkrer9m', 'jisznsr3', 'a7eabvvo', '8xrccucr']
801	['pfvf8ujb', 'pxo5uh4w', '2dixw8up', 'c4mz6w9r', '7n4t8i2n']
802	['cfhu5246', 'm39qdgey', 'hqjphv5g', 'ftq6ed38', 'bgr4h7kn']
803	['ub3kjqkv', '4mjrpjit', 'msovjuk4', 'hws1e4tv', 'jlnt1pdd']
804	['z86g8dzs', 'w1bx4a7v', 'fj6l76hq', 'g17lp8ch', 'pdfl15fz']
805	['5esyjt0l', 'd0s3vl2w', '8mmau2lz', 'w3gt0w41', 'y81g5iqi']
806	['2kh4iw8h', 'x7siihod', 'j41c15mw', '83re9176', 'gunn55f9']
807	['1fx7x8af', 'yb6lmv1a', '5rsxnrdr', 'gvn2v6rt', 'n3swuykg']
808	['v29jmh6s', 'entkqcn3', 'ksjkypzx', 'h2sryzwn', 'i9wjpbe7']
809	['j2t0ofgt', 'kn9lna4m', 'y1uk8yfa', '1h9ewx5j', 'hnwtz96p']
810	['evf9nz05', '4zcjjoc7', 'rr0v0ju1', 'z5jbjx59', 'iatmjkzk']
811	['k9xhphpl', '80dfqjql', 'tjplc5j6', 'gp3ib74q', '3ss714ha']
812	['z86g8dzs', 'yrowv62k', 'nom4z0tv', '8je46886', '4mx9t5td']
813	['2hbcbvt6', 'zu5mg2im', 'iz74o9de', '195h4ofw', 'h82r1ttc']
814	['1m093f8d', 'y2715f19', 'dngs5tbw', 'js91utss', '7c0844ui']
815	['ngbnnpni', 'r66vfirw', '8aosx41e', '8xgp6nhy', 'bzzln9kc']
816	['6entp07f', 'zjbyz1vy', 'jcp3u4mf', 'ybpev0vi', '43fwrlk5']
817	['q4m2uj6r', '5dbuxvc4', 'car394ou', 'p6uliadr', 'g1o4t8ps']
818	['nro623aa', '4ylmj9ub', 'z35xw2p0', 'adh6j7m1', '0retx7ty']
819	['5aev7ltr', '8zufbeuz', 'bv7hvc1e', 'j0bu0upi', '26kx1b0h']
820	['8xrccucr', 'isxasd9b', 'y1uk8yfa', 'c5fn8t7f', '0lk8eujq']
821	['e1macqqm', '9oui0l6v', 'kfn2q7wt', '66mhasjt', 'cwqsbwaj']
822	['sdij1d90', 'jisznsr3', 'y7lrp0gc', 'e0pz0z4j', 'pi1yzeqg']
823	['eef8mem7', 'vpz3o29f', '0ve5b28s', 'j4bfn87k', 'ajco76bb']
824	['wxor6kg3', 'vge26qe9', '1peg3502', '0iqdqcp6', '3a5965df']
825	['mt61b7o7', 's23d5pns', 'd7tk12u2', 'moplus2n', 'x64zft78']
826	['40ej9jg7', 'yn7e3do9', 'vg96f35h', '6a728le9', 'm41w2007']
827	['li8kvzdh', '6pn9jwfn', 'dccymlie', 'ftxgcgkb', 'eu2vjpw9']
828	['kjf63oug', 'hvp47bm2', 't1vom8f3', 'y12veqre', '36flecmg']
829	['y7lrp0gc', 'dgnddq80', 'su41e4vo', 'lgnhlxgd', '7axeex76']
830	['gtp01rna', '6j45mmjh', '6a728le9', 'i3jsvtwp', 'yn7e3do9']
831	['bh8zshy9', '1hlqov6m', 'hpbcwiwf', '6bnj8pcp', 'vf7xj5qt']
832	['v06kyana', '97vw83zu', 'ibnudp1x', '7q2jd0mf', 'ohqr1v13']
833	['jnmpyovl', 'hzbtd39j', 'j46bet38', 'texmsvyt', 'b8ipstv2']
834	['tp7wthiv', 'so6irh9b', '8drlvdkp', 'l57v4wnr', '9jsx2z6e']
835	['4grqkn3u', '2tu707ng', 'z3o3ib2f', 'gtp5daep', 'omk29wlq']
836	['z8ajje2l', 'njgbom98', 'l0b99hye', '7wu8bfo4', 'bn22k0p3']
837	['ttpbs13r', '7n4t8i2n', 'stn5gl2b', 'pb25lrnw', 'wquu9zf7']
838	['qeqd4soe', 'o1xkgkn1', 'd21lvneh', '80xhhcpm', 'r76tqrwz']
839	['kt47i60w', '5iudn4kq', '5nr3j1ew', 'gi21di4d', '1j4w2hyp']
840	['hxbi0ofg', 'l85fi3lf', '4gj9d181', 'rybjc58j', 'pc04eb8e']
841	['hunepli1', 'o1xsjx2p', 'p576v9du', 'leg5ntvu', 'ou731vpe']
842	['k36rymkv', '5y6gjl2t', 'cs2mgj70', '1w3x0g42', 'yj652emy']
843	['sywxrxmf', '1l4o9pko', 'oqhmvpjm', 'ivy95jpw', 'aakzdkcj']
844	['k2jzadwq', 'v7szuzfa', 'xee6npr3', 'ydh4ve24', 'hed6x22m']
845	['8sb8brew', 'qhbuvt1l', 'v3n2r4ia', 'ptn9ntoq', 'd06npvro']
846	['04vbjlab', 'a4kjk836', '0ho4f5wg', 'v4y49n7i', 'mu2vqjnv']
847	['1hi3dr1i', 'zghh0zbd', 'vwh0roww', 'q6svfacf', 'rmho6pur']
848	['vbx8khih', 'r4dgrxel', 'zu07vbc4', '6gcahsgs', 'vgmzb03s']
849	['hqkrer9m', 'lrgmyfjs', '3jnhboif', 'jisznsr3', 'y12veqre']
850	['y7lrp0gc', 'dgnddq80', 'su41e4vo', '7axeex76', 'sdij1d90']
851	['mcmqx7og', 'zl4ixyg1', 'w1bx4a7v', 'zue5hnal', 'tra5ewc5']
852	['tk0iwpnb', 'lclxe7i9', 'tp7wthiv', '12yshnt5', 'so6irh9b']
853	['m2id6kxw', 'cr2cute3', 'ydcu8f2k', '929rrh59', 'b6lq0aue']
854	['tp7wthiv', 'so6irh9b', 'tk0iwpnb', 'iy8pp5ey', 'ca04j8sc']
855	['wgpty5w3', 'qv89gci7', 'rlvfk8w8', 'wknaotjt', 'dssikr5i']
856	['1l4o9pko', 'aakzdkcj', 'd21lvneh', 'zqzs6vtf', 'tq2vdo88']
857	['pm3ck1gk', 'of996ayq', 'pg50i2ql', '0ogmwreb', 'wr4r7jd8']
858	['8lyipugh', 'h2h4bnd5', 'wuazkwsi', '8acldtv2', 'cv5jhuc8']
859	['ok9o9tta', 'x7qlnugx', 'q5veu992', 'ho6qjkyr', '10l6kx3e']
860	['nrhk8ctf', 'lclxe7i9', 'tk0iwpnb', 'tp7wthiv', '12yshnt5']
861	['bmmdygbs', '8iqs6jko', '2rx84imv', 'dxrltm25', 'w0ebmg16']
862	['sdtr6yla', 'k0eheo71', 'yc7cvbii', '0qyhjutm', '7mc4dq6p']
863	['9h74xlvv', 'vabb2f26', '3l6ipiwk', 'qh6rif48', 'vn3g9qww']
864	['lbxg93hl', 'fe14iohb', '60en5zy7', 'iepagac8', 'jfjxujwj']
865	['zuc538yd', 'ygn9oiir', 'eknllnci', 'vbayngh0', 'unnrflmr']
866	['jk0ju2eb', 'js91utss', 'jnmpyovl', '222c1jzv', 'v0frkv96']
867	['lav0kp21', '9nyfz7s2', 'ssdqobqb', 'vxf2jexb', 'fa05sovj']
868	['y1uk8yfa', '8xrccucr', 'c5fn8t7f', 's1hmhupe', 'q8l3ra55']
869	['iuziorsk', '0oxo2awm', 'wmpjfc02', 'z22g03v4', 'sm0112e3']
870	['qiyd67z3', 'hh7lccet', '0bczgiyy', 'pybdjsdj', 'xuqkhpn7']
871	['wdfzrzkt', '3a5965df', 'ngywgodg', 'foy3dsq4', 'vge26qe9']
872	['1zuhilmu', 'r58aohnu', 'ykxr9q1j', '56rn6d6o', 's2hp3sat']
873	['dt2pew66', '2tre0wat', '3h80bn0k', 'opjfy3xr', '0imnd2q5']
874	['1vj9p7vm', '36flecmg', '7lx4w75b', 'y12veqre', '3jnhboif']
875	['y1uk8yfa', 'c5fn8t7f', 'q8l3ra55', 's1hmhupe', 'isxasd9b']
876	['gin90aef', 'w1bx4a7v', 'xtmn1n0r', 'w2c01295', '0clp6zt6']
877	['wnm89gfo', '8drlvdkp', 'wz6446aw', '8czwuimt', 'mg9kypvn']
878	['b870ftnq', 'yx3j6373', 'o0m20894', 'e49rdu76', '2d2y5gmg']
879	['6mzqk12f', 'rnfh9v1h', 'td8uwcas', '35nshnn2', 'c4ihkcyr']
880	['2h53dfg2', '3q36knqh', 'vh3qs9xv', '25aj8rj5', 'kr22x6s3']
881	['ewg9d4ei', 'x7ffgtrd', 'z86g8dzs', '8iqs6jko', 'fj6l76hq']
882	['45y7jepy', '4ffyrw1k', 'uddwc4tu', '3wg6flz0', 'q4gattkk']
883	['y7lrp0gc', 'dgnddq80', 'lgnhlxgd', 'su41e4vo', '7axeex76']
884	['nom4z0tv', 'x9sfgtim', 'ropgq7tr', 'w1bx4a7v', '0mwz8kwo']
885	['v5vwypya', 'on6ss822', '69afkw7x', 'v6w9mlsa', 'tmgmqtjq']
886	['edsrpgjo', 'wmocjiwh', 'gjsrfmj4', 't1ughb9b', '2tan64hc']
887	['tdlcb9bf', '5o9bbspc', '8zm7n7j9', '195h4ofw', '12th7nja']
888	['ocxl6cf4', '7a7oi5dt', 'dsfbmhbj', 'in69fhw9', 't1ughb9b']
889	['35nshnn2', 'qh7biax3', 'kutc6ts0', 'sgo76prc', 'jbvsmuea']
890	['lsojoa7c', 'delciztu', 'nd859o5r', '6k0nhmg9', 'pxnyi2u1']
891	['po32j519', 'bk3ss63e', 'lvvw1npq', 'fgj2lvbg', 'cymppa7g']
892	['1kubts7j', '4vtad2ve', 'kt1az1pf', 'gckr8h1m', 'wun5rwsk']
893	['nvphu1fm', 'iez1j9jn', '8aosx41e', 'shfkl0bs', 'xzn11n74']
894	['uaccs7k9', 'mzekhyu0', 'vpoqfm7d', '18b6ikq3', 'ebgu29uh']
895	['j4pgpxoe', 't90pvtad', '8drlvdkp', 'tl39u0h9', 'i1icueuw']
896	['3jn7tdaj', 'ftq6ed38', 'bx7vz0r7', '5iudn4kq', '4vkkaqhz']
897	['bidvx8hy', '1vyfy7i0', '9k4pwc2h', '6c47sm6i', 'u5rbvc3i']
898	['dfl69g4f', '9rrlfnww', 'f35cqkpf', 'zdlbsuys', 'rimct0c4']
899	['f5s0ntps', 'm1bvurwi', 'y4eyse0y', 'mlo8zypy', '9n7bkayx']
900	['rhgl6vss', 'z9jqbliw', '73i7h1wi', 'hitaptnp', 'cqv2cv9r']
901	['9gw8z8zm', '8xgp6nhy', 'rytw6rfd', 'frr4vu0w', '4hmecfi0']
902	['1fdnbq1f', 'ocxl6cf4', 'v7szuzfa', 'fquzwsiu', 'uyo1rpx6']
903	['zmkvs7e7', '4vzdk69c', '963hkkiy', 'ydv0hc0m', '2q6qmex3']
904	['yr27lnq8', 'fcdwitxy', 'wmpjfc02', 'pzqmg22v', 'hqkrer9m']
905	['yjsxen4d', 'pibg1iw7', 'trlni6iq', '1h9ewx5j', '8bi9owk4']
906	['yr27lnq8', 'ktjfs3s7', 'm847xdzk', 'ujy4i5uu', 'o8gdpf0i']
907	['6xxm7hcs', 'b8ipstv2', 'jnmpyovl', 'vuxxerob', '46no7uq8']
908	['e42jjatt', '3jigt8mk', 'cv7tb3u1', 'mm4kgvt1', 'er6t9vj2']
909	['li8kvzdh', 'ipon95io', '59u9ezr2', 'a242g5kg', '8n4zf9oo']
910	['nerxtetr', 'qhrwngde', 'nz5r48y1', 'hg0lyy93', 'iu4p5k0w']
911	['v3n2r4ia', 'a7frertc', 'bn22k0p3', 'sem6z3ka', '3x46ynqh']
912	['uohbxoeb', 'a40yhtqk', 'zbi0llig', 'hn6clwoj', 'oyr4klqk']
913	['qnuphz59', 'jwei2g97', '9iz8papc', 'oxa060jf', 'ce1a9k8b']
914	['ii3di3dz', 'jpenhh92', 'a7eabvvo', '95zrth5d', 'y12veqre']
915	['2ytec133', '91nj68tn', 't7a9edv3', '010vptx3', 'iobpcfs5']
916	['4pgish5x', '0loj2fsm', '8gh3q7p3', '2un9aggj', '08p8ns2d']
917	['wslsqytj', 'v0y734lu', '24wfokhg', 'ruegzkoo', 'q77tr31d']
918	['34eot3zh', '2r0a357c', '0si51n85', 'vrl9gtcp', 'a3efmczu']
919	['lf6fprh0', 'mwaegtlx', 'fnedip6k', '7qz1o6aa', 'i6mdlf36']
920	['lae18d0l', '57qk34fx', '9p73l3rw', '7env0mf5', 'n1cg1cba']
921	['y349r3r6', 'xjc0l0tv', '2qcuygax', 'i0swl50w', 'hnx43l5c']
922	['znpc5jq2', 'lorpo8uk', 'jv3u1c0e', '2jyp3ift', 'h7hj64q5']
923	['mlo8zypy', '9n7bkayx', '4hdj6mtf', 'tbio295u', '7g7sgabs']
924	['tu1vevx9', '9rhydy8u', 'y0wu60n4', 'k21ltg5z', '33wpjnko']
925	['ga1fks7l', 'b5eve7re', '7pqy0ejn', '4mjrpjit', 'ub3kjqkv']
926	['w7o2r4g1', 'pvrp8u8n', 'lqz921r3', 'qci7khki', 'llv66c9p']
927	['rcb943w2', 'rng65ofx', 'amw2c96l', 'vo4csaah', '6akx6xpt']
928	['55yxh5er', 'vge26qe9', 'r7kvv48s', 'x996e0cn', '914oafkn']
929	['7ddw02f7', 'omk29wlq', 'pvrp8u8n', '4grqkn3u', 'yx3j6373']
930	['kyt14ufu', 'wslsqytj', 'v7szuzfa', 'v0y734lu', 'f60z8jo2']
931	['o0m20894', 'tnejo5wc', '0vy5yifk', '42t0zriz', 'wcmxmahq']
932	['0vhy44iq', '3h3ihfyq', 't0xn40r5', '07a30kd9', 'zuz2992q']
933	['64qt0w2a', '2r0a357c', 'n040i865', 'iuxrxwom', 'iucrorzh']
934	['0z7ey1nm', 'dblqryhy', 'bre2ijbb', 'ktm0akxd', '5t16srpn']
935	['pa81t00f', '94w1sbsb', 'qalficgu', '8dh4xvph', 'mu2vqjnv']
936	['ekgqdjlk', 'd0nacth6', 'rw5bci0y', 'vfcp8h1n', 'd8vo0ncl']
937	['wmpjfc02', 'e0pz0z4j', '0lk8eujq', 'a7eabvvo', 'pi1yzeqg']
938	['7tp8z7n8', 'pvshw2pn', '6hl6rtsh', 'bu59aji5', '5upb25gt']
939	['onlly1ga', 'nz976qc6', 'iu5ndsxn', 'rh2jrojk', 'aakzdkcj']
940	['6j45mmjh', 'gtp01rna', '6a728le9', '2cwvga0k', 'igm2qr4p']
941	['ybaxa1vg', 's1h3p5s9', 'faj85qxc', 'bmrxgkz7', 'cwm0bsov']
942	['4vuucmfd', 'n5c0hcwn', 'q77tr31d', 'yb9uyov3', 'ydh4ve24']
943	['gobik7kl', 'ro3o27pv', 'npe81wc8', 'pxwwpfos', '09vzcqyr']
944	['9wnkmn27', 'iu5ndsxn', 'onlly1ga', '407va85q', 'nz976qc6']
945	['0u4nmrq4', 'eauj21v4', 'rckwiqgb', '500ypv61', '19skljon']
946	['xigbp7vh', 'bh8zshy9', 'xj65j05e', 'lxdcelk1', '7hporv6w']
947	['a3efmczu', 't9e774ed', '2e02uktc', 'r76msx6y', 'ljpeq5aw']
948	['7qxs79qy', 'cvoef8qt', '9y9s7tn3', 'd0tg9i90', 'uwc67iw1']
949	['65efipbi', 'zv8xt1dd', 'eu2vjpw9', '8r8586br', 'm4fcw7lk']
950	['h4otzeah', 'qmo1zzkg', 'dx2cx9lx', 'r6943zpb', '75rhjcz5']
951	['j99cgsjt', 'xcsl2evz', 'a17tumo7', 'dnxhtbxn', 'yhap30qx']
952	['ruewzstg', '25jq098w', 'ukrm4ow3', 'n4qil86v', '9f0bjknz']
953	['3qvh482o', '00ia8k0b', 'jrqlhjsm', 'hg3xpej0', 'nksd3wuw']
954	['in69fhw9', 'g6i3x433', '3ncm8iwb', '8vx56qlk', 'gi21di4d']
955	['wzqdo1st', 'a2kill55', 'samf1kwn', 'ysf5k0ky', 'hzbtd39j']
956	['5aev7ltr', '8zufbeuz', 'j0bu0upi', 'bv7hvc1e', '26kx1b0h']
957	['7b7on38r', 't7a9edv3', 'ch7nna59', 'ec6ov0jw', '0si51n85']
958	['ko42qlzr', 'b0wy5zz4', 'u2kjft6q', 'ws3tfs1j', 'g0wujywh']
959	['hn6clwoj', 'uohbxoeb', 'oud5ioks', 'a40yhtqk', 'zbi0llig']
960	['h9nzxlaf', '9kfs73sr', 'bh8zshy9', 'yx0u0iyw', 'dgkutcie']
961	['91gytlg2', '6cx33se3', 'jnmpyovl', 'vuxxerob', '5xfgmi2n']
962	['9ok153yl', 'ct4licep', 'me08w1ir', 'c6svgwoj', 'c8krivoj']
963	['octtj2vf', 'wcq3qqt4', 'iu4p5k0w', '3jn7tdaj', 'lkb09vs8']
964	['gi3vfi68', 'z7o5vt6p', 'pvshw2pn', 'rlr17nah', 'po32j519']
965	['nnkul2r2', 'g0za5fqi', '8s7zy55f', 'l80ptciw', '9tvjfgtn']
966	['ueid1mma', 'wotf0lzx', '4sqjvr3y', 'x9veckdi', 'i88ccp9w']
967	['mncip6jj', 'h9i67wbp', 'jjsr5u2i', '7n6pva1l', '0zphhxxh']
968	['xavegbty', '0m76qrz8', '9anlwi27', 'k5t5rjhe', 'g5h4tazp']
969	['lehzj4d8', 'rlo0sub7', 'dugllpsm', 'nlv939ft', 'rp9opdmd']
970	['aky3bja0', 'm8xfza1d', '4gr6i8rf', '73oe5as9', '7wu8bfo4']
971	['08u566ia', 'ihgxtu8g', 'yce32jmg', 'agvrw27o', 'liip39ku']
972	['atn333j9', '2leg4980', 'sxq2063i', 'i5j4nmjz', 'ynaxwnlp']
973	['3l6ipiwk', 'qh6rif48', 'fiicxnty', 'wdw0a2kl', 'ierqfgo5']
974	['8rvhqd9b', 'zbr3kfv2', 'rxx0w56j', '550ik6bk', 'iuenuigz']
975	['pvsox183', 'bs5hcx6l', '1yvsae2q', 'f1utp08a', 'mo4luyx6']
976	['g1tjpc9z', 'v4y49n7i', '9exmyy5a', '4qp083h4', '7wz030vg']
977	['7qz1o6aa', 'rytalfyx', 'tbio295u', '9n7bkayx', 'i6mdlf36']
978	['8o2xddof', 'fub50lvt', 'xnrb0byz', 'mo23hpe1', '407va85q']
979	['kutc6ts0', '35nshnn2', '5zaw2iot', 'sgo76prc', 'qh7biax3']
980	['iimx8nt8', 'otp1atui', '36flecmg', 'y12veqre', '3jnhboif']
981	['y12veqre', '36flecmg', '3jnhboif', 'eyhtf6mv', 'p0jht22m']
982	['eq5qqshb', '6ovv79ia', 'd2s3170w', 'kayh0v56', '0crs45tt']
983	['ximw03ej', 'a2voobqa', 'tra5ewc5', 'm2z6k2va', 'pppb83nc']
984	['2ui7z8wi', '2aoyzj2b', '6zfpcm4j', 'wehqqbjx', '7oipjzq1']
985	['37gpov43', 'ohyvuybc', 'yvdaljz9', 'i5h0gm3u', 'uaccs7k9']
986	['m79zl7ka', 'y6reys3r', '518rjfnc', 'cutwvq3b', 'dbxufi3m']
987	['r7s2ezb4', 'ukca8cqw', '2r0a357c', 'fbtyz7tk', 'js91utss']
988	['8p81kc9z', 'usr8hzcw', 'raz9veem', '1jcvi6sp', 'w7gr98j9']
989	['9195zweg', '52qpcg63', '7g7sgabs', 'me4v1qyr', 'mdsjbfmx']
990	['jgq968f6', 'qkjieod9', 'z807g8i5', 'e0pbs354', '56rn6d6o']
991	['lwpvyy49', 'vz8eu3vc', '97msfh4l', 'mzekhyu0', 'uaccs7k9']
992	['jcq5omdq', 'h400e0kk', 'dij3wy6q', '3jyokb6c', 'r66qkekd']
993	['3p2cuxk0', 'o0m20894', 'fiiyythk', '8qml9rrb', '0illlel7']
994	['v49l6txn', '8hchfgx6', 'itxde5mw', '0clp6zt6', '0rzaa0fd']
995	['w01dub6y', 'bcttenl4', 'gufkvmdb', 'bgr4h7kn', 'ryfz5xsj']
996	['tk0iwpnb', 'lclxe7i9', 'tp7wthiv', '12yshnt5', 'so6irh9b']
997	['kgggepu0', 'pfh6nm9r', 'cabmmgg6', 'g0wujywh', '1vd4j3qc']
998	['jisznsr3', 't1vom8f3', 'q8l3ra55', '0lk8eujq', 'e0pz0z4j']
999	['g8tckoxj', 'tloczjn5', 'pcekcvwr', 'cwqsbwaj', '3p2cuxk0']
1000	['w1tdg8bb', 'x4zcpr02', 'fuvyeq3k', 'fk62t9ym', '3kjckx8o']
1001	['j8666ial', 'p40x3cxr', '28wn23nl', 'cwreauh8', 'azb1x6cs']
1002	['1j4w2hyp', '4vkkaqhz', 'apfimvix', 'kt47i60w', '20xgqvxc']
1003	['55yxh5er', '914oafkn', 'aqcllik0', 'yj25zkx6', 'j1lhgciv']
1004	['74o2xil2', 'ef4wyw2f', 'qeubhfbc', '8ufjh70o', 'nuzt4jcf']
1005	['s4cfdgbv', 'ty41xob0', 'ulwirxeu', 'hygxwl2f', '9wx4ltyd']
1006	['b4mjo92p', 'plzklj7c', '784gmskn', 'v5beddu4', 'qj1v04cf']
1007	['1z1tces3', '56uzzrh8', '3v8lijcn', 'eo1uz3g2', '33cmymur']
1008	['65efipbi', 'eu2vjpw9', 'soa71kwx', 'm4fcw7lk', 'hnx213kp']
1009	['pa81t00f', 'zq4ty9rw', 'mu2vqjnv', '3tlv2b5x', '94w1sbsb']
1010	['pofysmv8', '7hporv6w', 'u99omznb', 'a451243b', 'd0nj3fsa']
1011	['2w80hys9', 'h6imcb1b', '24ie3mhq', 'tyrgtwo7', 'adhj5e5s']
1012	['n3xm6c0y', '039k70vs', 'x44oc1k6', '4mjg7jul', '1nqbqmum']
1013	['9dlaaye8', 'w4dyadpa', '8796x4ne', 'yslf5er3', 'm8hkj1dm']
1014	['5nyc1cn5', '4frv2vb7', 'rwgqkow3', 'w3gt0w41', 'd0s3vl2w']
1015	['9pei109o', 'avmfz0z7', 'hc4zu9t5', 'yy77zuu4', 'ml8arkpd']
1016	['wzqdo1st', '0yysikc1', 'uuxo3jk9', '33wqmdnk', 'e63j8gci']
1017	['gw9hkw00', 'lxdcelk1', 'v5yny0dw', 'zrnxq5uq', 'ogchq8gz']
1018	['uxz185vr', 'ny7wkswf', 'i8jv5iqo', 'q5veu992', 'x7qlnugx']
1019	['z94005i4', 'acyexmyq', '4qgfjczw', '5zzlhyga', '3o5c0l24']
1020	['3jrb0sn8', '3yi44xfe', 'texmsvyt', '91gytlg2', 'r2hovw0y']
1021	['nxu1xoax', 'ivy95jpw', 'roe6g61u', '14alhxc3', 'sywxrxmf']
1022	['terj0odi', '7ru6tapp', '3jn7tdaj', 'ftq6ed38', 'sgokzw5i']
1023	['6pn9jwfn', 'li8kvzdh', 'soa71kwx', 'iff8cuum', '7xb7hj9u']
1024	['903pyh9v', 'asrkuts7', 'bcraqemn', '39nzvid1', 'tplp90or']
1025	['g99myvw1', '46r46ja3', 'npe81wc8', 'atnxkvy6', 'kq0cu73r']
1026	['2fyo2q4n', '3w5ouagx', 'xmiefdez', 'tc21pcjw', 'f07go7nh']
1027	['gtol0evh', 'wtxhbzr9', 'e9xx6mhg', 'b9nqcbf7', 'qxxn1zf9']
1028	['u8mu4yga', 'ximw03ej', 'fj6l76hq', 'tra5ewc5', 'gin90aef']
1029	['rfbihylo', 'c1k9ubbk', 'g9pwxfd2', 's0374olh', 'fk62t9ym']
1030	['5z0xwlxp', 'u8mu4yga', 'zue5hnal', '8je46886', 'i1yf8fgk']
1031	['9oui0l6v', 'e1macqqm', 'vadaxbsr', 'yidait6a', '8hz4go45']
1032	['fx2ikn2t', 'fjzhe9tp', '1bp33rmc', 'k0f4cwig', 'u1tv6n5s']
1033	['1m1hi735', 'hg0lyy93', 'nerxtetr', 'qhrwngde', 'fu61afkg']
1034	['uazqkay9', '5yscqct1', 'bxjmeqgp', 'zueprmdz', 'nwb7qf9l']
1035	['d8gx7xbj', 'iatmjkzk', '1mx3jrup', 'xdbtwiqw', 'xzn11n74']
1036	['vszlmtf4', 'btao9cun', 'xi17qo6z', 'tlr243il', 'q55l1chd']
1037	['qowp861l', '0loj2fsm', '8gh3q7p3', 'tna7e9dw', 'mg8uyeuh']
1038	['aakzdkcj', 'rh2jrojk', 'onlly1ga', 'ml27mexb', '9wnkmn27']
1039	['zpv5f8pr', '57qk34fx', 'zk831ou3', 'tc1exm56', 'vmmztj0a']
1040	['x4zcpr02', 'fk62t9ym', '3kjckx8o', '2xl0gp1o', 'mttosjh7']
1041	['li8kvzdh', 'iff8cuum', 'yj3yisum', 'mvm1t0y7', '8uxntauq']
1042	['p6k449j5', 'm2id6kxw', 'ydcu8f2k', '8l5i1z27', 'cj3cpn5j']
1043	['0vlh67jw', 'vjwu0fvp', 'hf79cbuq', 'wnlse824', 'oh23px9c']
1044	['styavbvi', 'jrqlhjsm', 'wfa5fb3r', 'hg3xpej0', '3qvh482o']
1045	['6buxpp8x', 's01g5wxg', 'y12veqre', 'pzqmg22v', 'fcdwitxy']
1046	['43c1vind', 'wq3rlpo3', 'k4ubol2x', 'sbjwaj3y', 'y6ufb4l6']
1047	['v5beddu4', 'l63d9lyd', 'b4mjo92p', 'plzklj7c', '9e6g15iw']
1048	['uxz185vr', 'ny7wkswf', 'jrqlhjsm', 'n2rec4i8', 'hg3xpej0']
1049	['9pb2eqoa', 'w0ebmg16', '8je46886', '8iqs6jko', 'h7ftu3ax']
1050	['b2iit1ef', 'gme1zk3n', 'zkb1zbvq', '0041cay9', '8ncc6d2n']
1051	['cjmmwl2q', 'ledopkwj', 'f9vxfk68', 'tsv0rcr3', 'ncayc5zj']
1052	['niw61l9r', 'qe8mxow7', 'yrq57wgs', 'oyplh9cn', '78qsuc5l']
1053	['zv8xt1dd', '8r8586br', 'j67qgjbj', 'm4fcw7lk', '1foh6k53']
1054	['9n7a9g78', '5gldyo2d', 'ehqk1d63', 'udr22zf7', 'e2rtzymt']
1055	['t0s5ufzv', '1hobsclz', 'mbwo1m1o', '4ztasd7r', 'f8ah4lzx']
1056	['cqv2cv9r', 'rhgl6vss', '73i7h1wi', 'z9jqbliw', 'hitaptnp']
1057	['qcssljgq', '7pbrnn2g', 'tuqp3ngs', '1l10diya', 'idg7c8wf']
1058	['r5v2gi3v', 'e4xw6gyp', 'lxdcelk1', '0i12e4tn', 'fa05sovj']
1059	['uuy94dwa', 'eje3i558', '38d6gb7o', 'e5flh0af', 'b31ctbat']
1060	['p5ceve0x', 'b0qj7tck', 'wgbyqfrx', 'xgfk6txz', '4cnk76lb']
1061	['7zngkwoh', 'y43prnko', 'gin90aef', 'cnmawglq', 'iu1d9i57']
1062	['u99omznb', 'su028g3j', 'tcby6780', 'pofysmv8', 'tzp03hmr']
1063	['keaxietu', 'clzxo1ly', 'aceu86at', 'dhy80rkn', '7omyaap8']
1064	['24u6q3ae', 'fm9mdllg', 'xnxn506o', 'imheos0p', 'foy3dsq4']
1065	['ffy19pp9', '2lanvyia', 'jdob76wp', 'cmp1bvhd', 'faj85qxc']
1066	['0bczgiyy', 'e3e48idb', 'fatm351r', 'qiyd67z3', '8sb8brew']
1067	['gk3wr6s1', '34ulkvl4', '72s5lbz1', 'qci7khki', 's3o9v1fl']
1068	['5nue46dm', '0xhho1sh', 'osct0lj6', '3x46ynqh', 'bn22k0p3']
1069	['wb601nx8', 'tz2d3lff', 'dptapovm', 'v0y734lu', 'wslsqytj']
1070	['a2voobqa', 'lr20prun', 'f4jx3b2q', 'lkb09vs8', 'fep6qm4d']
1071	['7n6pva1l', 'wt471v5k', 'jjsr5u2i', '08mfxvql', 'mncip6jj']
1072	['xi20pdvy', 'q4q06pzc', '80cbwj3o', 'dh3zqjbz', '1kubts7j']
1073	['dgkutcie', '47p4g80o', 'g4i4hkhz', 'y349r3r6', 'y8puocsa']
1074	['qalficgu', '0r3l3b88', 'bkiobjex', '6sk97gc4', 'h8tv2u77']
1075	['aclcbxkd', '089b1z4b', 'ofbnzo6n', 'gc9eg5j3', 'n2ih64pz']
1076	['ky5env7t', 'trrg1mnw', '1v8xf5uy', '2jdlavwj', '5xk20hs5']
1077	['25aj8rj5', '2jdlavwj', 'ky5env7t', 'zbr3kfv2', 'h0spcvjl']
1078	['awb1stsr', 'xwkdz2jm', '446p4tbc', 'abjt5vfd', '0yr25cxn']
1079	['3jn7tdaj', '6ovv79ia', 'eq5qqshb', '1m1hi735', '5azti19e']
1080	['ql9cfh1j', 'x7qlnugx', 'cn0hqvsz', 't2gbeb3c', 'mpe2qs0h']
1081	['z18owc90', 'vtagfrds', 'rob84q03', '22b3rl2s', 'i0rbrbpa']
1082	['w9zyshzb', 'ukrm4ow3', 'kmwfce00', 'car394ou', 'm1bvurwi']
1083	['33znyrn8', '6j45mmjh', 'igm2qr4p', 'l6lhmb4j', 'cr2cute3']
1084	['vg7dvptg', 'f2jzz41d', 'i3jsvtwp', 'ijoyk390', '3vrg7zyc']
1085	['7hkowm2y', '0bk9jmdu', 'r6r7k3zr', '0e5gqepz', '7d3akn8u']
1086	['me08w1ir', '53vvp3j5', '6mzqk12f', '54fmvcl5', 'tadojzoj']
1087	['7a7oi5dt', '9ok153yl', 'qp34apct', 'bzzln9kc', 't1ughb9b']
1088	['i9leac6w', '66g5lpm6', 'es8l29ub', 'ynaxwnlp', 'ce1a9k8b']
1089	['vbayngh0', 'l19nsvun', 'zuz2992q', '0loj2fsm', '74070a3z']
1090	['nbqukjzv', '7kxi7px1', 'op1d2o5x', 'a66sszp2', 'gunn55f9']
1091	['wqmscp6l', 'xof56j98', 't97pdl4u', '8dobncuw', 'cyfdvgvy']
1092	['0mwz8kwo', '0cnjtxyq', 'u8mu4yga', 'fj6l76hq', 'yrowv62k']
1093	['8f83k2ce', '5nsayxwc', 'hqkrer9m', 'jisznsr3', 'lrgmyfjs']
1094	['t2gbeb3c', 'ql9cfh1j', 't3xd28ly', '1lz5xobh', 'dhdg6n05']
1095	['2hbcbvt6', 'zu5mg2im', '8zm7n7j9', 'zoipx650', '195h4ofw']
1096	['mxg2q1vd', 'qlejjw9s', 'jlnc3u6q', '0zjpvzof', 'dksw5yzp']
1097	['u42d1p1j', '43wbbris', 'ksqxfx8m', 'zvmwubuk', 'otme0vmu']
1098	['f4jx3b2q', 'octtj2vf', 'a2voobqa', 'ey0r1py7', 'lr20prun']
1099	['aqke0012', 'kl2w6yiv', '1f6kq8co', 'mdsjbfmx', '0vy5yifk']
1100	['4gof1yl8', 'mo23hpe1', '8co5gwkz', 'o1xkgkn1', '186wyg7t']
1101	['1hlqov6m', 'r7aqsyfl', 'bh8zshy9', 'qa1tbu6t', '6ajmuuld']
1102	['w1bx4a7v', 'opjfy3xr', 'f96qs295', 'wq92nfnd', '1s8jzzwg']
1103	['km2uxj9p', 'x7ybnese', 'bccrvapy', '446p4tbc', 'sikgdopk']
1104	['qh7biax3', 'sgo76prc', '35nshnn2', '3w5ouagx', 'rnfh9v1h']
1105	['hqkrer9m', 's01g5wxg', '9ige2pwd', 'otp1atui', '8xrccucr']
1106	['844229sb', '3h80bn0k', '9b6cepf4', 'gb1sk22m', 'gtwg0m54']
1107	['f1utp08a', '1yvsae2q', 'h2vct9h5', 'x1uc10m5', 'hzv51czu']
1108	['me08w1ir', '53vvp3j5', '6mzqk12f', 'td8uwcas', 'tadojzoj']
1109	['5ckds66x', 'dp274ls4', 'fiiyythk', 'wknaotjt', 'o0m20894']
1110	['2sp8nm0i', '81pr5etw', 'brt4zrhe', 'p9qeaedh', '3kl4p7h9']
1111	['zl4ixyg1', 'u8mu4yga', 'z86g8dzs', '7ruoysxu', 'zue5hnal']
1112	['hqkrer9m', '3jnhboif', 'y12veqre', '0lk8eujq', 'et1ekgdl']
1113	['xuiswu2l', '5y6gjl2t', '1w3x0g42', 'ip9geldg', 'q9d88fxx']
1114	['mxg2q1vd', 'ko42qlzr', '4mblzyxk', '6l3coibe', '1vd4j3qc']
1115	['dyrn6z9a', 'xld7ztx5', 'nli8ccyv', 'j8d47de9', '2w6p6jji']
1116	['awb1stsr', 'wgc0cqyw', 'bns5eb1t', 'hapw6lv9', 'sikgdopk']
1117	['25bdifv6', '6mzqk12f', 'k2zrdjyo', 'c4ihkcyr', 'qh7biax3']
1118	['9t6du1v5', 'gi3vfi68', 'z3ock8ar', 'xp2qkk52', 'v056i6g7']
1119	['p3dex2to', '89n52jny', '08bw0h8m', 'yw5lzibk', 'aawjla6h']
1120	['uxz185vr', 'ny7wkswf', 'i8jv5iqo', 'rtus1qyw', '0ml57rhr']
1121	['eknllnci', '5iwgutxo', '74070a3z', 'uu883ofc', 'e5flh0af']
1122	['y1uk8yfa', 'isxasd9b', 's1hmhupe', 'p699a0g2', '8xrccucr']
1123	['vjwu0fvp', 'tql5cv8k', 'l5ogbl5p', '5nue46dm', '1t1sykok']
1124	['ji3s6rnu', '9wn91fj2', 'k2zrdjyo', 'vvuaegse', '6nsoj5we']
1125	['y12veqre', '2u5zxc2i', 'jpenhh92', 'ii3di3dz', '3jnhboif']
1126	['e5y8pp5b', '6hnts5l2', 'gtp5daep', 'ndn6iwre', 'bbs7zocu']
1127	['ruegzkoo', 'tw7jsibe', 'v0y734lu', '4vvuye8u', 'vryngrq8']
1128	['uexahhdr', 'w9zyshzb', 'cpc1yefj', 'tsyl7crt', 'car394ou']
1129	['9x1d1kp1', 'wkz2ammt', 'ryj83uw3', 'rytalfyx', 'cy8vyb6j']
1130	['pz3e9y4i', '0gxjjqpd', 'i6qoo03c', 'fhc1qf8d', 'f6vau5s6']
1131	['4e82s91a', 'kwutlh8k', 'pw58gayr', '844229sb', '0clp6zt6']
1132	['hiw576og', 'jincu9xx', 'qkjieod9', 'wuazkwsi', 'jgs4jszx']
1133	['7wu8bfo4', '25jq098w', 'pvsox183', 'z8ajje2l', '7g7sgabs']
1134	['5azti19e', 'eewr8ynb', 'vww8d1ew', 'zew4tzy7', 'u6tbu9jf']
1135	['lclxe7i9', 'rng65ofx', 'rcb943w2', 'bnhwbaqj', '86qczmbt']
1136	['ep9moftg', 'bgiyvqgw', 'rjelshrp', 'tlknj4hm', 'ln6t374j']
1137	['24u6q3ae', 'bw6a5gmy', 's3vaa0yc', '164yx77a', 'imheos0p']
1138	['7ld7hyaw', 'xld7ztx5', '8ncc6d2n', 'vgffg4c1', 'yj62tnz6']
1139	['cf3l8uzq', 'fo4ax1od', '7g7sgabs', 'h89eb6pd', 'g3hujz5o']
1140	['9anlwi27', '3rxsplrl', 'f4hj35dr', 'noale9n1', 's6kdchlo']
1141	['2e2s1gof', 'xjklin0b', '30r8zd0l', 'jqwoxfsc', 'vw9jd88a']
1142	['hjuftxwg', 'xzmzdq52', '1vyfy7i0', 'n9aqux5a', 'wquu9zf7']
1143	['n6ro088v', '92ezdiap', '4haf8aaw', '6wb18u6w', 'b97acsgn']
1144	['q7pieq3w', 'f14zbj4o', 't9hbbqay', 'j6uxowyu', 'i6qoo03c']
1145	['9f0bjknz', 'su028g3j', 'wubcq0xx', 'dljqpvyk', '47p4g80o']
1146	['l9lni5d3', 's2hp3sat', 'qkjieod9', 'jgq968f6', '0emibwp3']
1147	['ii3di3dz', 'jpenhh92', 'jisznsr3', 'lrgmyfjs', 'hqkrer9m']
1148	['isxasd9b', '0lk8eujq', 'e0pz0z4j', 'a7eabvvo', 'wmpjfc02']
1149	['ml27mexb', 'aakzdkcj', '9wnkmn27', '1l4o9pko', 'onlly1ga']
1150	['awzozt7u', 'c8rgn7e9', '0rftk787', 'dluw0oiz', '784gmskn']
1151	['nz976qc6', '186wyg7t', 'onlly1ga', '9wnkmn27', 'fien6nra']
1152	['iylmvmv3', '1aqf98e0', 'e1mnj7bf', 'upiu3e2d', 'xpwv8xlv']
1153	['oxa060jf', 'hxyn84jt', 'r0nmq9ne', 'xi20pdvy', '5g4smxpv']
1154	['32v44sw9', 'mt8h4rk5', '2146o727', 'ch7nna59', '7mcfehzc']
1155	['xtmn1n0r', '8ko7mmu3', 'ximw03ej', '844229sb', 'rpwmcqbg']
1156	['moxjaxuy', 'ypls4zau', 'vgk1sgcp', '5a5a8ifz', '1oatq6x0']
1157	['d0nj3fsa', '7t7ho26v', 'q54el8tf', 'r9udnmky', 'z94skip6']
1158	['a702kkx0', '8hkxbxz9', '6uli512b', '3yi44xfe', 'ereh4ub8']
1159	['7wu8bfo4', '87fruomm', 'tbio295u', '7g7sgabs', '08p8ns2d']
1160	['5t16srpn', 'q93luiw2', '0z7ey1nm', 'bre2ijbb', 'k5jkntul']
1161	['z86g8dzs', 'mkgszhkk', 'nom4z0tv', 'unl3n0tn', '46y1pa7o']
1162	['jisznsr3', 'y12veqre', 'a7eabvvo', '36flecmg', 't1vom8f3']
1163	['fj6l76hq', '1aqf98e0', 'yrowv62k', 'eyxag4xd', 'w1bx4a7v']
1164	['7aaiyppx', '29opurlw', 'mup5hr7e', '8vk15klh', '4img2we6']
1165	['zdfx3zo3', 'oud5ioks', 'mjb3ip7a', 'te0v91nr', '7e8zlt3t']
1166	['660gckc7', 'pfvf8ujb', '1a2jptg3', '5g02ykhi', 'vu8hfm1g']
1167	['1smu8yc3', 'n2ih64pz', '8p0xdqba', 'a9prti0f', 'zsygn29p']
1168	['b4yj7vw0', 'bctb0ewu', 'zpqgz95r', '32v44sw9', 'keaxietu']
1169	['xchvlphf', '5nue46dm', '7tp8z7n8', '3x46ynqh', 'l5ogbl5p']
1170	['mevnb9v0', 'h0spcvjl', 'l85fi3lf', 'x3f1yyjk', '6xlk1n4e']
1171	['01h205jf', '45r3ccwe', 'r4j1rcm5', 'yo815hnj', 'mvo2k2jt']
1172	['8ncc6d2n', 'ny7wkswf', '3i82sxk8', 'rtus1qyw', '7g7sgabs']
1173	['znwa2kig', 'glyoiu93', '8pislcjr', '4d3efrsl', 'd1pgjtjh']
1174	['0clp6zt6', '0cnjtxyq', 'ximw03ej', '0mwz8kwo', 'pdfl15fz']
1175	['7wu8bfo4', 'bhleyzhc', 'oap7i5ea', '1hfvmyfs', 'r2cx0nmw']
1176	['3tlv2b5x', 'qy4gsvac', 'pa81t00f', '8dh4xvph', 'zzyibdy7']
1177	['g2j4uqem', 'jfuwelzt', 'dc8z4jzo', 'ib17jyva', 'gg5c8v7d']
1178	['4bu08m2w', '09fmkhu5', '81c2mn2c', 'jfjxujwj', 'njpq3sq2']
1179	['x0me00m0', 'yeowvvqi', '0dp28rsd', 'bpiiddi7', 'yrxgaiy7']
1180	['ii3di3dz', 'jpenhh92', 'hqkrer9m', 'y12veqre', '2u5zxc2i']
1181	['y4m987yn', 'wubcq0xx', 'xigbp7vh', 'bh8zshy9', 'dsfbmhbj']
1182	['3jgm3uhs', 'w1azm2mc', 'bawgldfi', '6ys3uogb', '1t1sykok']
1183	['bns5eb1t', 'lv5s1bko', 'v7szuzfa', 'li5cw8xx', 'ypqusgs3']
1184	['mjb3ip7a', 'jtgpzrf9', 'hn6clwoj', 'oud5ioks', 'uohbxoeb']
1185	['t9hbbqay', 'jgcv1wf3', 'jhge9qy5', 'rfv0omd6', '5iudn4kq']
1186	['jdg8gsve', 'h2u5w4a8', 'b4dz1lnn', '52lcpf0x', 'jo38hjqa']
1187	['a0q61mpi', '1vcc1khg', '844229sb', 'mkgszhkk', '30pl5tx3']
1188	['c4m63cr3', 'a3fvifax', 'rcp6xlpg', 'tv014ubp', 'i55203bt']
1189	['pdiyqdb3', 'fo9uq389', 'oywhabcd', 'ewf1z1ee', '86gqxajw']
1190	['onlly1ga', 'fien6nra', 'ml27mexb', 'rh2jrojk', 'aakzdkcj']
1191	['u8mu4yga', 'zl4ixyg1', '5z0xwlxp', '763v4duh', 'uyb0of5p']
1192	['mz7b6ey3', '60en5zy7', '3zdv9zim', 'lbxg93hl', 'fe14iohb']
1193	['q54el8tf', 'gwprn5hh', 'h13p6ogs', '7t7ho26v', 'r9udnmky']
1194	['xtmn1n0r', '8ko7mmu3', 'ximw03ej', '844229sb', 'rpwmcqbg']
1195	['122yi9np', 'rtp9j01c', '2ui7z8wi', 'z1l6oyjh', 'tx2dwo04']
1196	['36zu137v', 'e2rtzymt', 'udr22zf7', '5gldyo2d', 'gbpfypmn']
1197	['z8ajje2l', '25jq098w', '8l5i1z27', '7a543f7v', 'ruewzstg']
1198	['w04z2f0q', '5tdmh0ac', '2a12nsnl', 'n4ildbuc', '2aoyzj2b']
1199	['ccj1dt86', '0gn3b98n', 'n5sei1oc', '38paoyuc', 'ljpeq5aw']
1200	['wslsqytj', 'qqdcs77q', 'n3yuvf8v', 'di45k0dp', 'v0y734lu']
1201	['3oetrhdh', 'jmdrupds', 'b1w9ns78', 'sjkni2uc', 'ok33bqqg']
1202	['ki93iltt', 'jmzjfwxi', 'whloioyi', '8brfph9v', 'z33cg3nj']
1203	['40fvjskj', 'oap7i5ea', '2a12nsnl', 'llqpfhwg', 'lv5xjfk4']
1204	['089b1z4b', 'gc9eg5j3', 'tij7lakb', 'n2ih64pz', 'eza5qh47']
1205	['jk37ej4c', 'uei4ovko', '3x46ynqh', 'rj9k9awy', 'tsv0rcr3']
1206	['3u3i5myh', '7hporv6w', 'u66awao9', 'jgcv1wf3', 'ruewzstg']
1207	['ruewzstg', '7a543f7v', 'su028g3j', 'irhizn0b', 'ksf2tpdw']
1208	['bl96upg3', '1omv4r30', 'khkw1hhv', '0extp6r3', 'mut94ov1']
1209	['wg5cfp0k', 'bi9fid5f', 'l0vycwd7', 'x9rv72dl', '2cv0vuin']
1210	['4ag4oune', 'snsjrjx3', '42wh36ge', 'qwax5tg9', 'hwczi82m']
1211	['zyrvgaql', '7097q0r1', 'hlulg3wf', 'cv6no7nw', '0bdi3yxk']
1212	['mlo8zypy', '9n7bkayx', 'xee6npr3', 'tbio295u', 'ntra3jhs']
1213	['hltkddac', 'qjfe2t9v', '2mtuw7gb', 'lcqxrcji', 'kp4j9snc']
1214	['11xjl53c', 'msovjuk4', '08mfxvql', 'v4pkwd44', 'hzn3qus3']
1215	['4wi9lln9', 'gr3tnp3c', 'zd7a5v4q', '3qequ1ap', 'q8o1czcx']
1216	['1r9975o8', '95e1kuux', 'dq3qunwe', '84z7jgcl', 'dztaijzu']
1217	['bzzln9kc', '94w1sbsb', 'pq571myy', 'vwrhypnl', 'o86wki37']
1218	['o4ri7t16', 'dsvmh7t6', 't1a8vnms', 'rog0fp93', 'h1h24a4r']
1219	['0n51j2jo', 'r0taoqsw', 'dm6pznm2', 'nle4axad', 'bmgfoine']
1220	['a9lw6vrs', 'h2iyustf', '5eo7wfle', 'wp3rwdum', 'xl1e9gzc']
1221	['gjustwrb', 'ryj83uw3', 'gvaslwh9', 'tbio295u', 'lv5xjfk4']
1222	['xfcqbfse', 'mfp9jbti', '1uabldiq', 'xj65j05e', '8th933g4']
1223	['6k0nhmg9', '6hkqe14l', 'jveh2w09', 'f2jzz41d', 'fgj2lvbg']
1224	['ut1k8xe7', '9f5i6crg', 'm1tv7mgm', 'xutbbxpr', 'zjnry1ny']
1225	['cgxs9uam', '1a7ugd24', 'unx1pv2k', '1igydu3y', 'k10wpya8']
1226	['3jrb0sn8', 'r2hovw0y', '555e3ndo', 'f6l0hwyw', 'qfq1nfcn']
1227	['zdfslfmb', '606oxq14', 'g0cryapk', 'hgg33kwz', 'ylvgmdwh']
1228	['1l4o9pko', 'aakzdkcj', 'd21lvneh', '0r580il2', 'ax3e82js']
1229	['2qwk2z22', 'u31ixcwa', '16ff3c7m', '383sp7f5', '40dsvwyb']
1230	['w0ebmg16', '9pb2eqoa', '8je46886', '8iqs6jko', 'u8mu4yga']
1231	['tp7wthiv', 'tk0iwpnb', 'lclxe7i9', 'so6irh9b', '12yshnt5']
1232	['18b6ikq3', 'wa5rxe76', '97msfh4l', 'xokujzbl', 'g4pd6g4j']
1233	['d21lvneh', 'hcw0cisk', '1l4o9pko', '0r580il2', '0qy6hcgp']
1234	['o78vcy90', 'sfm82h0g', 'nswj8x43', 'jbmzvljk', '4xs9avr0']
1235	['k9erix1s', '09vzcqyr', '9mdf927z', '3kde69wy', 'js91utss']
1236	['7vadpp3d', 'u8ptvem7', 'auiod44t', 'nq79qw82', 'nbn44sxq']
1237	['0clp6zt6', 'sxi0tpsf', 'w1bx4a7v', 'm2z6k2va', '8iqs6jko']
1238	['n2rec4i8', 'x7qlnugx', 'ok9o9tta', 'xmqdk2wz', 'is9a77dk']
1239	['fteydbm8', 'lm2qoahq', 'b3doorzq', 'dlwwcryb', '2f9vpqej']
1240	['3a7utmsd', 'ywne437k', '15q47bw5', 'cutwvq3b', 'r5eve0bl']
1241	['q4m2uj6r', '5dbuxvc4', 'car394ou', 'p6uliadr', 'g1o4t8ps']
1242	['u89jd28e', 'k2zrdjyo', 'y1gt6bfu', '6a6tyvtz', 'yy8mbw1a']
1243	['oi8epg9m', '6lsgwvsv', 'o1xsjx2p', 'ihler8r0', 'in69fhw9']
1244	['lxdcelk1', 'f6vau5s6', 'x84su3ki', 'vw9jd88a', 'thvhvf4t']
1245	['evuixig8', 'f0kcf2y0', 'mz1bof2x', '2aowm09g', 'yw81byd0']
1246	['05djnz4p', '7g7sgabs', 'ngywgodg', 'cgc0v1dg', '4xs9avr0']
1247	['ngb7pbyl', 'vw9jd88a', 'jgcv1wf3', '47p4g80o', 'wubcq0xx']
1248	['mo23hpe1', '0r580il2', 'aakzdkcj', 'ml27mexb', 'r76tqrwz']
1249	['5xfgmi2n', 'yaad1ve4', 'gysvo8e9', 'fmgj3noh', 'an8957d8']
1250	['u8mu4yga', 'ximw03ej', 'pdfl15fz', 'z86g8dzs', 'zl4ixyg1']
1251	['toixg0hy', 'kk47kxwf', '302hphhx', 'ukca8cqw', 'vrl9gtcp']
1252	['k9xhphpl', '80dfqjql', 'tjplc5j6', 'gp3ib74q', '3ss714ha']
1253	['tra5ewc5', 'zl4ixyg1', '763v4duh', 'l4y7v729', '9b6cepf4']
1254	['7lli72ph', 'hhswage4', '6r1hy34r', 'rc6cza9r', 'k36rymkv']
1255	['tmgmqtjq', '0bczgiyy', 'c9sidpy9', 'on6ss822', 'ipon95io']
1256	['aakzdkcj', 'nz976qc6', '9wnkmn27', 'rh2jrojk', 'onlly1ga']
1257	['13kzv4b2', 'h4kc04w0', 'uzry86hi', '32gnw4sv', '0vmxjil6']
1258	['7xt894vr', '0rftk787', 'h4kc04w0', 'eapwqsrc', '9x9toshx']
1259	['gdbr8zwr', 'ywi0a8s1', '2pufns7d', '2hzq5o0v', '5tkyir3r']
1260	['6hehg1yf', 'sg1e404x', 'a3lk2q02', 'k1n00gir', 'apx6a4yb']
1261	['hunepli1', 'me08w1ir', '53vvp3j5', 'zrnxq5uq', '54fmvcl5']
1262	['90323yzn', 'n2kn7o67', '2kt35rqn', '236otwxj', 'tm9jb7bq']
1263	['bre2ijbb', 'k5jkntul', 's3o9v1fl', 'vgk1sgcp', 'qalficgu']
1264	['yfpioqi5', 'b0qj7tck', '0vjxc1bm', 'xgfk6txz', '4cnk76lb']
1265	['v14gqr6q', 'dxb6ulf3', 'd6qr2abi', '9mn6trtn', '4c3evbqw']
1266	['vadaxbsr', 'gg2swy7i', '9oui0l6v', 'e1macqqm', 'yidait6a']
1267	['elycje9y', 'dgkutcie', 'pxo5uh4w', 'ikz8ui8y', 's6kdchlo']
1268	['mfop9fne', '236otwxj', 'xl0zb9zj', 'mj9xc5fv', 'r0nmq9ne']
1269	['eu2vjpw9', '7xb7hj9u', 'iff8cuum', 'li8kvzdh', '5t4twnpm']
1270	['55gugbs8', 'eywnnzxe', '05vmhjjp', 'byw8jsqv', 'f3mvdpq1']
1271	['jkm496ip', '3jgm3uhs', '6ys3uogb', 'jer4jwwf', '9anlwi27']
1272	['3u3i5myh', 'u66awao9', 'lby3xhmp', 'a0dvzhc8', 'h9nzxlaf']
1273	['bw6a5gmy', '05djnz4p', '7g7sgabs', 'z9vjo98p', 's3vaa0yc']
1274	['wa5rxe76', 'vpoqfm7d', 'uaccs7k9', '37gpov43', '06fwhyac']
1275	['jgq968f6', 'qkjieod9', '56rn6d6o', 'oywhabcd', '9169o29b']
1276	['q8l3ra55', '8f83k2ce', 'y12veqre', '36flecmg', 't1vom8f3']
1277	['mncip6jj', '9p2pzsx0', '4rsvcbnz', 'wxor6kg3', '122yi9np']
1278	['hapw6lv9', 'cabmmgg6', 'qqbe2bop', 'os0sslxc', '1hlqov6m']
1279	['z6cdyy0w', '1vd4j3qc', 'b0wy5zz4', 'gha1wg4w', 'mi6bdisx']
1280	['pgasbdpp', 'ogrlupbx', 'pmd1n2l1', 'l69kwh48', 'd4eae8g3']
1281	['uk6whrhz', '3p2cuxk0', 'bfmcqcq1', 'eubmiblw', 'mtq19xku']
1282	['1itor6ic', '0a1m1niu', 'n24k9s1s', 'l4zku2e9', 'kgt61kcu']
1283	['8f83k2ce', '5nsayxwc', 'jisznsr3', 'y12veqre', '36flecmg']
1284	['hltkddac', 'lcqxrcji', 'qjfe2t9v', 'kp4j9snc', '5rhrd0s4']
1285	['fbcu88lv', 'osct0lj6', '1zbsbcdd', 'l4o7nicc', 'mvm1t0y7']
1286	['1kubts7j', 'r9udnmky', 'tmnfcs7r', 'm8xfza1d', 'w1azm2mc']
1287	['v7szuzfa', 'dxym95pe', '81rxs247', 'kdxoyvsv', 'n3yuvf8v']
1288	['kjr6dcqv', '089b1z4b', 'gc9eg5j3', 'n2ih64pz', 'zsygn29p']
1289	['72s5lbz1', 'j0uojajt', '8xrccucr', 'iuziorsk', 'y1uk8yfa']
1290	['oi8epg9m', 'in69fhw9', '8vx56qlk', 'q7pieq3w', 's3o9v1fl']
1291	['gkf3wez8', '3xvphg52', '10dkpj5h', 'v13kzr5y', '5sfojk7y']
1292	['vpih1wvs', 'gtp5daep', 'q7pieq3w', '46y1pa7o', '0si51n85']
1293	['nsflghc5', 'rfchb7ar', 'r4dgrxel', 'nq79qw82', 'j8p970p8']
1294	['7g7sgabs', '7wu8bfo4', 'z8ajje2l', 'jo38hjqa', 'a7frertc']
1295	['vx9vqr1k', '6ndqgxy8', 'fiiyythk', '3ubithu4', '9rgv88qf']
1296	['vdgu6h0a', 'od5nnxvg', '5zn5mgi9', 'ykxr9q1j', 'pc2cnhjd']
1297	['y047cuxp', 'rr87vhd0', 'r2hovw0y', 'xnrp2tpd', 'f6rx4h3r']
1298	['55gugbs8', 'r5v2gi3v', 'fa05sovj', 'hunepli1', '6zjzy0ft']
1299	['hkk23tqt', 'z92xqedn', '2w6p6jji', '2uy0jjdh', 'aj885nl0']
1300	['q58dzxwc', 'krg8jvfz', 'k457kqlo', 'i3ahtzdd', 'supf8vel']
1301	['w0ebmg16', 'xpwv8xlv', '8iqs6jko', 'xtraspw2', 'dxrltm25']
1302	['me08w1ir', 'td8uwcas', 'fbcu88lv', 'm2id6kxw', 'tadojzoj']
1303	['aqcllik0', 'yj25zkx6', '4c7ug40v', '914oafkn', 'ravcm60e']
1304	['h5fvf5ja', '5o0ihd3f', 'unbx6od5', 'nxh1su1i', 'qp8jxcdl']
1305	['g4nto9kf', 'y6ufb4l6', 'c9cenvt4', 'a4klrp3h', '45qyz490']
1306	['mkgszhkk', 'ximw03ej', '8ko7mmu3', '7ruoysxu', 'mcmqx7og']
1307	['z68tl88x', 'juofmvz2', 'arcz8ku9', 'rwgqkow3', '8ljnxihr']
1308	['7o97t2t7', 'ttl1ozc6', '08h4198w', 'ycklcks9', 'kkbed30m']
1309	['styavbvi', '82y56t7d', 'q5veu992', 'is9a77dk', 'nksd3wuw']
1310	['mlo8zypy', '9n7bkayx', '4hdj6mtf', 'vgk1sgcp', 'xee6npr3']
1311	['p9c3g251', '1tamgmzm', 'mpe2qs0h', 'yfzlbk46', 'gtbegs4r']
1312	['2hbcbvt6', 'zu5mg2im', 'iz74o9de', '195h4ofw', 'h82r1ttc']
1313	['cwdtyr1v', 'plzklj7c', '9ixpj162', '9e6g15iw', '4z8i83p4']
1314	['5q49qq42', 'mo4luyx6', 'dlpgq0rm', 'tafg1xoo', '8mmau2lz']
1315	['f0kcf2y0', 'cnz7jlw4', 'mz1bof2x', 'x220pjeg', 'evuixig8']
1316	['582ts5mf', 'bvzi49hy', 'rhnr430g', '11d18w9y', 'v47publm']
1317	['v5beddu4', '9ixpj162', '9e6g15iw', 'plzklj7c', '784gmskn']
1318	['nz976qc6', 'onlly1ga', '407va85q', 'aakzdkcj', 'iu5ndsxn']
1319	['0clp6zt6', 'u8mu4yga', 'zl4ixyg1', 'z86g8dzs', 'w1bx4a7v']
1320	['d9b814yp', 'mqyu72nc', 'ogchq8gz', 'dkfohub3', 'oi8epg9m']
1321	['zweyxxg2', 'fiiyythk', '3ubithu4', 'qd73h1ie', 'm31pjcrl']
1322	['ky5env7t', '446p4tbc', '104lecie', '3a7utmsd', 'pvrp8u8n']
1323	['ewg9d4ei', 'x7ffgtrd', 'c2s2lxw9', '56spbdvd', 'i89fbfea']
1324	['ep9moftg', 'pyz2tnhk', 'ln6t374j', '312cg7b7', 'bgiyvqgw']
1325	['0e97tdez', 'soa71kwx', 'li8kvzdh', 't9e774ed', '3fagnql8']
1326	['4kfl29ul', 'i9nchww2', 'dfhxcqr8', 's82tyeis', '3o7rd8pt']
1327	['y7lrp0gc', 'dgnddq80', '0lk8eujq', 'e0pz0z4j', 'a7eabvvo']
1328	['6o1h9uyl', 'o877uul1', 'o47v5vgw', 'k2qj6o7j', 'rgmkszfp']
1329	['fsid4a39', 'fe72aj3a', 'aceu86at', 'rbau5dc2', 'dfhxcqr8']
1330	['26kx1b0h', 'lty6oq3d', '5aev7ltr', '0oq0xmzr', '5gshj480']
1331	['kl2w6yiv', 'wcmxmahq', 'n5bnpzj6', 'rtp9j01c', 'mdsjbfmx']
1332	['mkgszhkk', '844229sb', 'z86g8dzs', '8ko7mmu3', '9qsqj91d']
1333	['iuziorsk', 'wmpjfc02', 'yr27lnq8', 'y12veqre', 'sm0112e3']
1334	['jc5ik84m', 'lz8b60ew', 'egzlstrz', 'tq8jpmin', '3jfok14h']
1335	['qlng0zvn', 'wc6e0pxf', 'c4g3vlrs', '4pjfnund', '43uwgep5']
1336	['6x8xp62f', '8xdz41w9', 'sjqt01gr', 'pecyac7l', 'yjsxen4d']
1337	['rp9opdmd', '14alhxc3', 'lm73oj21', 'ivy95jpw', 'd21lvneh']
1338	['jkm496ip', '0njeeoc3', 'mo4luyx6', '9anlwi27', 'dlpgq0rm']
1339	['1cvpw5hp', 'jk0ju2eb', 'mfpgbqc8', 'ajzcx2rg', '64qt0w2a']
1340	['iff8cuum', '7xb7hj9u', 'g4250q6l', 'pjh2lr22', 'vww8d1ew']
1341	['43joavrl', 'ka2kyqmk', 'wq0mebm4', 'tbio295u', 'v7szuzfa']
1342	['ocxl6cf4', 't1ughb9b', 'v7szuzfa', 'yb9uyov3', '1fdnbq1f']
1343	['hb3wcm04', '0eftiyuw', '0xnpfdt9', 'jzm6nc41', '72s5lbz1']
1344	['ey0r1py7', 'wcq3qqt4', 'jnwuu08w', 'e63j8gci', 'jrgeasqy']
1345	['zecuhkcd', 'ucmzbezx', 'yi2m5ukw', 'u8ptvem7', 'bgn6zrer']
1346	['hfk8nikl', 'dcli6uaq', 'raw2mt47', 'vj6sw2ne', 's1hmhupe']
1347	['fa05sovj', '6zjzy0ft', 'byw8jsqv', 'k7vjqzx1', 'eywnnzxe']
1348	['yrowv62k', 'u8mu4yga', 'ximw03ej', '1vcc1khg', 'eay6qfhz']
1349	['s19w1p2i', 'jgq968f6', 'dgng39yd', 'l9lni5d3', '4p6fcy8f']
1350	['lh82rl24', 'fiiyythk', 'i5vlkqvr', 'tjhz8bdb', '9rgv88qf']
1351	['mkgszhkk', '844229sb', '8ko7mmu3', 'z86g8dzs', '30pl5tx3']
1352	['aqcllik0', 'yj25zkx6', '164yx77a', '914oafkn', '24u6q3ae']
1353	['4d6az41t', 'vww8d1ew', 'zew4tzy7', 's8nx7wim', '5azti19e']
1354	['iu5ndsxn', 'ivy95jpw', 'nxu1xoax', 'd21lvneh', 'fien6nra']
1355	['ax3e82js', 'cq5z8lqu', 'ml27mexb', 'yt2fp8zl', 't7xaqtgo']
1356	['aakzdkcj', 'rh2jrojk', '1l4o9pko', 'onlly1ga', '407va85q']
1357	['jgq968f6', 'zc10b6j5', '4p6fcy8f', '9169o29b', 'm26sn2qg']
1358	['tra5ewc5', 'gtwg0m54', 'f96qs295', 'zue5hnal', '0clp6zt6']
1359	['1fgnfh62', 'k9erix1s', 'pvrp8u8n', '5f95gve3', 'qci7khki']
1360	['mo4luyx6', 'dlpgq0rm', 'jkm496ip', 'awn23o8y', '9rhydy8u']
1361	['apfimvix', '4vkkaqhz', '1j4w2hyp', 'jfvq2gfx', 'kt47i60w']
1362	['8hchfgx6', 'cg6v3yma', 'm2z6k2va', 'ordof7g5', '0clp6zt6']
1363	['2tggadqm', 'eyhtf6mv', 'xl1e9gzc', 'yr27lnq8', 'mjjjciff']
1364	['sqxdwu6j', '0bk9jmdu', 'lbyvgqp2', '4ylmj9ub', 'dsg0p37t']
1365	['5bl4h80v', 'ud8cz3sp', 'zna49ifn', 'xcduaqje', '73pzirry']
1366	['8ihlm3fw', '0phf73r6', 'yq2dt0gv', 'h5b7mncf', '5pe3wag3']
1367	['oud5ioks', 'uohbxoeb', 'te0v91nr', 'hn6clwoj', 'zdfx3zo3']
1368	['97vw83zu', 'iu2frsec', 'ohqr1v13', '7q2jd0mf', 'ibnudp1x']
1369	['fbtyz7tk', 'qijo070w', 'wtovv1jy', 'y6zisciu', 'fteydbm8']
1370	['wgfdd3lm', '9k4pwc2h', 'dudc5eh8', '6c47sm6i', 'gwprn5hh']
1371	['osct0lj6', 'q8dl0gcc', 'bakwk4tm', 'hm332jqo', 'glpca9u0']
1372	['3p2cuxk0', '296lr317', '0illlel7', '5xzn2myj', '52qpcg63']
1373	['d9b814yp', 'hunepli1', 'gjsrfmj4', '855atuue', '7d6snq1v']
1374	['tra5ewc5', 'ximw03ej', 'u8mu4yga', '4mx9t5td', '9qsqj91d']
1375	['y349r3r6', 'fa05sovj', '6zjzy0ft', '1k0qpuys', 'vf7xj5qt']
1376	['uw0rrel5', 'bdlhd5i1', 'gjk8kc8g', '3da30lb2', '3p2cuxk0']
1377	['xtnyad3j', 'dhd9e9bn', 'hwg0lthr', 'ir874dkj', 'ecobfbpg']
1378	['0l5li1f0', 'gk3wr6s1', '34ulkvl4', 'pg5ts74v', 'qci7khki']
1379	['7aaiyppx', 'mup5hr7e', 'u07jsjmf', '4img2we6', 'u95kg3m0']
1380	['qeqd4soe', 'jz6o9gnb', 'ivy95jpw', '1l4o9pko', 'aakzdkcj']
1381	['ocxl6cf4', '9ok153yl', 'ju87prqm', 'ecro0w9n', 'in69fhw9']
1382	['ximw03ej', 'tra5ewc5', 'u8mu4yga', '8je46886', 'xtmn1n0r']
1383	['focpnnks', 'n3swuykg', 'gvn2v6rt', '3v240tcz', 'y1ob8tcq']
1384	['n0zppf8v', 'qmo1zzkg', 'rwovxw7a', '7hq10f2a', 'xmtv0v6q']
1385	['0j4z4ez7', '7wu8bfo4', '0tn06al2', '8lnjbxe5', '7g7sgabs']
1386	['ximw03ej', 'tra5ewc5', 'u8mu4yga', '4mx9t5td', 'a2voobqa']
1387	['104lecie', 'te0v91nr', 'f2zgrgva', 'zqzs6vtf', '31idktk7']
1388	['4kyy2g76', 'sljh3o2k', 'w2w98hey', 'vt4ougwq', '33wqmdnk']
1389	['xgfk6txz', 'b0qj7tck', '4cnk76lb', 'hhuu7ol8', 'wgbyqfrx']
1390	['ujq9mxk7', 'dyxfsojh', 't3dzso36', '2m6ks6nd', 'b1s3ubm1']
1391	['ml27mexb', 'aakzdkcj', 'onlly1ga', '9wnkmn27', '1l4o9pko']
1392	['unx1pv2k', 'cgxs9uam', 'e8mk04uf', 'xl0zb9zj', 'mfop9fne']
1393	['urazxa6x', 'no7n99cg', '3p2cuxk0', 'zli3t1wx', 'j8dtmy7k']
1394	['v60ydkm6', 'mg7dfs1r', 'hqkrer9m', 'yr27lnq8', 'q7pieq3w']
1395	['y349r3r6', '09jbs6mx', '1k0qpuys', 'nyqcozvx', '1992wisb']
1396	['bpnqz1cn', '99ln2zzs', 'q9d54z1s', 'lht6lhry', 's529slm0']
1397	['in69fhw9', 'q9bwvh0t', 'rcrok8lr', '9ok153yl', '855atuue']
1398	['y5a9xtr5', '9fsk7ftz', 'rytzyf1j', '3qgwoblb', '5t72hl4l']
1399	['rb20ge7e', '2j11uxmx', '7xnga86x', 'x73moqog', '5jlohhmv']
1400	['zj0yxy2z', '0r12f0h3', 'vbhijlmn', '8q2gdy5n', 'hii4smax']
1401	['ivy95jpw', 'roe6g61u', '0qy6hcgp', 'nxu1xoax', 'iu5ndsxn']
1402	['on53pegz', 'lae18d0l', '9p73l3rw', 'tc1exm56', '4ttda53p']
1403	['bumpnp7q', 'zpxnr9s9', 't0s5ufzv', '0qyhjutm', '2my9o9fy']
1404	['dksw5yzp', 'g0cgjlok', '0zjpvzof', 'xli7wyg4', 'zsygn29p']
1405	['16ff3c7m', 'u31ixcwa', '5o9bbspc', 'zu5mg2im', '2qwk2z22']
1406	['ucmzbezx', 'zecuhkcd', 'yi2m5ukw', 'wtovv1jy', 'ww2767gn']
1407	['xeb14weg', 'f2ypnls4', 'cjfn4dna', '4socpj73', 'nbqne4wp']
1408	['erdcvj30', 'egy8rgtl', '6sgeraws', 'yfbg2n2u', 'gfb11r1i']
1409	['lgtpeqhw', 'z2jtzsl6', '4kfbs7j4', '723l0buc', 'ikon1ktb']
1410	['lcqxrcji', 'hltkddac', 'kp4j9snc', 'qjfe2t9v', '2mtuw7gb']
1411	['71x3b75z', 'dyrn6z9a', '0u14wypb', 't3xd28ly', '2sb905jt']
1412	['cfkh0ypy', 'bw6a5gmy', 'cgc0v1dg', 'rkgrsiqf', '0zun27k4']
1413	['y12veqre', 'yr27lnq8', 'jpenhh92', 'ii3di3dz', 'm847xdzk']
1414	['jzosdlu7', '2scp98u0', 'iff8cuum', 'lzgwxshi', 'njgbom98']
1415	['6entp07f', 'zjbyz1vy', 'jcp3u4mf', '43fwrlk5', 'ncbjncfx']
1416	['2jdlavwj', 'hfaiddki', '25aj8rj5', '5xk20hs5', '1v8xf5uy']
1417	['lkb09vs8', 'f4jx3b2q', 'lr20prun', '5z0xwlxp', 'wcq3qqt4']
1418	['sygm6irl', 'hcw0cisk', '3m9yonqe', 'd21lvneh', 'trmwm9qq']
1419	['yx0u0iyw', 'e7gq365q', 'f2zgrgva', 'xkqajjgw', 'ltga2btq']
1420	['y6jw3gws', 'xykncac7', 'dzkhc9q5', 'vpih1wvs', 'e5y8pp5b']
1421	['6xxm7hcs', 'jnmpyovl', 'vuxxerob', 'b8ipstv2', '46no7uq8']
1422	['dfhxcqr8', '5525dp31', 'fsid4a39', '7k8nlea3', 'mru0mcup']
1423	['ljt9rn8z', '33znyrn8', 'o4ruio2m', 'i0swl50w', 'lgflny84']
1424	['octtj2vf', 'wcq3qqt4', 'f4jx3b2q', '07cica09', 'ey0r1py7']
1425	['g3ny530a', 'wp3rwdum', '1be4l05u', '0rrhgz26', 'b3nv1vl6']
1426	['3p2cuxk0', '0illlel7', '296lr317', 'zhg1hvsq', 'uk6whrhz']
1427	['m72i8vtq', 'alt4j58b', '8hvve871', 'zqg1r6c8', 'cvouxqxy']
1428	['rk9hsw2b', 'e7ud2rrq', 'h9i67wbp', 'zpv5f8pr', 'ybxuykpz']
1429	['irx4pcsx', 'v5beddu4', 'tvg6q8cw', '09q2so3j', 'l63d9lyd']
1430	['6fyrj0xv', 'yhmuvort', '13kzv4b2', 'vk6rms29', 'mrxpmqw8']
1431	['tbio295u', 'ryj83uw3', 'xee6npr3', '7wu8bfo4', 'tvhn7lnu']
1432	['ximw03ej', 'u8mu4yga', 'a2voobqa', 'zue5hnal', 'uyb0of5p']
1433	['kyy53jru', 'jdsha5ol', '9n0sy82w', 'urk8aa5b', 'rr0v0ju1']
1434	['ximw03ej', '8je46886', 'u8mu4yga', 'mcmqx7og', 'mkgszhkk']
1435	['vpoqfm7d', 'uaccs7k9', '18b6ikq3', 'c3a85ld0', 't13pehgc']
1436	['hh643w7m', 'eza5qh47', 'n2ih64pz', 'zsygn29p', 'tij7lakb']
1437	['vgk1sgcp', '6r4jyop7', '7hh0pffh', '05lgp662', 'gvaslwh9']
1438	['lgtpeqhw', 'kd3as3b9', 'rwovxw7a', '4kfbs7j4', '43wbbris']
1439	['089b1z4b', 'uliopaz0', 'gc9eg5j3', 'xli7wyg4', '0zjpvzof']
1440	['vpih1wvs', 'zwil22bs', '8gogju5n', 'an8957d8', '9e6g15iw']
1441	['fagcyea9', 'i6x0334e', 'b0nkhsvv', '4jx0oq65', 'lyewg2c9']
1442	['ohyvuybc', 'x64zft78', '06fwhyac', 'vq9m9m94', 'q5ie1v0v']
1443	['32ut5vr7', 'solieify', '1iagbaow', 'q48rqmw5', '2ehuuvnx']
1444	['ftq6ed38', 'vprj63y2', 'ttl1ozc6', 't3b2adct', '5azti19e']
1445	['leg5ntvu', 'nlnkgkjo', '58qneoj5', 'j4p46aiv', 'ew4lx6kc']
1446	['hqkrer9m', 'jisznsr3', '8f83k2ce', 't1vom8f3', '3jnhboif']
