post_id	preds_mixed
1	['x4zuv4jo', '8zufbeuz', 'uc316ncl', 'qgwu9fsk', 'bv7hvc1e']
2	['wubcq0xx', 'h9nzxlaf', 'k1ktytot', '8qdcls1k', '9kfs73sr']
3	['gtp5daep', 'dikrttn6', '2jdlavwj', '25aj8rj5', 'trrg1mnw']
4	['ru2ty1y9', 'wabd3b9z', 'enlj85zc', 'cfi5zhgu', 'zs78ndoa']
5	['n9zqc1gm', 'pndr91lw', 'n0uy6hd2', 'ya18okpb', 'ticmj3x6']
6	['hhy9g1yf', 'wd7drbky', 'vdd8uuv8', 'on53pegz', 'g3z9fp31']
7	['kr4sr1ae', '4888p05u', 'oap7i5ea', 'nt1e70dv', '5tdmh0ac']
8	['jgcv1wf3', '19skljon', 't9hbbqay', '1d49odsq', 'wpuf4ofo']
9	['g99myvw1', 'atnxkvy6', 'npe81wc8', '46r46ja3', 'tyaazpo9']
10	['z86g8dzs', 'u8mu4yga', 'yrowv62k', 'w1bx4a7v', 'dt2pew66']
11	['811lov8f', 'cn0hqvsz', 'lt51utjm', 'i8jv5iqo', '4oxbczqe']
12	['iu6epm2i', 'yztfkwkc', '4unn3fmu', 'v4c1lgpd', 'nbqukjzv']
13	['vzdu9jwn', '6wsa54w2', '6gqxf34l', 'idhbd102', 'q9qtteqs']
14	['ra28885e', 'tlr243il', 'geo7ac5i', 'oeudi6lr', 'roi3lta6']
15	['wo9gg7nx', 'nbdk83ok', 'g05z8cux', 'kl2w6yiv', '4gfh3d6z']
16	['m2nupp4k', 'qu7ddcw9', 'c18arb6s', 'v9366atg', 'wubcq0xx']
17	['h2uc7ria', 'ccxnsmia', 'vs6ev73e', 'kokfufba', 'uba4wym6']
18	['u8mu4yga', 'z86g8dzs', 'w1bx4a7v', 'qi1henyy', '1s8jzzwg']
19	['fff0swre', 'mayhg4jq', '0yea1289', 'ipsjsf0y', 'ivug325f']
20	['xpwv8xlv', 'lhbk4902', 'gh9sy7sl', '1aqf98e0', 'upiu3e2d']
21	['psrsed4b', '4p6fcy8f', 'l9lni5d3', 'qh7biax3', '0emibwp3']
22	['qexarxjl', '43ocdbp5', '1jpwtd4t', 's1ypdhzv', 'p0s1cpyw']
23	['hqkrer9m', '8f83k2ce', 's1hmhupe', 'et1ekgdl', 'jisznsr3']
24	['s1hmhupe', 'y1uk8yfa', 'x4mgnhbg', 'wk61uyrt', 'raw2mt47']
25	['uzry86hi', '405wbjmq', 'n9nu5n44', 'ezrarusj', '2q6qmex3']
26	['8393t8xl', 'i0bc6k81', 'jtb71lfd', '7yldl4ld', 'dwtauu7f']
27	['ud09l0la', 'rbau5dc2', 'q3h8afld', 'e6kncj4m', 'ybliwnw6']
28	['usyduiti', 'a0q61mpi', 'gb1sk22m', '9qsqj91d', '8ko7mmu3']
29	['r5iu5nr1', '47d0wl98', 'r4yukmwe', 'qjin5w03', 'ftq6ed38']
30	['a3efmczu', 'vw8a1994', 'qb1f03hz', 'hjdt44rc', 'fc86sjec']
31	['ix0xi5jb', 'jgbwd3ib', '2xzntu5c', '3qvh482o', 'o6zww1rr']
32	['mt0c57cp', 'z86g8dzs', 'u8mu4yga', 'uyb0of5p', '4mx9t5td']
33	['7zngkwoh', 'upiu3e2d', '0vlh67jw', '7zdi0y2s', 'cnmawglq']
34	['7a7oi5dt', 'dsfbmhbj', '9ok153yl', '1vd4j3qc', 't1ughb9b']
35	['7tp8z7n8', '5nue46dm', '1k0xqhda', 'jo38hjqa', '8w43qkqu']
36	['16ff3c7m', '2qwk2z22', 'u31ixcwa', 'sm0112e3', '383sp7f5']
37	['g05z8cux', '8l1vfsbc', '6eivv0d9', 'kl2w6yiv', 't7bonus8']
38	['apfimvix', 'sr9qxnu2', '8l5i1z27', 'cj3cpn5j', 'ruewzstg']
39	['ijoyk390', 'lgflny84', 'lvvw1npq', 'po32j519', 'i3jsvtwp']
40	['ep6uuulm', 'ozbmgd70', '7qz1o6aa', 'a451243b', '9tl8qibm']
41	['y0u00y67', '1blzi9r3', '08z6z7d5', 'w01dub6y', 'q3h8afld']
42	['l4y7v729', '9ixpj162', '784gmskn', 'pu12u627', '0clp6zt6']
43	['52lf5gzr', 'djev6er7', 'gcsew8u3', 'g8tckoxj', 'tloczjn5']
44	['ivy95jpw', '0qy6hcgp', 'd21lvneh', 'roe6g61u', 'hcw0cisk']
45	['s2vckt2w', '0n51j2jo', 'w3d33mq0', 'octtj2vf', '07cica09']
46	['urv9o2f1', 'yx0u0iyw', 'oi8epg9m', '5zhjn3u2', 'lnxsblg3']
47	['jcueu1xh', '0extp6r3', 'mut94ov1', 'xolflz8g', 'ny6zepe9']
48	['3jn7tdaj', '0n51j2jo', 'r2hovw0y', 'y2zcwcic', 'w3d33mq0']
49	['zb7ge4b8', 'jq9hku2o', 'bqy5eo3p', '2pufns7d', 'fbyq0nco']
50	['4hmecfi0', 'mp1z0269', '7wz030vg', 'i9wjpbe7', 'ne7e12nj']
51	['hmkqnply', 'o9me37ri', '0pptqw7o', 'uj5deryi', '3o91v72a']
52	['g5h4tazp', 'tuqmar6w', 'dzkf7c7l', 'kmkeetl3', 'zd8c1no7']
53	['ftq6ed38', '3jn7tdaj', 'apfimvix', '5iudn4kq', '5nr3j1ew']
54	['4ehxnzc7', '1lz5xobh', 'xthxesgk', 'wt6bp8os', '68d30i8k']
55	['0emibwp3', 's2hp3sat', 'vvmb92wo', 'usyduiti', 'x51jorbm']
56	['vc6j8ao2', 'w3d33mq0', 'ex3s7ytv', 'gtol0evh', '07cica09']
57	['582ts5mf', 'bvzi49hy', 'u4ntxo0y', 'wubcq0xx', '7hporv6w']
58	['z33cg3nj', 'opda8pjy', 'm4hwwhux', 'x88qugn9', 'ow1n47ui']
59	['ezrmuw48', 'sjqt01gr', 'b9b6ww9q', 'pjhu8xdh', 'alt4j58b']
60	['3mfwweyr', 'vo4csaah', '5g02ykhi', 'qh7biax3', 'sjsaw6yv']
61	['2l883zhe', 'sygm6irl', '72s5lbz1', 'adusu6pm', 'dqhdws5k']
62	['25aj8rj5', 'gtp5daep', '2jdlavwj', 'ky5env7t', 'jzosdlu7']
63	['zu5mg2im', 'tdlcb9bf', 'ktwazcrd', '8zm7n7j9', 'ucysxk5c']
64	['y349r3r6', 't1ughb9b', '582ts5mf', 'cabmmgg6', '09jbs6mx']
65	['3u3i5myh', 'jgcv1wf3', 'wh3k3u28', 'urv9o2f1', '1wui9gwa']
66	['i95dnfw3', 'uejtwgar', 'qxtcbksp', 'uu883ofc', 'wwjeu8ie']
67	['yn7e3do9', 'm79zl7ka', 'qeubhfbc', 'tweqie5k', 'cutwvq3b']
68	['uru7bkr4', '5upb25gt', 'mfop9fne', '0y2kq6zg', 'jtaq9p6r']
69	['kayh0v56', 'zew4tzy7', 'lpar7tc8', 's8nx7wim', 'z2z0hu49']
70	['7f33cu6l', '4gxff3rd', 'cabmmgg6', 'os0sslxc', 'msovjuk4']
71	['w301ofxi', '5a5a8ifz', '8i1u1a9t', 't3dzso36', '6r4jyop7']
72	['9nicryzs', 'vpqwkmlv', 'c2s2lxw9', 'az7f7zgr', 'ywne437k']
73	['qdmkx03t', '3tfof5nd', 'kt7km3jb', '1fdnbq1f', 'v7szuzfa']
74	['x9sfgtim', 'ropgq7tr', 'z86g8dzs', 'u8mu4yga', 'fj6l76hq']
75	['0bh8i14e', '5lzixulv', 's4xintwp', 'uohbxoeb', 'a40yhtqk']
76	['bw6a5gmy', 'r2cx0nmw', '24u6q3ae', '095g2l66', '1hfvmyfs']
77	['76aij6sx', 'df5n5v09', 'h8tv2u77', 'g8qn8mba', 'i89fbfea']
78	['5q8k71et', 'mjm2kap6', 'h61b3bsm', '9xpbwf9c', 'aupjlpfm']
79	['2f7wqamp', '2rx84imv', 'atloc9th', 'xtraspw2', '8je46886']
80	['7qxs79qy', 'dc8z4jzo', 't4custhp', 'edx9z9oi', 'dnxhtbxn']
81	['2nj7rn4q', 'wivk0bm0', 'fnguelau', 'wku1sd9k', 'c18arb6s']
82	['d0cd89hs', 'ra28885e', 'isk5cu0k', 'oeudi6lr', 'nzy970he']
83	['33znyrn8', 'k1ktytot', 'q1nye2ih', 'k8xp61uu', 'cwm0bsov']
84	['ca3h96bx', '9iomlhpv', 'rr87vhd0', '9f5szh9i', 'v8m7cszi']
85	['pfvf8ujb', 'q4jjtw63', 'orqulgfr', 'c4mz6w9r', 'ziaiufzs']
86	['8je46886', '1s8jzzwg', 'f96qs295', 'x9sfgtim', 'ropgq7tr']
87	['hlulg3wf', '0bdi3yxk', '24ie3mhq', 'cv6no7nw', '7097q0r1']
88	['1ef8ac5c', 'wjktna81', 'ijoyk390', '9kk8pevp', 'f2jzz41d']
89	['8xrccucr', 'hn21zwy1', 'wk61uyrt', 'th64ca79', '6buxpp8x']
90	['630w2rtn', 'xhkjbeam', 'ois60wyj', '24u6q3ae', '4gj7qdtw']
91	['2zbm4iwn', '60sbhzfs', 'wk4zxmz9', 'spo1lzyo', '8vnsrvws']
92	['vg96f35h', 'g15tvzn4', 'osol7wdp', '35yl70z8', '78d7vub4']
93	['xpwv8xlv', 'e1mnj7bf', 'cnmawglq', 'iylmvmv3', 'upiu3e2d']
94	['vj6sw2ne', '8gl323hs', '0oq0xmzr', '1arhjsmt', 'tl1o1wr9']
95	['d21lvneh', 'ivy95jpw', 'hcw0cisk', '0qy6hcgp', '0r580il2']
96	['ukdylwb7', 'tbio295u', 'uc316ncl', 'qgwu9fsk', 'so9uy899']
97	['8bihly91', 'u6b8iwr0', 'jmdrupds', 'udtoutew', 'b1w9ns78']
98	['dbxufi3m', 'm79zl7ka', 'yqx0xqz9', 'pmd1n2l1', 'pgasbdpp']
99	['atloc9th', 'm26sn2qg', '9169o29b', 'olhgu24h', 'z807g8i5']
100	['in69fhw9', 'wubcq0xx', 'ocxl6cf4', 'mqyu72nc', '3ncm8iwb']
101	['u95kg3m0', '7aaiyppx', 'mup5hr7e', 'u07jsjmf', '4img2we6']
102	['aj885nl0', '2w6p6jji', '0g4naq14', 'hkk23tqt', 'n9fddzn8']
103	['6y6e5qgj', '0tn06al2', '0an1j8wk', '2iul5pxa', 'grm6kfx7']
104	['tra5ewc5', '0r0zdpds', 'zycgczqy', 'z86g8dzs', 'l4y7v729']
105	['7qpwux9w', 'y047cuxp', '3jn7tdaj', 'vndj6f7w', 'r2hovw0y']
106	['oh23px9c', '2e2s1gof', 'am2rrgrb', 'xp2qkk52', 'z3ock8ar']
107	['suw0h7s3', 'hah9mrnh', 'b0545v23', '3vrg7zyc', 'y3a4czk7']
108	['rhbqgjnm', 'lhbk4902', 'xpwv8xlv', '9ds4ot1q', '2bupc5jh']
109	['hgqohdct', 'zaibt2fq', 'h2u5w4a8', 'iwc72ymq', 'r440fw19']
110	['z35xw2p0', 'h2vct9h5', 'tl16qf33', '9rrlfnww', '4tp99v4i']
111	['urv9o2f1', 'mu2vqjnv', 'f95ext4b', 'k2qertx2', 'rlhayt20']
112	['kt7km3jb', '3tfof5nd', 'qdmkx03t', 'v7szuzfa', '1tmqe3xf']
113	['72f64kpf', '1t1sykok', 'xlscrlc9', '6ys3uogb', 'sc6crkkw']
114	['osol7wdp', 'nyvluckw', 'yuppix3r', 'k1w2wxnu', '53vvp3j5']
115	['r2hovw0y', 'tmonjdrp', 'rr87vhd0', 'y2zcwcic', 'f6l0hwyw']
116	['rc5d6wi3', 'awh8y9j8', '1992wisb', 'o3cr0xvm', 'hnx43l5c']
117	['n3xm6c0y', 'vqbs5ot5', 'ixnko86u', '41yfx1ev', '8jxacsfr']
118	['lpoxaetv', 'opckeugf', '4p6fcy8f', 'pscw933i', 'jgs4jszx']
119	['iha9gjt4', 'w3zic0on', 'ys7azmv7', 'nom4z0tv', 'tfb1ve2p']
120	['q17jutw0', 'an1wfsvk', 't2np6qa5', 'mcc37ogt', 'tvfe29no']
121	['zvmwubuk', 'n24k9s1s', 'k3mz6lf1', 'qmo1zzkg', 'upf0ecx7']
122	['913sln1q', 'tki4l0gb', 'gat4jwsu', '4bw26042', 'opw9cmbe']
123	['f2zgrgva', '104lecie', 'qpnofgry', '4jyltfus', '31idktk7']
124	['s9b631ee', 'nnxlzxdt', '4budtw8s', 'hq75gfd2', 'njivwikk']
125	['o8gdpf0i', 'ktwazcrd', 'zu5mg2im', 'h82r1ttc', 'ucysxk5c']
126	['gw6qnwe3', '1lzimff2', 'v72mveyu', '1tmqe3xf', 'v85v5o51']
127	['k6cumncp', '929rrh59', '6crputzl', 'dwgxrbag', '32ut5vr7']
128	['qj1v04cf', '9e6g15iw', 'm79zl7ka', 'v5beddu4', '6qwj922f']
129	['vs6ev73e', '7z7zxcm2', 'vu8ao4pt', '7mcfehzc', 'mt8h4rk5']
130	['p3cxk8gd', 'zp3efdn7', 'est5jx7g', 'rdmmnnjd', 'n7oankiq']
131	['qv6oxjwd', 'dvwkh1d3', '8ko2lc1b', 'rzrrnypq', '0v55vvfd']
132	['1otgdo19', 'iy1enazk', 'mttosjh7', '32gnw4sv', 's2bpha8l']
133	['93amoypt', '1ifm3vgj', 's0aqouwa', '9im9gqw6', 'jkdyo2zp']
134	['376x58k1', 'soz9p0yd', 'ml8j19l7', '2jdlavwj', 't2gxkxxd']
135	['f2det6w2', 'mmr04tsm', '2yrgy2y2', '72jwlfqr', 'wslsqytj']
136	['828s0mtz', 'r440fw19', 'hfbi7sk5', '42i1i6br', 'mjm2kap6']
137	['hn6clwoj', 'oyr4klqk', 'oud5ioks', 'zbi0llig', 'uohbxoeb']
138	['wk3fh9ke', 'nbqukjzv', '47d0wl98', 'vww8d1ew', '4unn3fmu']
139	['r9di7ndv', 'deas7kr0', 'b4yj7vw0', 'pi77smba', 'wpuf4ofo']
140	['urv9o2f1', 'yx0u0iyw', 'lnxsblg3', 'bzzln9kc', 'r0nmq9ne']
141	['7as9f1n6', 'r07mv2ka', '91nj68tn', 'spo1lzyo', '7mcfehzc']
142	['rmyy6fni', 'iicbaevw', 'f3v1xezr', 'rm0zbgfm', '0dp28rsd']
143	['spohl5ey', '43joavrl', '6gj02k04', '3lzm42wq', 'wa4gt5sy']
144	['tra5ewc5', 'z86g8dzs', 'rpwmcqbg', 'a0q61mpi', 'i1yf8fgk']
145	['vu1f1hp6', 'krg8jvfz', 'pq571myy', 'k8vjv3zy', 'q58dzxwc']
146	['rwovxw7a', 'md0drb25', 'k30wvnx8', 'nfem3htm', '8hvve871']
147	['nz976qc6', 'd21lvneh', 'hcw0cisk', 'fub50lvt', '0qy6hcgp']
148	['x7ybnese', 'jqueo6zg', 'km2uxj9p', 'zuc538yd', 'bo6kbb6k']
149	['4jjhc5zo', 'jgq968f6', 'pi77smba', 'ykxr9q1j', 'il5307pl']
150	['q5f98qzk', '2ui7z8wi', '5oj6bqta', 'ltga2btq', 'fdkt6moe']
151	['e5y8pp5b', 'mgtxchud', 'u7tqolyi', 'ds7qon66', 'bhleyzhc']
152	['5zt4qx4q', 'xlscrlc9', 's0374olh', '6ys3uogb', '1t1sykok']
153	['4p6fcy8f', '0emibwp3', '9169o29b', 's2hp3sat', 'svi7syld']
154	['xuiswu2l', '5y6gjl2t', '7mcfehzc', 'ip9geldg', '1w3x0g42']
155	['dcfqvp4p', 'n2kn7o67', 'c2manjgx', '5av8aqb4', 'wqicq5ry']
156	['hfbi7sk5', '5sfojk7y', '42i1i6br', '3xvphg52', 'lae18d0l']
157	['xnrb0byz', '8o2xddof', 'mo23hpe1', 'fub50lvt', '407va85q']
158	['upiu3e2d', '2bpyvgv7', '0clp6zt6', 'ygvg9jfe', '5u63aqo5']
159	['zcnr1e2f', 'zcxxk9hd', 'ktymj1no', '27jytj4k', 'fyy42zaf']
160	['ivy95jpw', '0qy6hcgp', 'hcw0cisk', 'd21lvneh', 'roe6g61u']
161	['2q6qmex3', 'ezrarusj', '963hkkiy', 'h4kc04w0', 'wtenvb27']
162	['dsvmh7t6', 'xpwv8xlv', '0rzaa0fd', '1aqf98e0', 'iylmvmv3']
163	['fbsrggog', 'cymppa7g', '1k0xqhda', '6ir39t8h', 'gi3vfi68']
164	['ojr558x6', '4zxfghz3', '748c97u7', 'wl2iuup5', 'g4i4hkhz']
165	['anu3pahh', 'eauby68p', '1fxb5vru', 'yu8dkk5g', 'ijp87jav']
166	['faj85qxc', 'ordof7g5', 'jlqpwfwm', 'vszrekp9', 'w3u3vmd6']
167	['dkukwnov', 'dxrltm25', 'lhbk4902', '2bupc5jh', '0vlh67jw']
168	['wzz5ioek', 'ithv0k5k', 'terj0odi', 'gdfvt4pu', 'qa2pgjvj']
169	['ny7wkswf', 'uxz185vr', 'oz047qmf', 'klh90lvp', 'vgffg4c1']
170	['qexarxjl', '7aaiyppx', 'mup5hr7e', '4img2we6', 'u07jsjmf']
171	['hqkrer9m', 'y12veqre', '4ij9t0t3', '36flecmg', '95zrth5d']
172	['xtraspw2', '8je46886', 'knbngla3', 'mnjy6bq2', '2f7wqamp']
173	['6pn9jwfn', 'vmmztj0a', 'dccymlie', 'li8kvzdh', 't7a9edv3']
174	['q1nye2ih', '6a728le9', '6j45mmjh', 'gtp01rna', 'ge8o93rh']
175	['gzk9xbzk', '21lbbcxy', 't5sgguxr', 'bnrmh1qs', 'wr9ko6l5']
176	['wq3rlpo3', 'kl2w6yiv', 'f0wzxv39', '43c1vind', 'j7vm8h9t']
177	['x1uc10m5', 'xcsl2evz', '69fmtury', 'mw0wb8a8', 'nro623aa']
178	['s01g5wxg', 'y12veqre', '5nsayxwc', '1vj9p7vm', 'fcdwitxy']
179	['g5h4tazp', 'h2sryzwn', 'v29jmh6s', '4hmecfi0', '73b58lcm']
180	['gtp5daep', '2jdlavwj', '1peg3502', 'z1onkz6u', '25aj8rj5']
181	['c5fn8t7f', 'b70zywkw', 'y1uk8yfa', 's1hmhupe', 'eyhtf6mv']
182	['y0qrxya9', '54o2p36a', 'o21ncldx', '033phqmd', 'kugpzkyx']
183	['g3ny530a', 'jlnopr1j', 'duddd1u5', 'b3nv1vl6', 'lcqxnrge']
184	['jhge9qy5', '53vvp3j5', 'jlnt1pdd', '19skljon', '5zaw2iot']
185	['hert77y1', 'd21lvneh', 'aakzdkcj', 'jz6o9gnb', 'ivy95jpw']
186	['8t5r7ts4', 'fofw6fmx', 'x5k4sk9s', 'q55l1chd', 'qpbcwf5w']
187	['wr9ko6l5', '8rp0v8yo', 'b9b6ww9q', 'ijp87jav', 'yiwq4uns']
188	['ba9uog5m', 'pwb7rw89', '2ehuuvnx', 'hia647nr', 'soz9p0yd']
189	['rpa2v44v', 'wb1apvn2', '2ccxiqea', 'f3dkdm7j', 'htlvpvz5']
190	['ny7wkswf', 'uxz185vr', 'n2rec4i8', 'oz047qmf', 'vgffg4c1']
191	['0cnjtxyq', '4mx9t5td', 'ygvg9jfe', '4ff2e17a', 'z86g8dzs']
192	['v3kzly7z', 'dfpmbtqk', 'c9fg1ni6', 'evf9nz05', 'j7ltjn4k']
193	['l9u3c1dg', 'k30wvnx8', 'nnp6sv19', 'o8nf7nd0', 'z2jtzsl6']
194	['qjqk8xge', 'x5btuxrq', 'ronhrs29', 'sxoo9p8e', '35vfjer8']
195	['6xc4j09c', 'z3ktkgyp', 'h35we3mn', '0zun27k4', '095g2l66']
196	['x7qlnugx', 'mpe2qs0h', '0ml57rhr', 'efm6zj9r', 'ho6qjkyr']
197	['cbhlzemx', 's0374olh', 'r4mgu6j7', 'hu2lg6i7', '90dvjv32']
198	['qh7biax3', 'lbkjxws4', '35nshnn2', 'wh3k3u28', 'rnfh9v1h']
199	['4haf8aaw', 'gy0kfhy6', '2146o727', '944pn0k9', '7mcfehzc']
200	['376x58k1', '8z7wo9kz', '4gj9d181', 'uoj3sclr', 'jwjualy2']
201	['3kjckx8o', 'x4zcpr02', 'phl4mmpt', 'b3m11ppy', 'd2xc1hew']
202	['amw2c96l', 'r7aqsyfl', 'rcb943w2', 'dkfohub3', 'rng65ofx']
203	['78d7vub4', '6a728le9', 'yn7e3do9', '02bk8vtk', 'i3jsvtwp']
204	['t3dzso36', 'ixhaq0az', 'nt1e70dv', 'et3c99w0', '7xnga86x']
205	['582ts5mf', '7hporv6w', 'bvzi49hy', 'xigbp7vh', 'bh8zshy9']
206	['2f7wqamp', 'knbngla3', '2rx84imv', 'atloc9th', '7bvwlis6']
207	['1t1sykok', '6ys3uogb', 'xlscrlc9', 'xegy9krj', 'lrqt2gcw']
208	['whloioyi', 'rh724opa', 'i513q4l4', 'ixvsemvw', 'o0m20894']
209	['utak6i4e', 'b0wy5zz4', '1fdnbq1f', 'u2kjft6q', 'ub7ilx98']
210	['evf9nz05', 'rr0v0ju1', 'vgffg4c1', '48ay8yl3', '7axo7k51']
211	['go0tueah', 'tu1vevx9', 'awn23o8y', 'mo4luyx6', '9rhydy8u']
212	['ot1uz6vc', 'wigakw9h', 'd4upbc3v', 'f4x16qyh', 'zi0cedd9']
213	['tgqcnfa0', 'p3cxk8gd', 'rdmmnnjd', 'tlfvjcy2', 'jm4dmnxz']
214	['37gpov43', 'rwevmwcr', 'c8sthkc6', 'k4ttbbix', '43eh69dx']
215	['0g3pro4v', 'j8d47de9', 'l6ksaaaj', '2iupb6gj', '0ml57rhr']
216	['p91dk324', 'hah9mrnh', 'b1s3ubm1', 'uw8oj434', '6pruwy09']
217	['svsib7yj', 'qw2ct68h', '6d5tp5hy', 'oqz6i77n', 'hay91kuq']
218	['20lcihf4', 'v0zxdkla', 'dkukwnov', '0r12f0h3', '7fociv5v']
219	['76aij6sx', '4yi9iup2', '3cnmj21f', '7wz030vg', 'yjsxen4d']
220	['1xycng32', 'df65w0lx', 'veeavho5', '8of3u2sc', 'fe456in0']
221	['g17lp8ch', '1zuhilmu', '56rn6d6o', 'wdvuweiq', '5b9jytph']
222	['fwbabb3a', 'toj6eqs2', 'agpuilt2', 'vnta2gic', '4mjrpjit']
223	['5a5a8ifz', 'obhm5mc5', 'm89wmmxd', '1l0vrbi0', 'uarsobci']
224	['ynaxwnlp', 'uru7bkr4', '56uzzrh8', '1z1tces3', 'fxwszm22']
225	['wdfzrzkt', 'foy3dsq4', 'bw6a5gmy', '24u6q3ae', 'f2gsqyv9']
226	['qlwergum', 'zq4ty9rw', 'hrqjrrzp', 'fmwb9abq', 'v8ujnrbi']
227	['hqkrer9m', 'y12veqre', '36flecmg', 'jisznsr3', '1vj9p7vm']
228	['uxz185vr', 'ny7wkswf', 'jrqlhjsm', 'i8jv5iqo', 'z514v0um']
229	['fkbup9qh', 'jcueu1xh', 'ssicvtv0', 'qgxaekae', 'kvcx11yo']
230	['ivy95jpw', '0qy6hcgp', 'hcw0cisk', 'd21lvneh', 'iu5ndsxn']
231	['upiu3e2d', 'fj6l76hq', 'iylmvmv3', '7zngkwoh', 'xpwv8xlv']
232	['egn81atf', '9wx4ltyd', 's4cfdgbv', 'tyrgtwo7', '77bq8tdy']
233	['vvuaegse', '9wn91fj2', 'cjmmwl2q', '2oi5km6u', '7vq9okcs']
234	['us518bwp', 'bpnqz1cn', 'dpt7sh4h', '4rzogopt', '99ln2zzs']
235	['u4doukk7', '3p8rdaoj', '6t92yhti', '0bjl60gl', '4sb1dt6j']
236	['5i0m18nt', 'cht8xf0x', 'h7f3bkc2', 'ofw7lnr5', 'ler0t9o0']
237	['eeev3k9x', 'ku59o299', '8i9xwogu', 'vadaxbsr', '8hz4go45']
238	['8ko7mmu3', 'nv1w6juh', '1vcc1khg', 'jjh1z5c6', '9qsqj91d']
239	['lz8b60ew', 'jc5ik84m', 'wizlpkrk', '1l10diya', 'l16a5nq7']
240	['2xzntu5c', 'jgbwd3ib', 'ix0xi5jb', 'j80mp0kn', '72ncfyc5']
241	['6sgeraws', 'erdcvj30', 'hia647nr', '4ttda53p', 'yfbg2n2u']
242	['dxrltm25', '8iqs6jko', 'mnjy6bq2', 'xtraspw2', 'xpwv8xlv']
243	['zj0yxy2z', 'nnxlzxdt', 'g7e1mcve', '0r12f0h3', 'kk7rlevl']
244	['xokujzbl', 'mzekhyu0', 'yk872yaz', '97msfh4l', '93y40vnp']
245	['x9veckdi', '0hhdwq68', 'n0uy6hd2', 'n9zqc1gm', 'ya18okpb']
246	['6rpm4phy', 'g8tckoxj', 'tloczjn5', 'su028g3j', 'pv7tgwcg']
247	['z86g8dzs', 'yrowv62k', 'u8mu4yga', 'w1bx4a7v', '8je46886']
248	['ivy95jpw', 'l97yi8l9', 'iu5ndsxn', '14alhxc3', 'roe6g61u']
249	['h98tts7e', 'o1xsjx2p', '53vvp3j5', 't9hbbqay', 'ihler8r0']
250	['est5jx7g', 'zp3efdn7', 'p3cxk8gd', '2kd89h12', 'b52pn8t9']
251	['mxg2q1vd', 'f5d8fazm', 'a54kdnxm', 'oeudi6lr', 'q23a5txz']
252	['osct0lj6', '7z7zxcm2', 'fbcu88lv', 'vs6ev73e', 'l4o7nicc']
253	['828s0mtz', 'r440fw19', 'hm1n8wz2', 'hygxwl2f', 'jdg8gsve']
254	['s6b2zp99', '7n6pva1l', 'm8xfza1d', 'tzp03hmr', '4gr6i8rf']
255	['wdfzrzkt', 'foy3dsq4', 'bw6a5gmy', '24u6q3ae', 'znswomwk']
256	['3rxsplrl', 'psrsed4b', '1fdnbq1f', '4iuxm6z2', 'ex6dyr77']
257	['19i9lknr', '73b58lcm', 'h2u5w4a8', 'jdg8gsve', '6ys3uogb']
258	['z2z0hu49', 'kayh0v56', 'wtxhbzr9', 'ai60maqz', 'agpuilt2']
259	['n1q1wr9s', '69wuny3p', 'nbdk83ok', 'whh34bjb', 'umg0ms2i']
260	['v1ei9im8', '88ivkkaw', 'zk831ou3', 'p196javw', '53zopedx']
261	['g4i4hkhz', 'ukrm4ow3', 'frx9hfxg', 'wubcq0xx', 'xmjj1s5s']
262	['mup5hr7e', '7aaiyppx', '4img2we6', 'u07jsjmf', 'qexarxjl']
263	['xtnyad3j', 'fe456in0', 'w0i3oy97', 'm6eotnko', 'w98847ai']
264	['td8uwcas', 'me08w1ir', '54fmvcl5', '6mzqk12f', '6zjzy0ft']
265	['qh7biax3', '0rrhiw9m', 'bf42staf', 'kd7s0mqd', 'poh3te9j']
266	['376x58k1', 'ml8j19l7', '4ifng0a6', '0z1gzsfh', '6qwj922f']
267	['f2ypnls4', 'cjfn4dna', 'xeb14weg', 'zfcc2n40', '4socpj73']
268	['0qy6hcgp', 'hcw0cisk', 'ivy95jpw', '0r580il2', 'roe6g61u']
269	['bnzb1yon', '6uli512b', 'fsid4a39', 'm79zl7ka', '9ss25ozo']
270	['ivy95jpw', 'nxu1xoax', 'qeqd4soe', 'fien6nra', 'roe6g61u']
271	['ef3warsh', 'y43prnko', '1vcc1khg', 'a0q61mpi', 'w3ls1d7w']
272	['b1w9ns78', 'nzy970he', 'wm6iem8d', '05g9172m', 'ok33bqqg']
273	['cn1yfjwp', '951nay25', 'sy8sloqo', 'fdkwklzj', 'dm0hdat2']
274	['qi1henyy', '9b6cepf4', '0imnd2q5', 'jjh1z5c6', '3h80bn0k']
275	['grccu4kh', 'lgflny84', '33znyrn8', 'i0swl50w', 'cr2cute3']
276	['nxu1xoax', 'roe6g61u', 'ivy95jpw', 'aakzdkcj', 'onlly1ga']
277	['o1xkgkn1', 'aakzdkcj', '1ov3eydq', '3m9yonqe', 'dqhdws5k']
278	['hn6clwoj', 'oud5ioks', 'uohbxoeb', 'u0jddsup', '675v58x8']
279	['roe6g61u', 'ivy95jpw', '0qy6hcgp', 'hcw0cisk', 'lm73oj21']
280	['lfo6otkc', 'x1uc10m5', '9f5i6crg', 'zjnry1ny', 'xutbbxpr']
281	['g4i4hkhz', 'wubcq0xx', '855atuue', 'in69fhw9', 'y8puocsa']
282	['geo7ac5i', 'tlr243il', 'roi3lta6', 'ra28885e', 'oeudi6lr']
283	['oc7koh6s', 'trqezzj5', 'wc6e0pxf', 'z33cg3nj', '69wuny3p']
284	['u2kjft6q', 'b0wy5zz4', 'd1p8zo23', 'g0wujywh', 'cwekmw1a']
285	['qa6za0yf', 'c00jgkpg', 'vxmamhkx', 'hp4hmooy', 'tx7ql71r']
286	['6274gicp', '6ajmuuld', '7iuls8x1', 'hapw6lv9', '9uxazk87']
287	['dx53hxej', '5gq0wqej', 'zpxnr9s9', 'idlk9itu', 'd3mdk2yt']
288	['mkgszhkk', 'uhkff67h', '844229sb', 'cg6v3yma', '30pl5tx3']
289	['lty6oq3d', '26kx1b0h', '8zufbeuz', '5aev7ltr', 'bv7hvc1e']
290	['t1vom8f3', '8xrccucr', 'y12veqre', 'e0pz0z4j', '36flecmg']
291	['bw6a5gmy', 'aqcllik0', 'yj25zkx6', '24u6q3ae', '914oafkn']
292	['pw51kd1r', '8d6vcqr3', 'y2ezdqhr', 'h7f3bkc2', 'snlukr6c']
293	['f3mvdpq1', '7pqy0ejn', 'e8az2cw3', '55gugbs8', 'ga1fks7l']
294	['toy8i1lm', 'ztwemu74', 'sjsaw6yv', 'wb601nx8', 'qh7biax3']
295	['hn6clwoj', 'zbi0llig', 'oud5ioks', 'oyr4klqk', 'uohbxoeb']
296	['t5sgguxr', 'k9erix1s', '2ierk83o', '73b58lcm', 'ci0hmkjk']
297	['55vu6b3u', 'v13kzr5y', 'yfoqy2id', 'cy0wy98u', 'dll2zv8s']
298	['uohbxoeb', 'hn6clwoj', 'zbi0llig', 'pa000mr8', 'a40yhtqk']
299	['po32j519', 'lvvw1npq', 'fbsrggog', '0cazn46i', 'cymppa7g']
300	['mnjy6bq2', '2rx84imv', '2f7wqamp', 'knbngla3', 'xtraspw2']
301	['y43prnko', '7zngkwoh', 'gin90aef', 'upiu3e2d', 'cnmawglq']
302	['4ij9t0t3', 'hqkrer9m', '8xrccucr', 'pzqmg22v', '3jnhboif']
303	['eflwztji', 'txnegebz', 'yztfkwkc', '5upb25gt', 'l0b99hye']
304	['urv9o2f1', 'lnxsblg3', 'bzzln9kc', 'xegy9krj', '5zhjn3u2']
305	['3vrg7zyc', 'jveh2w09', 'ijoyk390', 'i3jsvtwp', 'y89e2dju']
306	['qpzg8lam', 'lzwgyzdp', 'rjjc30lc', 'f18a3xiv', '45r6aieu']
307	['msut5gyc', 'jk5tczo0', 'iu2frsec', 'cnir3fx1', 'jn1w8h2p']
308	['mo7oq5t8', 'pa81t00f', 'mu2vqjnv', '8wzqgell', 'hbyxy4ln']
309	['yr27lnq8', '9ige2pwd', 'eyhtf6mv', 'b70zywkw', '2u5zxc2i']
310	['72s5lbz1', 'm45teajz', 'nfx86mkj', '0eftiyuw', 'khji80nm']
311	['405wbjmq', 'hcwuv519', 'dqlwamhq', 'fc86sjec', 'hl917s3u']
312	['r4j1rcm5', '34eot3zh', '8hkxbxz9', 'bu59aji5', 'm39qdgey']
313	['glpca9u0', 'f3mvdpq1', '7pqy0ejn', 'td8uwcas', 'me08w1ir']
314	['si5mxgrk', 'ez1l3m4o', 'b8c309hj', '6ys3uogb', 'v4ubd1l6']
315	['ruewzstg', '7wu8bfo4', 'aceu86at', 'sr9qxnu2', 'cj3cpn5j']
316	['2e2s1gof', 'xneu8glk', '40ej9jg7', '0pcgcbjw', 'z3ock8ar']
317	['eztw9tx6', 'rlpzejjt', 'ksjkypzx', '4hmecfi0', 'p1ayih2z']
318	['aceu86at', 'lai0otkm', '929rrh59', '0d6sa9pe', 'myqli11j']
319	['vzdu9jwn', '6wsa54w2', '6gqxf34l', 't3qn61pn', 'c0c60pyi']
320	['tf5a48i2', '3lzm42wq', 'spohl5ey', '6gj02k04', 'pmd78j61']
321	['bdb9g77g', '8s7ixxvk', 'znswomwk', '5ojyly05', 'j7iis8h2']
322	['svi7syld', '86gqxajw', 'fqk8rmiy', 'pbhvq1nh', '7s79900j']
323	['ftq6ed38', '3jn7tdaj', '4vkkaqhz', 'bx7vz0r7', '6crputzl']
324	['5kz2s7ag', 'eomtjrgc', '45qyz490', 'j7ltjn4k', 'e56ivoz7']
325	['0y2kq6zg', '10v7kfcd', 'umttnp1g', '0nhgxoim', 'e3dh0huv']
326	['dsfbmhbj', '7hporv6w', 'ftq6ed38', 'pi77smba', 'o9me37ri']
327	['8qdcls1k', 'hgcsfxwo', 'zrjvpoq0', 'dkn85i8r', '0zjpvzof']
328	['nsflghc5', 'ylqpkosd', '6gcahsgs', 'vgmzb03s', 'zsra2yz3']
329	['mgtxchud', 'ihq8gdwj', '56zhxd6e', 'awzozt7u', 't024w7h6']
330	['3iz0ozpx', '3p2cuxk0', 'o0m20894', 'zhg1hvsq', 'zli3t1wx']
331	['gkf3wez8', '3xvphg52', '10dkpj5h', 'h1wycwxc', 'v13kzr5y']
332	['oud5ioks', 'hn6clwoj', 'uohbxoeb', 'zbi0llig', 'd6a6nagk']
333	['hqod7v2l', '4jjhc5zo', '1ktrjzha', '93b2ivio', '5haoocjx']
334	['f3mvdpq1', '55gugbs8', '929rrh59', '53vvp3j5', 'byw8jsqv']
335	['iuy5a0bk', 'fz8ohqcb', '4gj7qdtw', 'i6zofi4g', '7clr6hbf']
336	['g17lp8ch', 'nom4z0tv', 'usyduiti', '8ko7mmu3', '7ruoysxu']
337	['0r580il2', '0qy6hcgp', 'ivy95jpw', 'hcw0cisk', 'd21lvneh']
338	['ocguwlam', 'u1s6ciy4', '4wbkis5w', '1jpwtd4t', 'e2rtzymt']
339	['yrowv62k', 'w1bx4a7v', '1s8jzzwg', '9qsqj91d', 'z86g8dzs']
340	['doi8buyw', 'q04yqjfe', '5ckds66x', 'efox6z5q', 't019zx7q']
341	['m26sn2qg', '9169o29b', 'jgq968f6', 'pscw933i', 'u999bx7a']
342	['djev6er7', 'f60z8jo2', 'jpby8m6r', 'tloczjn5', 'su028g3j']
343	['4iuxm6z2', '1pemhh4n', '11xjl53c', '1uabldiq', 'qqbe2bop']
344	['d60chk12', 'puu8wib8', 'vkbsxz7r', '37hn7u3f', '1r2uvoqf']
345	['uaccs7k9', 'b9jcuwu5', '18b6ikq3', 'wubcq0xx', 'c3a85ld0']
346	['6sgeraws', 'vxavox24', 'erdcvj30', 'j23pvlj9', 'yr27lnq8']
347	['lcl9jn35', '8ljnxihr', 'ooy5nf1d', 'psghawl0', '387spphe']
348	['bw6a5gmy', 'ngywgodg', '0iqdqcp6', '24u6q3ae', '05djnz4p']
349	['24u6q3ae', 'bw6a5gmy', 'edz3up3a', 'znswomwk', 'imheos0p']
350	['emg87q94', 'kk47kxwf', 'xuiswu2l', 'gy0kfhy6', 'x9sfgtim']
351	['h1mo3bs8', 'boew323c', 'ag6lu4em', 'zouscolw', 'ra28885e']
352	['ivy95jpw', 'd21lvneh', '407va85q', 'aakzdkcj', 'roe6g61u']
353	['sm0112e3', 'u31ixcwa', '16ff3c7m', '2qwk2z22', 'wmpjfc02']
354	['ximw03ej', 'u8mu4yga', 'xtmn1n0r', 'rpwmcqbg', 'w1bx4a7v']
355	['uzc6r1jr', 'lnnsxwk2', 'tl16qf33', 'zdlbsuys', 'sc6crkkw']
356	['u20e82de', '3sqy16rs', 'v72mveyu', 'eipscagh', 'gkf3wez8']
357	['wg18wior', '8m59whf9', 'asdcpvhx', 'fbsrggog', 'ynaxwnlp']
358	['8qdcls1k', 'g4i4hkhz', 'uhtwkkk3', '0zjpvzof', 'v5yny0dw']
359	['f3swmk24', 'ys7vovie', 'n5bqf6rj', 'f80cfjrn', 'dztaijzu']
360	['y04dub8o', 'kutc6ts0', 'lq1qndxg', '38paoyuc', '35nshnn2']
361	['fbsrggog', 'gi3vfi68', 'cymppa7g', 'ovgk0wsn', 'bk3ss63e']
362	['pq6c0zia', 'nhy1ofwa', 'y3c478hf', 'hn8pmcto', 'hcuxj2k7']
363	['1smu8yc3', 'g0cgjlok', 'n2ih64pz', 'zr4pw0e7', 'xli7wyg4']
364	['8xrccucr', 'y12veqre', 'e0pz0z4j', 'isxasd9b', '9ige2pwd']
365	['ck338ifc', 'rnfh9v1h', 'lbkjxws4', 'kfbrar54', 'mlrq0rjf']
366	['z86g8dzs', 'cd5m77rd', '4mx9t5td', '8je46886', 'sxi0tpsf']
367	['iy8pp5ey', 't9hbbqay', 'wuojo19n', 'y6jrt5xh', 'd3fpqczo']
368	['x44oc1k6', 'tx2krngu', 'ra28885e', 'geo7ac5i', 'pi9ndj9p']
369	['oud5ioks', 'uohbxoeb', 'oyr4klqk', 'hn6clwoj', 'zdfx3zo3']
370	['twlupt3x', '5ngmdwgb', '77bq8tdy', 'br0hhzmn', 'tyrgtwo7']
371	['o47v5vgw', 'tl16qf33', 'o877uul1', 'x1uc10m5', 'mw0wb8a8']
372	['ajwhnmli', 'zwil22bs', 'ml8j19l7', 'awzozt7u', '6qwj922f']
373	['1r9975o8', 'rhbqgjnm', 'z86g8dzs', 'xtraspw2', '2rx84imv']
374	['jkm496ip', '1d8sb9rw', 'i2ul4xr8', '5331c0c8', '2kt35rqn']
375	['8rgpr2lo', '0vwspd6l', 'smezcos0', 'v9fz02es', 'qwgufqcs']
376	['76aij6sx', '7wz030vg', '4qp083h4', 'h8tv2u77', 'pq0t6x88']
377	['ipsjsf0y', 'td3drkgw', 'v10454ns', '75rhjcz5', 'l4zku2e9']
378	['k8vjv3zy', 'vjtwipu9', 'xjl11qzh', 'auy3c2e0', 'lgmdpxcl']
379	['6ys3uogb', 'xlscrlc9', '1t1sykok', 'lrqt2gcw', 'q54el8tf']
380	['deas7kr0', 'dh3zqjbz', 'z13if6qx', 'brt7cr1z', 'cvxni7cd']
381	['r5fdn7uz', 'rlpzejjt', '21lbbcxy', 's6sp3rme', '33wpjnko']
382	['niw61l9r', 'x7qlnugx', '0ml57rhr', 'efm6zj9r', 'mpe2qs0h']
383	['b31ctbat', 'hcooar1n', 'ne816kr4', '74070a3z', 'uuy94dwa']
384	['atwx0a2s', 'db8fl9d2', '3ttyxjgi', 'wzqdo1st', 'tra5ewc5']
385	['06fhiu9q', 'ldqy66uh', '8d0p6qpc', 'slzh6uay', 'c2pxokv4']
386	['glyoiu93', 'kxx3szjq', 'vw8a1994', '8pislcjr', 'oeudi6lr']
387	['q41elfwt', '4bta1y3u', '4ercv3oy', 'w5rk8luy', 'jdo7afuh']
388	['vndj6f7w', '3jn7tdaj', 'v8m7cszi', '0n51j2jo', 'r2hovw0y']
389	['t3dzso36', 'nt1e70dv', '7xnga86x', '53t1mhnb', 'toy8i1lm']
390	['1ef8ac5c', 'wjktna81', 'fq5nayxt', 'eoumpu50', 'u6rt6zd4']
391	['l72grjbg', 'jlnt1pdd', '3rxsplrl', 'mldwnz43', 'psaq958v']
392	['93b2ivio', '35meen0h', 'o29hjkca', 'nqahx56j', 'reigmh19']
393	['ql9cfh1j', 'cn0hqvsz', 'r4btmprw', 'x7qlnugx', '0ml57rhr']
394	['9iz8papc', '28fu4ptm', 'qe8mxow7', 'ktv6fk7q', 'deas7kr0']
395	['5xki1ulf', 'j884ppwq', 'v9fz02es', 'h1wycwxc', '4aps0kvp']
396	['qkg8fwbp', 'n040i865', '11os51qg', '5nue46dm', 'ujq9mxk7']
397	['x9sfgtim', 'ropgq7tr', '1vcc1khg', '8ko7mmu3', '7ruoysxu']
398	['hpbcwiwf', '3nxmw97e', 'm6eotnko', 'd3fpqczo', '6wb18u6w']
399	['ukrm4ow3', 'q3db7v16', 'w9zyshzb', '7yocj24n', 'wubcq0xx']
400	['iayyox4r', '7objlrqa', '4vtad2ve', 'deas7kr0', 'daj5g788']
401	['5f95gve3', 'qci7khki', '8ruux4sw', '8cvjsisw', 'spfc0fc0']
402	['tv014ubp', 'l5nncxqo', 'a3fvifax', '6bwd99d9', 'c4m63cr3']
403	['hsimf7wt', 'awh8y9j8', 'ie61xbks', 'a9lw6vrs', 'paczkqnw']
404	['bgsbbszf', 'jyxrk9bz', 'l9lj98b1', '24t0lunz', 'yk872yaz']
405	['vqswp96l', 'prn7t499', 'ec3pmvih', '7lli72ph', 'rmyy6fni']
406	['z86g8dzs', '0cnjtxyq', 'yrowv62k', '8je46886', 'pdfl15fz']
407	['mkgszhkk', 'zue5hnal', '1vcc1khg', 'w1bx4a7v', '3h80bn0k']
408	['jo38hjqa', 'm8yyntls', '38d140wp', 'jkn78jo8', 'zueghgx5']
409	['ny7wkswf', 'uxz185vr', 'bqn29m9k', 'jrqlhjsm', 'styavbvi']
410	['wgfdd3lm', 'a4klrp3h', '9k4pwc2h', 'a451243b', '8i1u1a9t']
411	['5t4twnpm', 'dccymlie', 'eu2vjpw9', 'iff8cuum', '7xb7hj9u']
412	['j3avpu1y', '6r1hy34r', 'pq75mafr', 'e85xdrcw', 's0w95qdn']
413	['mkgszhkk', '30pl5tx3', '844229sb', '8ko7mmu3', 'w1bx4a7v']
414	['tij7lakb', '089b1z4b', 'xochpgld', '1nqbqmum', '8p0xdqba']
415	['1ujphwmi', 'uef0bbh7', 'sb5ce0g3', 'koybwabx', 'xua4f77e']
416	['3rxsplrl', 'usyduiti', '8ko7mmu3', '9qsqj91d', '1s8jzzwg']
417	['ukca8cqw', 'hnx213kp', 'r07mv2ka', '91nj68tn', '9mact9br']
418	['yosjlefy', '0phf73r6', 'edr7hrhp', 'mgtxchud', '8g2mr8o1']
419	['geo7ac5i', 'tlr243il', 'roi3lta6', '58r5wcwd', 'oeudi6lr']
420	['i9leac6w', 'pa000mr8', '747lx5c2', 'iicbaevw', 't5sgguxr']
421	['cr2cute3', '9nyfz7s2', 'vszrekp9', '33znyrn8', '2p3l08n7']
422	['nsflghc5', 'ylqpkosd', '2e2s1gof', 'r4dgrxel', 'y43prnko']
423	['lfk6e8hy', '9gw8z8zm', 'o71p89nb', 'bqy5eo3p', 'jl8d9z43']
424	['40fvjskj', 'tbio295u', 'z1uz0awb', 'gof2of9o', 'llqpfhwg']
425	['myqli11j', '7z7zxcm2', 'oo6ba081', 'jo38hjqa', 'mt8h4rk5']
426	['9a27s0zn', 'vwgvlqml', 'oeudi6lr', 'sf073cmj', 'ra28885e']
427	['hltkddac', 'kp4j9snc', 'lcqxrcji', '2mtuw7gb', 'qjfe2t9v']
428	['pfvf8ujb', 'dz6nv7h1', 'mmr04tsm', 'yjm6asp5', '582ts5mf']
429	['9phgag8q', '1a2jptg3', '0eftiyuw', 'adusu6pm', '660gckc7']
430	['ypt4kt78', 'elycje9y', '582ts5mf', 'dng3ef3x', '1t1sykok']
431	['d21lvneh', 'aakzdkcj', 'onlly1ga', '1l4o9pko', 'zqzs6vtf']
432	['bgn6zrer', 'gr14udp8', 'u8ptvem7', '1pg77f6t', 'a27vtdb6']
433	['rjelshrp', 'uk0hlynp', 'd60chk12', 'lf9i6x2i', '6entp07f']
434	['m4vu77v6', 'fsid4a39', 'ktymj1no', 'dfhxcqr8', 'ksgdjdh1']
435	['9qklnvyl', 'l80ptciw', 'gxvaric3', 'fd4aag2t', 'xiaj8ofb']
436	['z86g8dzs', '8je46886', '4mx9t5td', 'cd5m77rd', 'w1bx4a7v']
437	['a0q61mpi', 'mkgszhkk', 'rpwmcqbg', 'ximw03ej', '9qsqj91d']
438	['g5sw7t8x', '1fdnbq1f', 'wqqt6jvk', 'opi0t83z', 'ty41xob0']
439	['fk16k9ts', 'xkmy79p9', 'a3lk2q02', 'jcueu1xh', '9nostuqg']
440	['d1w8xqvo', 'oyr4klqk', 'zjujs11q', 'dbwew1op', 'a40yhtqk']
441	['o9mq3auf', '8drlvdkp', 'u6bgywat', '929rrh59', 'tl39u0h9']
442	['4p6fcy8f', 'jgq968f6', '9169o29b', 'm26sn2qg', 's2hp3sat']
443	['apfimvix', 'gi21di4d', '1j4w2hyp', '4vuucmfd', 'c187k4yc']
444	['dccymlie', '6pn9jwfn', 'li8kvzdh', '121p2shq', 'eu2vjpw9']
445	['mp1z0269', '296ilxyg', '1mx3jrup', '4hmecfi0', '7wz030vg']
446	['35nshnn2', '5zaw2iot', 'qh7biax3', 'wh3k3u28', '3w5ouagx']
447	['urv9o2f1', 'wehqqbjx', 'oi8epg9m', 'lnxsblg3', 'gbgcfa2o']
448	['6a728le9', 'ge8o93rh', 'ilnudz0g', 'qbj8n8h6', 'yn7e3do9']
449	['z22g03v4', 'wmpjfc02', 'hqkrer9m', 'h13dq0x4', 'th64ca79']
450	['wl4n02rf', 'yj652emy', 'vrrlub35', 's3o9v1fl', 'dfhxcqr8']
451	['x7qlnugx', 'jaamms1g', 'ok9o9tta', 'vgffg4c1', 'ho6qjkyr']
452	['a0q61mpi', 'mkgszhkk', 'z86g8dzs', 'ftq6ed38', 'lkb09vs8']
453	['121p2shq', 'li8kvzdh', 'pjh2lr22', 'c5be70t6', '6hl6rtsh']
454	['2qcuygax', 'awh8y9j8', 'jgcv1wf3', 'hnx43l5c', '0u4nmrq4']
455	['5i0m18nt', 'utxzc0x5', 'l07q84ni', '5q7fmrqo', 'icse3cz8']
456	['b0wy5zz4', '4mblzyxk', 'uoa7ug6f', 'ko42qlzr', 'hxpqexi1']
457	['x4zuv4jo', 'uc316ncl', '8zufbeuz', 'bv7hvc1e', 'lty6oq3d']
458	['w45ih46q', '3qgwoblb', 'g266ttng', 'z8ajje2l', 'y5a9xtr5']
459	['d4upbc3v', 'vj5ahoi2', 'ckorpogz', 'tyqeguyf', '2ax0z8r6']
460	['b80todl7', 'duwr9b5b', 'c9o7kbv5', 'xk6rp4e7', 'z9csj1bh']
461	['ftq6ed38', '3jn7tdaj', '47d0wl98', '7ru6tapp', 'r9di7ndv']
462	['t3b2adct', '9rczqcaz', '38paoyuc', 'lg6qorv0', 'gihjcu73']
463	['svi7syld', 'sxi0tpsf', '7s79900j', 'pm3ck1gk', 'fq9g84wc']
464	['g4i4hkhz', 'hqkrer9m', 'pruyy200', 'y7lrp0gc', '3ls0po4k']
465	['tij7lakb', '089b1z4b', '8p0xdqba', 'x0kcrmol', 'urj0nssb']
466	['ivy95jpw', 'roe6g61u', 'nxu1xoax', 'iu5ndsxn', 'rh2jrojk']
467	['td8uwcas', 'me08w1ir', 'tadojzoj', '54fmvcl5', '6zjzy0ft']
468	['ledopkwj', 'l346qqwp', '8tqm4k6k', 'u6tbu9jf', 'ewf1z1ee']
469	['j4hnitqx', '3bbiyucq', 'f15foaf2', 's1qnjgev', '6entp07f']
470	['ivy95jpw', 'd21lvneh', 'roe6g61u', 'nxu1xoax', '407va85q']
471	['4p6fcy8f', 'od5nnxvg', '0emibwp3', 'h6dsjkvz', 'aawjla6h']
472	['9169o29b', '4p6fcy8f', 's2hp3sat', 'z807g8i5', '0emibwp3']
473	['jmzjfwxi', 'df5n5v09', '8brfph9v', 'g8qn8mba', '0bjl60gl']
474	['qkg8fwbp', '8bihly91', 'ax87r0bj', 's9lkvzpo', '3xw4qjoy']
475	['qyj6y9jc', 'hh7lccet', '7wu8bfo4', 'cr1rvy8u', 'oo6ba081']
476	['57z0g4mq', '2t1zzigc', '94lc85q5', 'q4jjtw63', 'wbso4fci']
477	['hhq50mrc', 'li8kvzdh', 'x0cs571f', '6hl6rtsh', '6pn9jwfn']
478	['si5mxgrk', 'mom4y7cl', 'v4ubd1l6', 'ez1l3m4o', 'b8c309hj']
479	['3wg6flz0', 'ajlpb9li', 'xld7ztx5', 'j8d47de9', 'p7cbnrji']
480	['f2zgrgva', '104lecie', '31idktk7', 'quhnesbr', '8cvjsisw']
481	['n3yuvf8v', 'd7024aia', 'iw3wv973', 'r66vfirw', 'qlwergum']
482	['znswomwk', 'kr4sr1ae', 'q7vv128t', 'xnxn506o', 'r2cx0nmw']
483	['lgflny84', 'ijoyk390', '3vrg7zyc', '6ir39t8h', 'i3jsvtwp']
484	['7a7oi5dt', 'ga5z3via', 'mldwnz43', '1vd4j3qc', 'urv9o2f1']
485	['k30wvnx8', 'dc8z4jzo', 'nfem3htm', 'fff0swre', '723l0buc']
486	['ewf1z1ee', 'oywhabcd', '1wcfrvnd', 'l346qqwp', 'ledopkwj']
487	['4a7fzrxg', 'wda18u55', 'y5vucvev', 'd0tg9i90', 'pvn2qq0f']
488	['bw6a5gmy', '24u6q3ae', 'ngywgodg', 'r2cx0nmw', '05djnz4p']
489	['mo23hpe1', '8o2xddof', 'fub50lvt', '0r580il2', '407va85q']
490	['72jwlfqr', 'lxdcelk1', 'mmr04tsm', 'pofysmv8', '0i12e4tn']
491	['9195zweg', '8so80bf9', '8p81kc9z', 'njivwikk', 'n2wqalcu']
492	['je585xia', 'be4afbyo', 'kek9i9zd', 'khymg0zr', 'gqwwfpch']
493	['yu2qzp18', 'cd7cfpx3', '2l83gyx5', '9svrz0vj', '4haf8aaw']
494	['c5be70t6', '6hl6rtsh', 'e5y8pp5b', '59u9ezr2', '2scp98u0']
495	['wubcq0xx', 'tljydrnu', 'ogchq8gz', '353wr671', 'hunepli1']
496	['kt47i60w', '1j4w2hyp', '5nr3j1ew', 'u7ligk1k', '5iudn4kq']
497	['vxavox24', 'j23pvlj9', '6sgeraws', 'wtdzad90', 'gfb11r1i']
498	['yaedocvp', 'b9vm3x3w', '9ok153yl', '5ojyly05', '7a7oi5dt']
499	['x88qugn9', 'm4hwwhux', 'ow1n47ui', 'c3wkwn0u', 'opda8pjy']
500	['thko9six', 'gd19rkm2', 'sb5ce0g3', 'fasjkg7r', '1ujphwmi']
501	['gfb11r1i', 'z8ajje2l', 'g266ttng', 'w45ih46q', 'y5a9xtr5']
502	['7wz030vg', '76aij6sx', 'pj7no3fe', 'pbb9nrba', 'ml8arkpd']
503	['hqkrer9m', 'y12veqre', 'fcdwitxy', 'pzqmg22v', 'et1ekgdl']
504	['d4eae8g3', 'ogrlupbx', 'cvkdpnn3', 'sz5fr79q', 'tyqeguyf']
505	['0gier0lu', 'aq2iz9tq', 'utgnwox8', '70m9l3y0', 'dwcu6vyp']
506	['u8mu4yga', 'z86g8dzs', 'w1bx4a7v', 'zl4ixyg1', 'f96qs295']
507	['7g7sgabs', 'vsphu6ih', '4xs9avr0', 'o78vcy90', '9ui0t9tf']
508	['rb20ge7e', 'nt1e70dv', 'xee6npr3', 'kyt14ufu', 'wubcq0xx']
509	['g8tckoxj', 'tloczjn5', 'su028g3j', 'djev6er7', '85jx7i06']
510	['z514v0um', 'ok9o9tta', 'ny7wkswf', 'efm6zj9r', 'mpe2qs0h']
511	['7hporv6w', 'bh8zshy9', '582ts5mf', 'xigbp7vh', 'bvzi49hy']
512	['oud5ioks', 'hn6clwoj', 'uohbxoeb', 'oyr4klqk', 'p6uliadr']
513	['uaccs7k9', 'mzekhyu0', 't13pehgc', '18b6ikq3', 'vpoqfm7d']
514	['so6irh9b', 'lclxe7i9', 'tk0iwpnb', 'wt5qxe0j', '12yshnt5']
515	['lfqi7jsa', 'pa81t00f', 'mo7oq5t8', 'a3efmczu', 'tpswy2g5']
516	['sjkni2uc', 'iucrorzh', 'wm6iem8d', '3oetrhdh', 'vda9s8lj']
517	['zew4tzy7', '4dsq1dds', '8r8586br', 'xsqgrd5l', 'zv8xt1dd']
518	['aakzdkcj', 'fien6nra', 'onlly1ga', 'd21lvneh', 'zqzs6vtf']
519	['9mmdtgc2', 'oqz6i77n', 'gha1wg4w', 'v4pkwd44', '1hlqov6m']
520	['ivy95jpw', 'roe6g61u', '0qy6hcgp', 'iu5ndsxn', '0r580il2']
521	['wdj7o7kn', 'o7ava60q', 'ohkweon9', 'ogsj01s1', 'tg00bqhf']
522	['ftq6ed38', 'lkb09vs8', '3jn7tdaj', 'r5iu5nr1', 'vprj63y2']
523	['toy8i1lm', 'ztwemu74', 'sjsaw6yv', 'wb601nx8', 'o86wki37']
524	['y8i60bm3', 'g6kag5ij', 'lafh3w44', 'cbp4o6ou', 'y9urkfnt']
525	['ifovibzi', 'zv351n3d', 'g15tvzn4', '0o3wjvpx', 'zu07vbc4']
526	['6qwj922f', 'jk0ju2eb', 'e9ba18fn', '87v7i620', 't9hbbqay']
527	['8je46886', 'xtraspw2', 'z86g8dzs', '9pb2eqoa', 'w0ebmg16']
528	['9mact9br', 'hnx213kp', 'i9jrobdb', '4mat0psy', 'jjgfgqwg']
529	['9169o29b', 'e0pbs354', 'm26sn2qg', '4p6fcy8f', 'z807g8i5']
530	['j67qgjbj', '7momt81r', '582h1w0h', 'b9evh1l2', '2vs7geu6']
531	['z86g8dzs', '9qsqj91d', 'w1bx4a7v', 'gb1sk22m', '4mx9t5td']
532	['pfvf8ujb', 'wun5rwsk', '0m76qrz8', 'kt1az1pf', 'gckr8h1m']
533	['ocguwlam', 'u1s6ciy4', '4wbkis5w', 'plwoof39', 'and9sood']
534	['lpoxaetv', 'sok0cyd3', 'ach2lhhe', 'opckeugf', '8acldtv2']
535	['zjur5j95', 'fe72aj3a', 'j2oo4hoo', 'fsid4a39', 'f257q7ku']
536	['li8kvzdh', '6pn9jwfn', 't7a9edv3', '6hl6rtsh', 'yn2aylru']
537	['jo38hjqa', 'pvshw2pn', 'oa09sm44', 'k8vjv3zy', '34j9n40u']
538	['tmonjdrp', 'ueb7mjnv', '9jqafpkp', '45r6aieu', 'b4hl6fnw']
539	['gorp9n1g', 'utgnwox8', 'kc6dls2z', 'dwcu6vyp', 'zmk8bbcd']
540	['5dbuxvc4', 'q4m2uj6r', 'car394ou', 'z8ajje2l', 'p6uliadr']
541	['1vd4j3qc', 'nosh8awp', 'taz8f384', 'cabmmgg6', 'kgggepu0']
542	['3u3i5myh', 'eywnnzxe', 'z6cdyy0w', '53vvp3j5', '52jtd51o']
543	['0aqww7cz', 'pdd5wepz', 'idlmau69', 'lxdcelk1', 'ah8mzt1g']
544	['oyplh9cn', 'tgrh7ap4', '0ml57rhr', '1y79i676', 'ho6qjkyr']
545	['9wx4ltyd', 's4cfdgbv', '1gbq9j88', 't4custhp', '49jkx2hc']
546	['kdxoyvsv', 'ydh4ve24', 'ztxfa5b8', 'uyo1rpx6', 'v7szuzfa']
547	['hfaiddki', '5xk20hs5', 'soz9p0yd', 'hsm75cww', '2jdlavwj']
548	['gcsew8u3', 'amtk0s0v', '4yi9iup2', 'bla8a6uw', 'wku1sd9k']
549	['zu5mg2im', 'm847xdzk', 'ucysxk5c', '8zm7n7j9', 'iz74o9de']
550	['hhen3xjx', '0m76qrz8', 'kt1az1pf', 'c1k9ubbk', 'wun5rwsk']
551	['um4v5qr3', 'n7oankiq', 'jm4dmnxz', 'p3cxk8gd', 'est5jx7g']
552	['5d7erbr4', 'rzahax88', 'q4q06pzc', 'o8aosx2q', 'h0iynw2w']
553	['deezca5z', 'vs730te0', '5ifrkb75', 's1jrb2tn', 'k6cumncp']
554	['h5xvrtfy', '657acgl4', 'y42gcbj0', 'n6lwnct5', 't9e774ed']
555	['vvx3zukm', '8dbjycgt', '1lz5xobh', 'vgffg4c1', '4ehxnzc7']
556	['uto9q6s2', 'qlwergum', 'hmjaz4kc', 'mo7oq5t8', '6ys3uogb']
557	['p7foay4k', 'iz74o9de', 'fcdwitxy', 'hnj1jqr1', 'n5ogyxz7']
558	['8f83k2ce', 'hqkrer9m', 'h13dq0x4', 'sdij1d90', '0lk8eujq']
559	['uaccs7k9', 'ebgu29uh', 'hp62t734', 'dkn85i8r', 'c3a85ld0']
560	['87v7i620', '3ttyxjgi', 'wzqdo1st', 'k8wb51i7', '9jfclm9c']
561	['ywi0a8s1', 'l07q84ni', 'jo724gaw', 'wkl3jyzn', 'bshcsfxr']
562	['abmrgpbm', 'grx4gx95', 'y1uk8yfa', 'c5fn8t7f', '8xrccucr']
563	['ivy95jpw', '0qy6hcgp', 'hcw0cisk', 'roe6g61u', 'd21lvneh']
564	['9eu792zu', 'e8fhlo37', 'dohy9i21', 'cplyj4dm', '9g547s2n']
565	['ny7wkswf', 'bggera4e', '77t3216a', 'uxz185vr', 'tdwkxwod']
566	['10lun7te', 'lae18d0l', 'gkf3wez8', 'vrzl7h45', '42wh36ge']
567	['9mmdtgc2', '1fdnbq1f', 'ruewzstg', 'li5cw8xx', 'oqz6i77n']
568	['1nk1t5qs', 'o8aosx2q', '6fmc5mbs', 'cd7cfpx3', 'ogdqq3dl']
569	['5lzixulv', 'rl5g8iqm', 'gbpfypmn', '1lzimff2', '8pdlynuo']
570	['em2uatlm', '45r6aieu', 'f5twvg9g', 'iu4p5k0w', '8ko7mmu3']
571	['ufzjvdho', 'jo489zm2', 'yj25zkx6', 'aqcllik0', '05djnz4p']
572	['h1wycwxc', '1k1fhb1s', '1r9975o8', '3rat1lsp', 'n5bqf6rj']
573	['3p31ei4k', 'sskqco38', 'njivwikk', 'kfjgy6wl', '45qyz490']
574	['6pn9jwfn', 'li8kvzdh', 'pjh2lr22', '121p2shq', '59u9ezr2']
575	['be4afbyo', 'je585xia', 'oywhabcd', 's19w1p2i', '4p6fcy8f']
576	['jfvq2gfx', '1j4w2hyp', 'fh0zym9r', 'f6li7qil', 'z1y1zgo8']
577	['c5be70t6', 'pjh2lr22', 'lzgwxshi', '59u9ezr2', '10v7kfcd']
578	['yqx0xqz9', 'cutwvq3b', 'm79zl7ka', '7e0x1525', '9ixpj162']
579	['sygm6irl', 'dqhdws5k', 'trmwm9qq', '2l883zhe', '9aw78s63']
580	['tzp03hmr', 's6b2zp99', '4gr6i8rf', 'm8xfza1d', '73oe5as9']
581	['q1yn89cq', '7fapl71l', '64qt0w2a', 'yu7h0es1', 'bhjwd01o']
582	['s0374olh', 'cbhlzemx', 'hu2lg6i7', 'mg9kypvn', '90dvjv32']
583	['k3vs6vhz', 'n2pd1rck', 'jlrzu0wl', '6wsa54w2', '39dqjlly']
584	['dlwwcryb', 'h73m17lw', 'e9ba18fn', 'k9erix1s', 'nrhk8ctf']
585	['1wui9gwa', 'z8ajje2l', '1iago9rr', '7wu8bfo4', '3u3i5myh']
586	['xzy98hm3', 'qub1i1bl', 'mzekhyu0', 'y9kkl2lf', 'uaccs7k9']
587	['dc8z4jzo', 'k30wvnx8', '1itor6ic', 'u42d1p1j', 'upf0ecx7']
588	['x7ybnese', '5b7vutw9', 'bo6kbb6k', 'km2uxj9p', 'nvebqwwh']
589	['0qy6hcgp', 'hcw0cisk', 'roe6g61u', 'jz6o9gnb', 'ivy95jpw']
590	['z86g8dzs', 'u8mu4yga', 'fj6l76hq', 'yrowv62k', 'ropgq7tr']
591	['dc8z4jzo', 'k30wvnx8', 'l4zku2e9', 'kgt61kcu', 'md0drb25']
592	['4ylmj9ub', 'jkm496ip', 'trpy9bbq', 'dlpgq0rm', 'mo4luyx6']
593	['t006jnl5', 'wt6bp8os', '1lz5xobh', '4ehxnzc7', 'xthxesgk']
594	['25aj8rj5', '49ejyfie', 'dikrttn6', '2jdlavwj', '5xk20hs5']
595	['5iudn4kq', '1j4w2hyp', '6zjzy0ft', 'fa05sovj', '5nr3j1ew']
596	['sr9qxnu2', 'di4p48ax', 'ruewzstg', '3u3i5myh', '7a543f7v']
597	['wq92nfnd', 'opjfy3xr', '1s8jzzwg', 'w1bx4a7v', 'f96qs295']
598	['g8qn8mba', 'tdwkxwod', 'bggera4e', '2h53dfg2', 'ozmgm5bx']
599	['vwh0roww', 'jkm496ip', '6b6v39uy', 'fyyibj9j', 'bkm8k9ud']
600	['11xjl53c', 'rytalfyx', 'kr4sr1ae', 'xre1l41y', 'awfgfmx1']
601	['vf1vku8s', 'ghl2a25n', 'aawjla6h', 'pc2cnhjd', '607lsqlg']
602	['ipon95io', 'fatm351r', 'eebsywlz', '0bczgiyy', 'ycklcks9']
603	['o0m20894', 'z77wg8j9', 'dljqpvyk', 'q4zuslmp', 'h61b3bsm']
604	['y7lrp0gc', 'lgnhlxgd', 're8fstqw', 'dgnddq80', 'hvp47bm2']
605	['y7lrp0gc', '0lk8eujq', 'kjf63oug', 'hvp47bm2', 'wmpjfc02']
606	['lav0kp21', 'tcby6780', 'lhbk4902', 'o9me37ri', 'xpwv8xlv']
607	['gtwg0m54', '0clp6zt6', '5z0xwlxp', 'wzqdo1st', 'yrowv62k']
608	['di4p48ax', '25jq098w', 'irhizn0b', 'u5nxm9tu', 'z4cq9klm']
609	['hitaptnp', 'wg18wior', '3r418rss', 'rhgl6vss', '73i7h1wi']
610	['ovgk0wsn', '69afkw7x', 'i5j4nmjz', 'uru7bkr4', 'v5vwypya']
611	['f6vau5s6', 'd3fpqczo', 'zrnxq5uq', 'cj7izin2', 'x84su3ki']
612	['llv66c9p', 'wzyj4y30', 'w7o2r4g1', '2ierk83o', 'hygxwl2f']
613	['lv5xjfk4', 'ftjrg3dk', '6xc4j09c', '5f5npz07', 'h365e9gx']
614	['yx3j6373', 'hdjlnot1', 'wv2gzahy', 'vcl64usu', 'o0m20894']
615	['3qvh482o', 'hg3xpej0', 'jrqlhjsm', '8t2tic9n', 'styavbvi']
616	['i6o608fm', 'kkbed30m', 'q44yuued', 'ovgk0wsn', 'lxbnwed0']
617	['pg50i2ql', 'm26sn2qg', 'yvbmbnjw', '1y1ik2u9', 'qkjieod9']
618	['qci7khki', 'gdyntyxk', '8ruux4sw', '5f95gve3', 'zdfx3zo3']
619	['ximw03ej', 'u8mu4yga', 'tra5ewc5', 'a2voobqa', 'i99lqr0p']
620	['lt7qsxxh', 'h1sura49', 'du8wmh6n', '9avmlz30', 'nxabdur3']
621	['0cji7tzq', 'ip9geldg', '5y6gjl2t', 'mrsya6wz', '7mcfehzc']
622	['vadaxbsr', 'gg2swy7i', '9oui0l6v', 'goaokk04', '6939kke1']
623	['puu8wib8', 'd60chk12', '37hn7u3f', '1r2uvoqf', 'ilkhg3rf']
624	['4vtad2ve', 'u89jd28e', '6a6tyvtz', 'daj5g788', 'h8ej5w6j']
625	['vu8ao4pt', 'q92unteg', 'm40kwgcg', 'vj2z52vg', 'vs6ev73e']
626	['gdcqu3nb', 'x44oc1k6', 'ks0zkp57', '9a27s0zn', 'f5ehif2w']
627	['17km3arw', 'cr1rvy8u', 'q4zuslmp', 'g4i4hkhz', 'k1uvqaaa']
628	['cfhu5246', 'm39qdgey', 'c7g2ah72', 'ljaolrhr', 'q48rqmw5']
629	['wubcq0xx', 'h98tts7e', '53vvp3j5', 'o1xsjx2p', 'p576v9du']
630	['0clp6zt6', 'g17lp8ch', 'l8zfuhzk', 'nom4z0tv', 'uyb0of5p']
631	['yj3yisum', 'iff8cuum', '59u9ezr2', 'zbzrxuoh', '10v7kfcd']
632	['y12veqre', '8xrccucr', '36flecmg', 'et1ekgdl', '8f83k2ce']
633	['gfb11r1i', 'o6i5ca7h', 'r9qtzdvk', 'hia647nr', 'g266ttng']
634	['s3o9v1fl', '509h7pnh', 'dfhxcqr8', 'gvihovvq', 'ktymj1no']
635	['0emibwp3', 'm26sn2qg', '0an1j8wk', 'l8zfuhzk', 'g57r3son']
636	['55lbj72e', 'sybr04qy', 'jfjxujwj', 'klqji8gj', '0l6ruql9']
637	['hqkrer9m', '36flecmg', '8f83k2ce', '0lk8eujq', 'y12veqre']
638	['lnls2mhg', 'mp6ijj8d', 'euux7ur5', '77bq8tdy', 'xnxn506o']
639	['8je46886', 'xtraspw2', '2f7wqamp', 'mnjy6bq2', '9pb2eqoa']
640	['h4fo8h90', '2q6qmex3', '963hkkiy', 'ezrarusj', 'n9nu5n44']
641	['zueghgx5', '77m4rhrz', '9jqafpkp', 'ueb7mjnv', 'q8aee7g0']
642	['octtj2vf', '9oejm9sc', 'f4jx3b2q', '80yu5aiv', 's2vckt2w']
643	['eflyypev', 'fm6lf66a', '6crputzl', 'g77vjcjr', '6mpxu6r0']
644	['jk37ej4c', 'nwb7qf9l', 'zk831ou3', '4p6fcy8f', 'aawjla6h']
645	['b3ui95vx', 't8jlihgm', '679ds029', 'xl9rwld2', '059oj76m']
646	['qh7biax3', 'td8uwcas', 'vo4csaah', 'wh3k3u28', 'rnfh9v1h']
647	['3flwt4et', 'kfbrar54', 'u92vlatc', 'ycxyn2a2', '6gcgzx36']
648	['0h2x79ye', '5m23wtpi', '1epgt2u0', 'veeavho5', 'r07mv2ka']
649	['2sp8nm0i', 'jcueu1xh', 'ssicvtv0', '81pr5etw', 'rw3l8nk8']
650	['ivy95jpw', 'iu5ndsxn', 'sywxrxmf', 'nxu1xoax', 'roe6g61u']
651	['0rsbmh48', '5oy0q6ca', 'gy0kfhy6', 'ovel2jln', 'umttnp1g']
652	['jhge9qy5', 'jgcv1wf3', '3rxsplrl', 'jwjualy2', '19skljon']
653	['uyzalds2', 'ljpeq5aw', 'e7uvbra5', 'kutc6ts0', '2e02uktc']
654	['roe6g61u', 'ivy95jpw', 'nxu1xoax', 'd21lvneh', 'iu5ndsxn']
655	['tuqp3ngs', 'jc5ik84m', 'egzlstrz', '1l10diya', 'l16a5nq7']
656	['en0obmna', 'jw42gokv', 'jcueu1xh', '2sp8nm0i', '8ubugbn3']
657	['pdiyqdb3', 'fo9uq389', '86gqxajw', 'oywhabcd', 'ewf1z1ee']
658	['ivy95jpw', 'ml27mexb', 'fub50lvt', 'd21lvneh', 'nxu1xoax']
659	['3nf5bxv3', '0c03fjk5', 'z65wm00n', 'ccjzc1x0', 't2riiouk']
660	['x5m6u9pg', 'hkh1crxr', '5i0m18nt', 'fp81ceeu', 'c6svgwoj']
661	['29tcwijl', '77bq8tdy', 'twlupt3x', 'f2ypnls4', 'tyrgtwo7']
662	['6twwcp47', 'udr22zf7', 'gbpfypmn', 'mjb3ip7a', '9n7a9g78']
663	['20xgqvxc', 'apfimvix', '6crputzl', '5iudn4kq', 'kt47i60w']
664	['f97doeoj', 'v056i6g7', 'iyc8j5mr', 'xp2qkk52', 'am2rrgrb']
665	['gln6e0t4', 'wku1sd9k', 'qys4jl5j', 'evf9nz05', 'c90vgc47']
666	['9mvk86q6', 'ybxuykpz', 'u79trvqf', 'ko8lyoob', 'ntra3jhs']
667	['j4p46aiv', '8th933g4', 'tn8houmc', 'nsflghc5', 'zu07vbc4']
668	['in69fhw9', '582ts5mf', '53vvp3j5', 'wubcq0xx', 'zrnxq5uq']
669	['0r580il2', 'roe6g61u', '0qy6hcgp', 'hcw0cisk', 'r76tqrwz']
670	['bfm45zas', 'lbrpbhpg', 'u6rt6zd4', 'ou731vpe', 'ty2hsl6r']
671	['x9sfgtim', 'ropgq7tr', 'z86g8dzs', 'xtmn1n0r', 'fj6l76hq']
672	['f6li7qil', 'ihlkhh2d', '1j4w2hyp', 'rg3iygo4', 'apfimvix']
673	['sywxrxmf', 'roe6g61u', 'ivy95jpw', 'iu5ndsxn', '0qy6hcgp']
674	['8ko7mmu3', 'nv1w6juh', '1vcc1khg', 'jjh1z5c6', '9qsqj91d']
675	['k5jkntul', '0z7ey1nm', '5t16srpn', 'bre2ijbb', 'p42w7vjf']
676	['lfo6otkc', 'nro623aa', '0retx7ty', 'xutbbxpr', 'm1tv7mgm']
677	['ko42qlzr', '0aik5i71', 'lbkjxws4', '02p4et0u', 'auvehdq5']
678	['g17lp8ch', 't0iw2vod', 'x9sfgtim', 'ropgq7tr', 'usyduiti']
679	['52jtd51o', '55gugbs8', '2qcuygax', '7pqy0ejn', 'eywnnzxe']
680	['16qdfits', 'okabnt0t', '27jytj4k', 'i57f9ayv', 'm0zvo2tq']
681	['xhkjbeam', '630w2rtn', '7tdgwxps', '7xt894vr', 'v34r4tix']
682	['1gbq9j88', 'uuy94dwa', 'ml8arkpd', '2qsh2dlk', 'p4hz992o']
683	['wjktna81', 'ijoyk390', 'paczkqnw', '1ef8ac5c', 'f2jzz41d']
684	['v4y49n7i', 'mu2vqjnv', 'pa81t00f', '94w1sbsb', '76aij6sx']
685	['3jn7tdaj', 'qxxn1zf9', 'v8m7cszi', 'octtj2vf', 'b9nqcbf7']
686	['qh7biax3', 'wh3k3u28', 'lbkjxws4', 'rnfh9v1h', 'td8uwcas']
687	['k1ktytot', 'q1nye2ih', 'wubcq0xx', 'bh8zshy9', 'irhizn0b']
688	['w3kkizaq', 'z479u0e3', 'sa4ms55e', 'r9di7ndv', 'wdn5skh2']
689	['eo89w6qp', 'ppuki7qn', 'g5sw7t8x', 'uyo1rpx6', '81rxs247']
690	['j7vm8h9t', 'x996e0cn', '0iqdqcp6', '9ex61dl5', 'yj25zkx6']
691	['ucmzbezx', 'yi2m5ukw', 'zecuhkcd', 'ppsk31u8', 'n0p8osku']
692	['r7kvv48s', '24u6q3ae', 'bw6a5gmy', '0iqdqcp6', 'jo489zm2']
693	['pcekcvwr', 'o0m20894', 'jo38hjqa', 'axy3jx7l', 'o1mg23wb']
694	['k7smwz6w', '06fwhyac', 'ohyvuybc', 'jb3wc81d', '3xzivp7d']
695	['hqkrer9m', '4ij9t0t3', 'y12veqre', '8xrccucr', '36flecmg']
696	['zecuhkcd', 'ucmzbezx', 'yi2m5ukw', '7mc4dq6p', 'q8aee7g0']
697	['h1ncnt2c', '8wqii0nd', 'u07jsjmf', '7aaiyppx', 'qexarxjl']
698	['bnhwbaqj', 'wubcq0xx', 'bh8zshy9', 'ssdqobqb', 'mo3y3mau']
699	['pdd5wepz', '53vvp3j5', '0aqww7cz', '72jwlfqr', '6lsgwvsv']
700	['ruegzkoo', 'rr0v0ju1', 'amtk0s0v', 'dfpmbtqk', 'v3kzly7z']
701	['vrhrc7v6', 'rwgqkow3', 'juofmvz2', 'qv1xfrg6', 'vygvs1x3']
702	['hqkrer9m', 'y12veqre', '36flecmg', '7lx4w75b', 'pzqmg22v']
703	['jtwb17u8', 'iobpcfs5', '944pn0k9', '3nxmw97e', 'm6eotnko']
704	['4unn3fmu', '5351oj7i', 'xk6rp4e7', '1rxw5xro', 'z9csj1bh']
705	['f3j0g82b', 'lsiy3quw', 'sb3y2w6c', 'e8fhlo37', '8w2t6u96']
706	['kt7km3jb', 'v7szuzfa', 'uyo1rpx6', '1fdnbq1f', '9bhi3rqu']
707	['kek9i9zd', 'wq4jsc4x', '2vs7geu6', 'gqwwfpch', 'je585xia']
708	['li8kvzdh', 'c5be70t6', '59u9ezr2', 'pjh2lr22', '121p2shq']
709	['ivy95jpw', '14alhxc3', 'iu5ndsxn', 'sywxrxmf', '80xhhcpm']
710	['3ttyxjgi', 'tra5ewc5', 'wzqdo1st', 'z86g8dzs', 'e63j8gci']
711	['n6lwnct5', 'ztc4wvlw', 'r7bmtloy', '2h53dfg2', '4vkgn3yt']
712	['208w0eyz', 'nuzt4jcf', 'uu7s0bcf', 'ghhxxkkv', 'brt4zrhe']
713	['nln6pl3h', '24u6q3ae', 'bw6a5gmy', 'isivkz8b', 's3vaa0yc']
714	['tzp03hmr', 's6b2zp99', '4gr6i8rf', 'm8xfza1d', '73oe5as9']
715	['n3swuykg', 'gvn2v6rt', 'l0l2ev29', '7vh7d3p4', '5rsxnrdr']
716	['3jn7tdaj', '0n51j2jo', '6ovv79ia', 'y047cuxp', 'oijl3pjt']
717	['f6i46t3h', '24u6q3ae', 'edz3up3a', 'isivkz8b', 'hw2s28hs']
718	['tmonjdrp', '35xqlryc', 'qtzhfnr6', 'um51u84w', 'il3g34k6']
719	['56m1r1z7', 'jo38hjqa', 'awzozt7u', 'zhh2c89o', 'pvrp8u8n']
720	['dx53hxej', 'wzp7hpgc', 'eu1gbga9', 'na3c21pf', '3udfl0a2']
721	['o29hjkca', '93b2ivio', 'lgptgv72', 'tf5a48i2', 'cv5th7hd']
722	['dc8z4jzo', 'ivug325f', 'k30wvnx8', 'nnp6sv19', 'l4zku2e9']
723	['i4op2jkl', 'piev4id4', '8vnsrvws', '47d0wl98', '5azti19e']
724	['pscw933i', 'lpoxaetv', 'dztaijzu', 'jgs4jszx', 'jvog9dpj']
725	['929rrh59', '7wu8bfo4', 'f3mvdpq1', '55gugbs8', 'r5v2gi3v']
726	['a4kjk836', 'y14lw5b2', 'jzu70l93', 'vwmjf326', '5a0yyowv']
727	['l4zku2e9', 'dc8z4jzo', 'k30wvnx8', 'kgt61kcu', '8hvve871']
728	['fm6lf66a', 'r1m709hb', 'zgbzb8bl', 'solieify', 'r9di7ndv']
729	['9enbrd6h', '8xf8u6bg', 'n2wqalcu', '24u6q3ae', 'qv1xdqau']
730	['d21lvneh', '1l4o9pko', 'hcw0cisk', 'aakzdkcj', '0qy6hcgp']
731	['4vkgn3yt', 'u10j114l', 's2hp3sat', 'sok0cyd3', 'x51jorbm']
732	['4socpj73', 'qexarxjl', 'a68y6qsf', '4img2we6', 'xeb14weg']
733	['ocxl6cf4', 'wubcq0xx', '582ts5mf', 'ztxfa5b8', '7hporv6w']
734	['fjzhe9tp', '1rxw5xro', 'nok0yfzv', 'thiofu57', 'aj2ov6sh']
735	['35nshnn2', '5zaw2iot', 'qh7biax3', 'zctjkag0', 'wh3k3u28']
736	['lclxe7i9', 'wt5qxe0j', 'tk0iwpnb', '12yshnt5', 'nrhk8ctf']
737	['egn81atf', '9wx4ltyd', 'tyrgtwo7', 'awfgfmx1', '35vfjer8']
738	['ashxoaav', 'vu8hfm1g', 'dptapovm', 'qvj36vut', 'w750idb5']
739	['iid4bnvw', 'sxoo9p8e', 'lcl9jn35', 'tv014ubp', 'a3fvifax']
740	['drto66xt', '7yldl4ld', 'wk4zxmz9', 'jn1w8h2p', 'uaccs7k9']
741	['ftq6ed38', 'v0qj8l7i', 'ucmzbezx', 'nssm8ub9', 'xee6npr3']
742	['qh7biax3', 'td8uwcas', 'sgo76prc', '35nshnn2', 'f3mvdpq1']
743	['fbsrggog', 'nj94rv6f', '6x33a6g6', 'hxyn84jt', 'ip9geldg']
744	['tfpa12kr', 'zmkvs7e7', 'ocfqb3a2', '1wcfrvnd', '3flwt4et']
745	['nxu1xoax', 'ivy95jpw', '0qy6hcgp', 'hcw0cisk', 'roe6g61u']
746	['du7ba2ky', 'tcaglk0u', 'xiaj8ofb', 'yy8mbw1a', 'cy0wy98u']
747	['ivy95jpw', '0r580il2', '0qy6hcgp', 'hcw0cisk', 'r76tqrwz']
748	['92ljfia5', 'l2i3aa3k', 'octtj2vf', 'kayh0v56', 'eq5qqshb']
749	['ec3pmvih', 'h6dsjkvz', 'atd6bg76', '2i7zd1t2', 'kxi5qpxw']
750	['52lf5gzr', 'djev6er7', 'gcsew8u3', 'tloczjn5', 'g8tckoxj']
751	['oaq5a5i3', '3vrg7zyc', 'cb3u1s7s', 'm2id6kxw', 'n39y3kq2']
752	['t4y1ylb3', '7a543f7v', 'cj3cpn5j', '8l5i1z27', 'urv9o2f1']
753	['r7aqsyfl', 'amw2c96l', 'ssdqobqb', 'rcb943w2', '929rrh59']
754	['ngbnnpni', 'wh3k3u28', '6nt6msrm', 'sjsaw6yv', '8ztv34hs']
755	['ny7wkswf', 'jrqlhjsm', 'uxz185vr', '3qvh482o', 'hg3xpej0']
756	['w1bx4a7v', '1s8jzzwg', '9qsqj91d', 'yrowv62k', '8ko7mmu3']
757	['0an1j8wk', '43joavrl', 'moxjaxuy', '5a5a8ifz', 'vgk1sgcp']
758	['li8kvzdh', '121p2shq', 'pjh2lr22', 'c5be70t6', '6hl6rtsh']
759	['k30wvnx8', 'zvmwubuk', 'wf72fra8', 'z2jtzsl6', 'l4zku2e9']
760	['onjgfr4j', 'tbs3b4ww', 'vwgvlqml', 'wbk363w1', '8pdlynuo']
761	['gtp5daep', '2jdlavwj', 'soz9p0yd', '5xk20hs5', 'trrg1mnw']
762	['gha1wg4w', 'u2kjft6q', '4mblzyxk', 'b0wy5zz4', 'z6cdyy0w']
763	['2uidarm3', 'fnok2eoj', '4udv0zkw', 'n86w4vkx', 'u8t64wmg']
764	['hqkrer9m', 'y12veqre', '36flecmg', 'pzqmg22v', '2u5zxc2i']
765	['81fv8lzd', '4gj9d181', 'n040i865', 'boew323c', 'dluw0oiz']
766	['o7ww2prj', 'ohfi48d6', 'oh23px9c', 'z3ock8ar', 'shxxhqx3']
767	['ximw03ej', 'u8mu4yga', 'tra5ewc5', 'n4kke717', 'i99lqr0p']
768	['dksw5yzp', '0zjpvzof', 'qlejjw9s', 'urj0nssb', 'x11ntaqf']
769	['ufzjvdho', 'jo489zm2', 'aqcllik0', 'yj25zkx6', 'xnxn506o']
770	['bw6a5gmy', 'n2wqalcu', '24u6q3ae', '164yx77a', 'eml8uilb']
771	['xjl11qzh', 'cymppa7g', 'fbsrggog', 'lgflny84', 'po32j519']
772	['g3hujz5o', 'duwr9b5b', 'xk6rp4e7', 'v4c1lgpd', 'lvbutmio']
773	['l5nncxqo', 'v7ckvxjp', 'tv014ubp', '6bwd99d9', 'e7ntocgf']
774	['f3mvdpq1', 'e8az2cw3', '7pqy0ejn', '55gugbs8', 'sgo76prc']
775	['vj6sw2ne', '8gl323hs', '0oq0xmzr', 'hnj1jqr1', 'bre2ijbb']
776	['wzqdo1st', 'mt0c57cp', 'nom4z0tv', 'a8u31pkr', '5z0xwlxp']
777	['n040i865', 'akvp7d3s', 'rgmurgbf', 'c84lpxrn', 'jo38hjqa']
778	['95e1kuux', 'dq3qunwe', '1r9975o8', '52x62y5l', 'dztaijzu']
779	['8zufbeuz', 'x4zuv4jo', 'qgwu9fsk', 'b5yrfllu', 'uc316ncl']
780	['ttpbs13r', '11xjl53c', 'rwk954dx', 'ypqusgs3', '1vd4j3qc']
781	['faj85qxc', 'ws75gpsc', 'uxz185vr', 'ny7wkswf', 'cn0hqvsz']
782	['18f7x2ci', '3jn7tdaj', 'solieify', '6msw06fb', 'bdvnwrd4']
783	['7wu8bfo4', '1oiqa5zg', 'eywnnzxe', 'u8mu4yga', 'byw8jsqv']
784	['mkgszhkk', '844229sb', '30pl5tx3', '8ko7mmu3', 'w1bx4a7v']
785	['n4kke717', 'zu07vbc4', 'r4dgrxel', 'b8ipstv2', 'ex6dyr77']
786	['auo73dv7', 'jxsldz4o', '8xvqq5eh', 'ajqbljai', 'birrxj48']
787	['s0w95qdn', 'a94at9dk', 'ukca8cqw', 'tvzn0112', 'jtwb17u8']
788	['qu7ddcw9', '755ym7vl', 'di4p48ax', 'm2nupp4k', 'wt6azxc1']
789	['n3xm6c0y', 'oeudi6lr', '4mjg7jul', 'vqbs5ot5', 'ks0zkp57']
790	['9svrz0vj', 'plzklj7c', 'b4mjo92p', 'm2nupp4k', '15q47bw5']
791	['6j9x3pn5', 'd7024aia', 'rr0v0ju1', 'icnbhg6e', 'shfkl0bs']
792	['3otvtwbb', 'lpoxaetv', 'opckeugf', 'jgs4jszx', '4p6fcy8f']
793	['fw211spn', 'nles7ymd', '55vu6b3u', '0b1dbz6q', '9dnj4ppj']
794	['jlqpwfwm', '43ocdbp5', '1b5hb0g9', 'ccljxw2s', 'lcl9jn35']
795	['dsfbmhbj', 'ztxfa5b8', '748c97u7', 'ocxl6cf4', 'ju87prqm']
796	['u8mu4yga', 'ximw03ej', 'tra5ewc5', 'rfchb7ar', 'i99lqr0p']
797	['am11yqbf', 'p576v9du', '1gv3t5t0', 'd9egxof5', '855atuue']
798	['8je46886', 'xtraspw2', 'z86g8dzs', '2f7wqamp', 'mnjy6bq2']
799	['hb3wcm04', 'k8xp61uu', '0eftiyuw', 'jzm6nc41', 'd3530i86']
800	['hqkrer9m', '8f83k2ce', '0lk8eujq', 'jisznsr3', 'et1ekgdl']
801	['pfvf8ujb', '2dixw8up', '1n5750hi', 'wnm89gfo', 'q4jjtw63']
802	['ftq6ed38', '3jn7tdaj', 'f5twvg9g', 'vprj63y2', 'r5iu5nr1']
803	['4mjrpjit', 'ub3kjqkv', 'nosh8awp', 'taz8f384', 'hws1e4tv']
804	['xxlvyp5c', 'g17lp8ch', 'w3ls1d7w', 'hf79cbuq', 'upiu3e2d']
805	['5esyjt0l', '8mmau2lz', 'tafg1xoo', '0an1j8wk', 'juofmvz2']
806	['2kh4iw8h', '83re9176', 'v5vwypya', 'uru7bkr4', '9mdf927z']
807	['n3swuykg', '5rsxnrdr', '7vh7d3p4', 'gvn2v6rt', 'yb6lmv1a']
808	['v29jmh6s', 'h2sryzwn', 'entkqcn3', 'ksjkypzx', 'r5nzz1j0']
809	['j2t0ofgt', 'krh63hqp', '609b8j39', 'hnwtz96p', 's1hmhupe']
810	['evf9nz05', 'wubcq0xx', 'lf6fprh0', 'rr0v0ju1', 'z5jbjx59']
811	['80dfqjql', 'k9xhphpl', 'tjplc5j6', 'ewg9d4ei', 'vpqwkmlv']
812	['z86g8dzs', 'yrowv62k', '5z0xwlxp', 'w1bx4a7v', '4mx9t5td']
813	['jisznsr3', 'zu5mg2im', 'ktwazcrd', '8zm7n7j9', 'tdlcb9bf']
814	['y2715f19', '1m093f8d', '7c0844ui', 'beb9lxvn', 'tx7ql71r']
815	['ngbnnpni', 'wh3k3u28', 'frr4vu0w', 'gufhaylj', '6nt6msrm']
816	['6entp07f', 'ybpev0vi', 'g5uu01aa', 'kczhrxxd', '312cg7b7']
817	['q4m2uj6r', '5dbuxvc4', 'car394ou', 'p6uliadr', 'z8ajje2l']
818	['lfo6otkc', '7j4i6eud', '9f5i6crg', 'z35xw2p0', '5d1131zt']
819	['x4zuv4jo', '8zufbeuz', '5aev7ltr', 'bv7hvc1e', 'z1wwlea2']
820	['8f83k2ce', 'isxasd9b', 'p699a0g2', '8xrccucr', 'y1uk8yfa']
821	['e1macqqm', '9oui0l6v', 'q4tj5xus', 'kfn2q7wt', '29ph2eai']
822	['et1ekgdl', 'sdij1d90', '8f83k2ce', 'wmpjfc02', '0lk8eujq']
823	['eef8mem7', 'vpz3o29f', 'j4bfn87k', 'inmof3qg', 'v5sflan9']
824	['24u6q3ae', 'wxor6kg3', 'bw6a5gmy', 'znswomwk', 'vge26qe9']
825	['mt61b7o7', 's23d5pns', 'd7tk12u2', 'o3pvsjq2', 'xk2inqjm']
826	['40ej9jg7', 'yn7e3do9', 'o99l5oh1', 'vg96f35h', 'ryfz5xsj']
827	['6pn9jwfn', 'li8kvzdh', '121p2shq', 'dccymlie', 'pjh2lr22']
828	['y7lrp0gc', 'zoipx650', 'kjf63oug', 'hvp47bm2', '6hhauza0']
829	['y7lrp0gc', 'dgnddq80', 'su41e4vo', 'lgnhlxgd', '0lk8eujq']
830	['6a728le9', 'gtp01rna', '6j45mmjh', 'i3jsvtwp', 'ilnudz0g']
831	['fqdv3ohv', 'vvx3zukm', 'nhy1ofwa', 'bi9fid5f', '1hlqov6m']
832	['v06kyana', 'ibnudp1x', 'kugpzkyx', 'cnir3fx1', '97vw83zu']
833	['hzbtd39j', 'jnmpyovl', 'f8ah4lzx', '3igk81h8', 'ays0clih']
834	['tp7wthiv', '7hporv6w', 'bvzi49hy', 'so6irh9b', '9h4zzo5q']
835	['2e2s1gof', '2xjv2fb6', 'kmpsg94i', 'yo815hnj', 'wr9ko6l5']
836	['njgbom98', 'l0b99hye', 'n311ptne', '3mvia5c8', 'jzosdlu7']
837	['a9prti0f', 'lbrvo18o', 'pb25lrnw', 'ttpbs13r', '93b2ivio']
838	['qeqd4soe', 'o1xkgkn1', 'fq5nayxt', 'ivy95jpw', '0r580il2']
839	['wubcq0xx', 'gi21di4d', 'kt47i60w', '5iudn4kq', '6crputzl']
840	['4gj9d181', '3h3ihfyq', 'jjsr5u2i', 'hxbi0ofg', 'fvvotkjc']
841	['o1xsjx2p', 'p576v9du', 'ou731vpe', 'fgj2lvbg', 'paczkqnw']
842	['k36rymkv', 'dh3zqjbz', 'xi20pdvy', '13vixukm', '5y6gjl2t']
843	['sywxrxmf', 'ivy95jpw', 'oqhmvpjm', 'roe6g61u', '0qy6hcgp']
844	['k2jzadwq', 'uvhzw6c9', 'ivue7zob', 'muiasgwn', 'syy2r7jr']
845	['57w1iir4', 'ptn9ntoq', 'yguqwc1l', 'getnq0ek', 'ovgk0wsn']
846	['04vbjlab', 'a4kjk836', 'mu2vqjnv', 'g0g84bqy', 'hzv51czu']
847	['1hi3dr1i', 'jkm496ip', '1l0vrbi0', '4zelg0m1', 'q1qqm9e6']
848	['vbx8khih', 'r4dgrxel', 'zu07vbc4', 'b8ipstv2', 'nsflghc5']
849	['hqkrer9m', 'y12veqre', 'wmpjfc02', 'et1ekgdl', '36flecmg']
850	['y7lrp0gc', 'dgnddq80', 'su41e4vo', 'lgnhlxgd', '0lk8eujq']
851	['r58aohnu', 'w1bx4a7v', 'mcmqx7og', '5z0xwlxp', '0mwz8kwo']
852	['lclxe7i9', 'tk0iwpnb', 'nrhk8ctf', 'wt5qxe0j', '12yshnt5']
853	['m2id6kxw', 'di4p48ax', '8s7ixxvk', '73oe5as9', '9oxajwkk']
854	['so6irh9b', 'y40s45iv', 'tp7wthiv', 'bzo4x7bh', 'nrhk8ctf']
855	['wgpty5w3', 'qv89gci7', 'mzpzz8sr', 'sem6z3ka', 'dssikr5i']
856	['aakzdkcj', 'd21lvneh', 'zqzs6vtf', 'onlly1ga', 'tq2vdo88']
857	['pm3ck1gk', 'of996ayq', 'j884ppwq', 'ucea0r2u', 'dqrp18c6']
858	['h2h4bnd5', 'jincu9xx', '8lyipugh', 'm26sn2qg', '8acldtv2']
859	['ok9o9tta', 'efm6zj9r', '10l6kx3e', 'x7qlnugx', 'xld7ztx5']
860	['nrhk8ctf', 'lclxe7i9', '12yshnt5', 'n4hw9cvo', 'tk0iwpnb']
861	['8iqs6jko', 'mnjy6bq2', '2rx84imv', 'dxrltm25', 'w0ebmg16']
862	['sdtr6yla', 'yc7cvbii', 'k0eheo71', '0qyhjutm', '7mc4dq6p']
863	['9h74xlvv', 'vabb2f26', '3l6ipiwk', '6gb1za5h', 'qh6rif48']
864	['konern28', '8g70j0qw', '3zdv9zim', 'yo2lpdi4', 'lbxg93hl']
865	['zuc538yd', 'gw1pr7fw', 'ygn9oiir', 'eztw9tx6', 'eknllnci']
866	['jk0ju2eb', 'nqcorcud', 'js91utss', 'v0frkv96', 'v4xszcfb']
867	['lav0kp21', '9nyfz7s2', '5ojyly05', 'gi21di4d', 'vxf2jexb']
868	['y1uk8yfa', '8xrccucr', 'b70zywkw', 's1hmhupe', 'isxasd9b']
869	['z22g03v4', 'iuziorsk', 'wmpjfc02', 'xi3d70kq', 'hqkrer9m']
870	['qyj6y9jc', 'hh7lccet', 'oo6ba081', 'pybdjsdj', 'h8c8lc0a']
871	['45qyz490', 'ngywgodg', 'vge26qe9', '3a5965df', 'znswomwk']
872	['r58aohnu', 's2hp3sat', '1zuhilmu', '4p6fcy8f', '5yscqct1']
873	['dt2pew66', 'tra5ewc5', 'zycgczqy', 'qi1henyy', 'l4y7v729']
874	['1vj9p7vm', '7lx4w75b', '36flecmg', 'y12veqre', 'p0jht22m']
875	['s1hmhupe', 'c5fn8t7f', 'y1uk8yfa', 'm847xdzk', 'b70zywkw']
876	['cg6v3yma', 'gin90aef', 'xxlvyp5c', 'x9sfgtim', 'ropgq7tr']
877	['wnm89gfo', '8czwuimt', 'wz6446aw', 'mmr04tsm', '35vfjer8']
878	['b870ftnq', '6a8j7hjt', 'e49rdu76', 'di4p48ax', '9anlwi27']
879	['td8uwcas', '6mzqk12f', '52jtd51o', 'rnfh9v1h', 'wh3k3u28']
880	['gtp5daep', 'uoj3sclr', '2jdlavwj', '2h53dfg2', '25aj8rj5']
881	['x7ffgtrd', 'c2s2lxw9', '307rt03e', '8iqs6jko', 'ewg9d4ei']
882	['45y7jepy', 'duwr9b5b', '7m33mjl1', 'pzbs8e1h', '4ffyrw1k']
883	['y7lrp0gc', 'dgnddq80', 'lgnhlxgd', 'su41e4vo', '7axeex76']
884	['ropgq7tr', 'x9sfgtim', 'w1bx4a7v', '9qsqj91d', 'z86g8dzs']
885	['hm1n8wz2', 'v5vwypya', 'bn0fegqg', 'z1jr2urk', '69afkw7x']
886	['72jwlfqr', 't9hbbqay', 'vtagfrds', 'hqkrer9m', 'wubcq0xx']
887	['tdlcb9bf', 'ucysxk5c', '5o9bbspc', 'ktwazcrd', '8zm7n7j9']
888	['582ts5mf', '72jwlfqr', 'ocxl6cf4', 'wubcq0xx', 'dsfbmhbj']
889	['qh7biax3', '35nshnn2', 'kutc6ts0', 'sgo76prc', 'y04dub8o']
890	['lsojoa7c', 'delciztu', 'pxnyi2u1', 'nd859o5r', 'f2jzz41d']
891	['cymppa7g', 'po32j519', '8ufjh70o', 'ovgk0wsn', 'fbsrggog']
892	['gckr8h1m', 'wun5rwsk', 'kt1az1pf', '0m76qrz8', '1n5750hi']
893	['nvphu1fm', 'iez1j9jn', 'shfkl0bs', '9psiqhpy', 'xzn11n74']
894	['uaccs7k9', 'ebgu29uh', 'hp62t734', 'vpoqfm7d', '18b6ikq3']
895	['j4pgpxoe', '8drlvdkp', 'o9mq3auf', 'i1icueuw', 'cpc1yefj']
896	['3jn7tdaj', 'ftq6ed38', '4vkkaqhz', 'bx7vz0r7', '6crputzl']
897	['bidvx8hy', '1vyfy7i0', 'ryj83uw3', 'moxjaxuy', '8i1u1a9t']
898	['dfl69g4f', '9f5i6crg', '9rrlfnww', 'f35cqkpf', 'o877uul1']
899	['v0y734lu', 'h35we3mn', '26ey3fm8', '4hdj6mtf', '6r4jyop7']
900	['rhgl6vss', 'hitaptnp', '73i7h1wi', '0r46eacc', 'z9jqbliw']
901	['81rxs247', 'rnfh9v1h', 'sjsaw6yv', '35nshnn2', 'frr4vu0w']
902	['1fdnbq1f', '2yrgy2y2', 'rhnr430g', 'aekhd3tb', '7n4t8i2n']
903	['4vzdk69c', 'n508o874', 'zmkvs7e7', 'n9nu5n44', 'msra1ghp']
904	['yr27lnq8', 'xi3d70kq', 'hqkrer9m', 'pzqmg22v', 'fcdwitxy']
905	['yjsxen4d', 'pibg1iw7', '76aij6sx', 'trlni6iq', '4yi9iup2']
906	['yr27lnq8', 'ktjfs3s7', 'o8gdpf0i', 'yfbg2n2u', 'ujy4i5uu']
907	['6xxm7hcs', '91gytlg2', 'b8ipstv2', 'sz5fr79q', 'rzrrnypq']
908	['lbpjwudb', 'bog804k9', 'lzddnb8j', 'er6t9vj2', 'g35bfa13']
909	['ipon95io', '8n4zf9oo', 'a242g5kg', '6hl6rtsh', 'pjh2lr22']
910	['nerxtetr', 'qhrwngde', '3jn7tdaj', 'hg0lyy93', 'ftq6ed38']
911	['jo38hjqa', 'sem6z3ka', 'iy9mqd4f', 'p196javw', 'rog0fp93']
912	['uohbxoeb', 'zbi0llig', 'a40yhtqk', 'hn6clwoj', 'oyr4klqk']
913	['qnuphz59', 'jwei2g97', 'jlnopr1j', '9iz8papc', 'bpiiddi7']
914	['ii3di3dz', 'jpenhh92', 'a7eabvvo', '95zrth5d', 'm847xdzk']
915	['tmonjdrp', 'grx4gx95', 't7a9edv3', '1lggbkly', 'qtzhfnr6']
916	['4pgish5x', '08p8ns2d', 'mg8uyeuh', '0loj2fsm', 'jekx1czw']
917	['v0y734lu', 'ryj83uw3', '6r4jyop7', '8i1u1a9t', '1oatq6x0']
918	['34eot3zh', '0si51n85', 'vrl9gtcp', 'f7nvnbrn', 'd4eae8g3']
919	['lf6fprh0', 'fnedip6k', 'mwaegtlx', '7qz1o6aa', 'xrgb9pve']
920	['35yl70z8', 'oap7i5ea', '8lyipugh', 'lae18d0l', '9p73l3rw']
921	['xjc0l0tv', 'wuojo19n', 'p576v9du', '6mzqk12f', 'lav0kp21']
922	['lorpo8uk', 'znpc5jq2', 'f3dkdm7j', '32z7b3fp', 'h7hj64q5']
923	['mlo8zypy', '9n7bkayx', '6pruwy09', 'ypls4zau', 'xee6npr3']
924	['tu1vevx9', 'jkm496ip', 'k21ltg5z', '9rhydy8u', 'q1qqm9e6']
925	['4mjrpjit', 'e8az2cw3', '7pqy0ejn', 'ub3kjqkv', 'xmiefdez']
926	['llv66c9p', 'bs8tdve2', '1fxb5vru', 'cr1rvy8u', 'h4cu63cm']
927	['rcb943w2', 'rng65ofx', '40vsmpfv', '2xl0gp1o', '6akx6xpt']
928	['0d6sa9pe', '7lhoq10e', 'qv1xdqau', 'aqcllik0', 'yj25zkx6']
929	['7ddw02f7', 'tbio295u', 'hgvqjtfa', 'idhbd102', '6j9x3pn5']
930	['kyt14ufu', 'elycje9y', 'f60z8jo2', 'v8ujnrbi', 'cvbxv7h7']
931	['tnejo5wc', '122yi9np', 'nmmayjcp', '5tpkcd5z', 'c82i3u0j']
932	['3h3ihfyq', '0vhy44iq', 'iv3kps2i', '07a30kd9', 'm80rklg5']
933	['64qt0w2a', '2r0a357c', 'vf7xj5qt', 'wubcq0xx', 'g4i4hkhz']
934	['dblqryhy', '0z7ey1nm', 'ktm0akxd', '5t16srpn', 'k5jkntul']
935	['94w1sbsb', 'pa81t00f', 'mo7oq5t8', 'v4y49n7i', '8dh4xvph']
936	['ekgqdjlk', 'd0nacth6', 'vfcp8h1n', 'rw5bci0y', '4rzogopt']
937	['wmpjfc02', 'z22g03v4', '0lk8eujq', 'y7lrp0gc', 'e0pz0z4j']
938	['7tp8z7n8', 'pvshw2pn', 'xchvlphf', '6hl6rtsh', 'n040i865']
939	['ivy95jpw', 'roe6g61u', '0r580il2', 'iu5ndsxn', '0qy6hcgp']
940	['6j45mmjh', 'q1nye2ih', '6a728le9', 'gtp01rna', 'yn7e3do9']
941	['6oicmeam', 't1mwzhrq', 'faj85qxc', '2p3l08n7', 'ybaxa1vg']
942	['n5c0hcwn', '3cr97dii', '4vuucmfd', 'ydh4ve24', '6aw8zrap']
943	['pxwwpfos', 'gywxvzm6', 'ro3o27pv', 'oz1dkdu7', '09vzcqyr']
944	['roe6g61u', 'nxu1xoax', 'onlly1ga', 'aakzdkcj', 'ivy95jpw']
945	['0u4nmrq4', 'jd3np9n4', 'relolneg', '97vl2cfl', 'vkf5njfz']
946	['7hporv6w', 'bvzi49hy', 'wubcq0xx', 'xigbp7vh', '582ts5mf']
947	['a3efmczu', 't9e774ed', '2e02uktc', 'hp4hmooy', '1epgt2u0']
948	['7qxs79qy', 'jc26e39s', '1uto8vrp', 't4custhp', 'cvoef8qt']
949	['65efipbi', 'eu2vjpw9', '3rxsplrl', '8m59whf9', 'gtp5daep']
950	['k30wvnx8', 'dc8z4jzo', 'h4otzeah', '0a1m1niu', 'dx2cx9lx']
951	['dnxhtbxn', 'xcsl2evz', 'yhap30qx', 'mw0wb8a8', 'f35cqkpf']
952	['ruewzstg', 'cj3cpn5j', '8l5i1z27', '7wu8bfo4', 't4y1ylb3']
953	['3qvh482o', 'hg3xpej0', '00ia8k0b', 'jrqlhjsm', '8t2tic9n']
954	['kt47i60w', 'kn9b4v8j', 'g6i3x433', '8yg1d3ft', 'hunepli1']
955	['wzqdo1st', 'e63j8gci', 'zrnxq5uq', 'jnmpyovl', '2tre0wat']
956	['5aev7ltr', '8zufbeuz', 'x4zuv4jo', 'lty6oq3d', 'j0bu0upi']
957	['li8kvzdh', '6pn9jwfn', '6hl6rtsh', 'iff8cuum', '59u9ezr2']
958	['b0wy5zz4', 'ko42qlzr', '4mblzyxk', '02p4et0u', 'qh6fqna8']
959	['hn6clwoj', 'zbi0llig', 'uohbxoeb', 'oud5ioks', 'oyr4klqk']
960	['fu685z9a', 'h9nzxlaf', '9kfs73sr', 'ml8j19l7', 'wubcq0xx']
961	['91gytlg2', '46no7uq8', 'tzdgc3dw', '5xfgmi2n', '6qai5sev']
962	['ledopkwj', 'l346qqwp', 'jbvsmuea', 'kt615lm4', 'e6m1tkrs']
963	['3jn7tdaj', 'octtj2vf', 'iu4p5k0w', 'wcq3qqt4', 'vndj6f7w']
964	['z7o5vt6p', 'g63ed05i', 'l2ak5ygj', 'bnrmh1qs', 'mgtxchud']
965	['nnkul2r2', 'g0za5fqi', '8s7zy55f', '9tvjfgtn', '70bz9l9p']
966	['ueid1mma', 'vymre7uv', 'wotf0lzx', 'x9veckdi', 'qcxpmfmq']
967	['h9i67wbp', 'ixvtt3g8', '0zphhxxh', '5tdmh0ac', 'oap7i5ea']
968	['xavegbty', 'nb27fn2z', 'hm332jqo', '0sn7itog', 'hbkl5cam']
969	['lehzj4d8', 'q1qqm9e6', 'mny2mtef', 'jkm496ip', 'nlv939ft']
970	['4gr6i8rf', '73oe5as9', 's6b2zp99', 'aky3bja0', '6r79qt66']
971	['08u566ia', 'ihgxtu8g', 'yce32jmg', 'la9zgtzb', 'ehszmbnc']
972	['atn333j9', 'ynaxwnlp', 'lp0r7j5c', 'fxwszm22', '1adt71pk']
973	['3l6ipiwk', 'mjvst2is', 'qh6rif48', 'fiicxnty', 'ierqfgo5']
974	['zbr3kfv2', '8rvhqd9b', 'pkoux9yt', 'rxx0w56j', 'xcs9podj']
975	['pvsox183', 'bs5hcx6l', '1yvsae2q', 'f1utp08a', 'jkm496ip']
976	['76aij6sx', 'mo7oq5t8', 'a3efmczu', 'pa81t00f', 'v4y49n7i']
977	['7qz1o6aa', 'rytalfyx', 'i6mdlf36', 'xnxn506o', '9n7bkayx']
978	['8o2xddof', 'mo23hpe1', 'xnrb0byz', 'fub50lvt', '407va85q']
979	['kutc6ts0', '35nshnn2', '5zaw2iot', 'sgo76prc', 'qh7biax3']
980	['otp1atui', 'iimx8nt8', 'y12veqre', '36flecmg', 'zoipx650']
981	['eyhtf6mv', 'y12veqre', 'm847xdzk', '36flecmg', '9ige2pwd']
982	['eq5qqshb', '0crs45tt', '3jn7tdaj', 'r2hovw0y', '6ovv79ia']
983	['ximw03ej', 'u8mu4yga', 'i99lqr0p', 'n4kke717', 'tra5ewc5']
984	['lai0otkm', 'vcl64usu', 'fup55b95', 'yx3j6373', '9f0bjknz']
985	['uaccs7k9', 'q5ie1v0v', 'i5h0gm3u', '24t0lunz', 'yvdaljz9']
986	['y6reys3r', 'm79zl7ka', '784gmskn', '518rjfnc', 'cutwvq3b']
987	['jo38hjqa', '8dgahmka', 'nyvluckw', 'tzdgc3dw', 'ovgk0wsn']
988	['raz9veem', '8p81kc9z', 'usr8hzcw', '909kmcwv', 'w7gr98j9']
989	['9195zweg', '8so80bf9', 'z1onkz6u', '7oipjzq1', '8rvhqd9b']
990	['jgq968f6', 'e0pbs354', 'z807g8i5', '4p6fcy8f', '9169o29b']
991	['lwpvyy49', 'vz8eu3vc', 'mzekhyu0', 'uaccs7k9', '97msfh4l']
992	['jcq5omdq', '1lzimff2', 'r66qkekd', 'ckx6wxxk', 'hs7l8ih1']
993	['3p2cuxk0', '0illlel7', 'zhg1hvsq', '6eivv0d9', '296lr317']
994	['v49l6txn', 'itxde5mw', 'ygvg9jfe', 'zj0yxy2z', '8hchfgx6']
995	['faxm9rhz', 'bgr4h7kn', 'w01dub6y', '13vixukm', 'gufkvmdb']
996	['tk0iwpnb', 'lclxe7i9', 'nrhk8ctf', '12yshnt5', 'wt5qxe0j']
997	['kgggepu0', 'cabmmgg6', 'pfh6nm9r', 'mi6bdisx', 'g0wujywh']
998	['jisznsr3', 'et1ekgdl', 'y12veqre', '0lk8eujq', '36flecmg']
999	['tloczjn5', 'g8tckoxj', '85jx7i06', 'qwgxm1ol', 'pcekcvwr']
1000	['w1tdg8bb', 'x4zcpr02', '3kjckx8o', 'fk62t9ym', 'fuvyeq3k']
1001	['zbbh6wl3', 'p40x3cxr', 'j8666ial', 'ixvsemvw', 'azb1x6cs']
1002	['5iudn4kq', '1j4w2hyp', 'terj0odi', 'apfimvix', 'c187k4yc']
1003	['55yxh5er', '914oafkn', '5wby3shp', 'yj25zkx6', 'aqcllik0']
1004	['74o2xil2', 'qeubhfbc', 'eapwqsrc', 'yv5nepnc', 'ef4wyw2f']
1005	['hygxwl2f', 's4cfdgbv', '9wx4ltyd', 'ulwirxeu', 'zzscey1f']
1006	['b4mjo92p', 'plzklj7c', 'v5beddu4', '784gmskn', 'dica9bqx']
1007	['56uzzrh8', '1z1tces3', 'eo1uz3g2', '3v8lijcn', 'f5twvg9g']
1008	['65efipbi', '121p2shq', '8m59whf9', 'ftxgcgkb', 'eu2vjpw9']
1009	['94w1sbsb', 'pq571myy', 'v4y49n7i', 'pa81t00f', 'oa81rhdb']
1010	['hm1n8wz2', 'bn0fegqg', 'a451243b', 'y26bsn0n', 'hh37bsfp']
1011	['2w80hys9', 'h6imcb1b', '24ie3mhq', 'tyrgtwo7', 'cv6no7nw']
1012	['x44oc1k6', 'tx2krngu', '9a27s0zn', 'oeudi6lr', '1nqbqmum']
1013	['9dlaaye8', 'w4dyadpa', 'n9zqc1gm', 'ueid1mma', 'ssicvtv0']
1014	['v0qj8l7i', '4frv2vb7', 'rwgqkow3', '5nyc1cn5', 'd0s3vl2w']
1015	['9pei109o', 'hc4zu9t5', 'avmfz0z7', 'yy77zuu4', '24u6q3ae']
1016	['tzp03hmr', 's6b2zp99', 'tz2shoso', 'e4xw6gyp', '0yysikc1']
1017	['gw9hkw00', 'zrnxq5uq', 'dsfbmhbj', 'lxdcelk1', 'dij3wy6q']
1018	['uxz185vr', 'x7qlnugx', 'mpe2qs0h', 'ny7wkswf', 'cn0hqvsz']
1019	['z94005i4', '4mjrpjit', 'nvebqwwh', 'xmiefdez', 'acyexmyq']
1020	['91gytlg2', 'texmsvyt', 'uztk6pc0', 'tzdgc3dw', 'b8ipstv2']
1021	['ivy95jpw', 'nxu1xoax', 'sywxrxmf', 'iu5ndsxn', 'roe6g61u']
1022	['terj0odi', '7ru6tapp', 'bdvnwrd4', '3jn7tdaj', '7klqhnr2']
1023	['6pn9jwfn', 'li8kvzdh', 'dccymlie', 'vmmztj0a', '121p2shq']
1024	['asrkuts7', '39nzvid1', 'bcraqemn', 'cwm0bsov', 'dcmlei8z']
1025	['g99myvw1', '46r46ja3', 'npe81wc8', 'atnxkvy6', '611ih9pl']
1026	['3w5ouagx', '2fyo2q4n', 'xmiefdez', 'z94005i4', 'ga1fks7l']
1027	['gtol0evh', 'wtxhbzr9', 's96beqsh', 'rr87vhd0', 'e9xx6mhg']
1028	['u8mu4yga', 'ximw03ej', 'fj6l76hq', 'tra5ewc5', 'zu07vbc4']
1029	['rfbihylo', 'ssmw2jef', 'fk62t9ym', 'b3m11ppy', 'c1k9ubbk']
1030	['z86g8dzs', 'u8mu4yga', '5z0xwlxp', 'lr20prun', '763v4duh']
1031	['9oui0l6v', 'vadaxbsr', 'e1macqqm', '8hz4go45', 'gg2swy7i']
1032	['fx2ikn2t', 'fjzhe9tp', '1bp33rmc', '1rxw5xro', '2199ydle']
1033	['fu61afkg', 'hg0lyy93', 'nerxtetr', 'qhrwngde', '3jn7tdaj']
1034	['zueprmdz', 'nwb7qf9l', 'jk37ej4c', 'yw5lzibk', 'l9lni5d3']
1035	['d8gx7xbj', 'uuy94dwa', '48ay8yl3', 'mp1z0269', 'c9o7kbv5']
1036	['vszlmtf4', 'xi17qo6z', 'q55l1chd', 'ifovibzi', '6aku7ghk']
1037	['0loj2fsm', 'qowp861l', 'jmzjfwxi', 'tna7e9dw', 'mg8uyeuh']
1038	['roe6g61u', '0qy6hcgp', 'ivy95jpw', 'hcw0cisk', '0r580il2']
1039	['zpv5f8pr', 'oap7i5ea', 'vjtwipu9', 'zk831ou3', 'k8vjv3zy']
1040	['x4zcpr02', '3kjckx8o', 'fk62t9ym', 'd2xc1hew', '4py6l839']
1041	['t7a9edv3', 'li8kvzdh', '10v7kfcd', 'iff8cuum', '6pn9jwfn']
1042	['7wu8bfo4', 'mfp9jbti', 'dccymlie', 'znswomwk', 'm2id6kxw']
1043	['vjwu0fvp', 'oh23px9c', '0vlh67jw', 'tc6btsdu', 'wnlse824']
1044	['wfa5fb3r', 'bqn29m9k', 'jrqlhjsm', 'kvcx11yo', 'styavbvi']
1045	['xjl11qzh', 'pzqmg22v', 'p7foay4k', 'iz74o9de', '36flecmg']
1046	['y6ufb4l6', '43c1vind', 'wq3rlpo3', '9ui0t9tf', '9txgtl28']
1047	['v5beddu4', '9e6g15iw', 'irx4pcsx', 'm79zl7ka', 'l63d9lyd']
1048	['ny7wkswf', 'uxz185vr', 'jrqlhjsm', 'vgffg4c1', 'n2rec4i8']
1049	['w0ebmg16', '9pb2eqoa', '8je46886', 'z86g8dzs', 'xtraspw2']
1050	['b2iit1ef', 'gme1zk3n', 'niqka1hh', '5ik10en4', '8ncc6d2n']
1051	['cjmmwl2q', 'pfgloqz5', 'ovpfh7sh', 'ledopkwj', '27thc6m4']
1052	['niw61l9r', 'qe8mxow7', 'x7qlnugx', 'oyplh9cn', 'tgrh7ap4']
1053	['jhge9qy5', '3rxsplrl', 'psrsed4b', '7wu8bfo4', 'zew4tzy7']
1054	['9n7a9g78', 'gbpfypmn', 'e2rtzymt', 'ehqk1d63', '5gldyo2d']
1055	['t0s5ufzv', 'sdtr6yla', 'mbwo1m1o', '1hobsclz', '0qyhjutm']
1056	['cqv2cv9r', 'rhgl6vss', 'hitaptnp', '73i7h1wi', 'rtwr4a1w']
1057	['qcssljgq', '7pbrnn2g', '4bw26042', 'tuqp3ngs', '3jolt83r']
1058	['r5v2gi3v', '55gugbs8', '0i12e4tn', 'byw8jsqv', 'eywnnzxe']
1059	['uuy94dwa', 'eje3i558', '38d6gb7o', 'e5flh0af', 'b31ctbat']
1060	['p5ceve0x', 'b0qj7tck', 'km0yzqqq', '4pcv1i3i', 'xgfk6txz']
1061	['7zngkwoh', 'upiu3e2d', 'cnmawglq', '0vlh67jw', '4eak8e8l']
1062	['8l5i1z27', 'cj3cpn5j', 'ruewzstg', 't4y1ylb3', '3u3i5myh']
1063	['keaxietu', 'clzxo1ly', 'mx924s06', 'b0g8y96j', '2yka2luy']
1064	['24u6q3ae', 'bw6a5gmy', 'isivkz8b', 'edz3up3a', 'znswomwk']
1065	['ffy19pp9', '2lanvyia', 'cmp1bvhd', 'jdob76wp', 'h2l70h1u']
1066	['0bczgiyy', 'byc8b44e', 'lafh3w44', 'qiyd67z3', 'df5n5v09']
1067	['gk3wr6s1', '34ulkvl4', '0l5li1f0', '72s5lbz1', 'jvqlmqsy']
1068	['7z7zxcm2', 'osct0lj6', 'm2nupp4k', 'rgmurgbf', 'xchvlphf']
1069	['dptapovm', 'qqdcs77q', 'wb601nx8', 'v0y734lu', '167f4gyg']
1070	['fep6qm4d', 'octtj2vf', 'lr20prun', 'a2voobqa', 'f4jx3b2q']
1071	['unhrmzn5', '7n6pva1l', 'dpws8p4y', 'elycje9y', 'jjsr5u2i']
1072	['q4q06pzc', '1kubts7j', 'gckr8h1m', '0m76qrz8', '4vtad2ve']
1073	['g4i4hkhz', '8qdcls1k', '1wui9gwa', 'wubcq0xx', 'v5yny0dw']
1074	['qalficgu', 'bkiobjex', 'qqdcs77q', 'k2qertx2', '6sk97gc4']
1075	['aclcbxkd', 'b7k6x49v', 'x11ntaqf', 'g0cgjlok', 'urj0nssb']
1076	['trrg1mnw', '1v8xf5uy', 'hsm75cww', 't2gxkxxd', '2jdlavwj']
1077	['soz9p0yd', '2jdlavwj', '25aj8rj5', 't2gxkxxd', 'dwgxrbag']
1078	['awb1stsr', 'abjt5vfd', 'xwkdz2jm', '3xasnxwq', '0yr25cxn']
1079	['3jn7tdaj', 'kayh0v56', 'z2z0hu49', 'ftq6ed38', 'octtj2vf']
1080	['x7qlnugx', 'mpe2qs0h', '0ml57rhr', 'efm6zj9r', 'tgrh7ap4']
1081	['z18owc90', 'vtagfrds', 'tve01g7i', 'rob84q03', 'rqnvo9t2']
1082	['w9zyshzb', 'ukrm4ow3', 'kmwfce00', 'car394ou', 'q4m2uj6r']
1083	['33znyrn8', 'igm2qr4p', 'k8xp61uu', 'q1nye2ih', 'cr2cute3']
1084	['vg7dvptg', 'vndj6f7w', 'i3jsvtwp', 'paczkqnw', '3l3zs90e']
1085	['7hkowm2y', 'r6r7k3zr', '0bk9jmdu', 'kek9i9zd', '1foh6k53']
1086	['me08w1ir', 'td8uwcas', '5e5cavkw', '54fmvcl5', 'tadojzoj']
1087	['tcby6780', 'urv9o2f1', 'lav0kp21', 'ju87prqm', '7a7oi5dt']
1088	['66g5lpm6', 'm20lrom9', 'ynaxwnlp', '28fu4ptm', 'i9leac6w']
1089	['vbayngh0', 'l19nsvun', 'rv26qfmf', '0loj2fsm', 'zuz2992q']
1090	['nbqukjzv', 'i3sl2r0k', 'z9ezgcua', '4aps0kvp', '7kxi7px1']
1091	['xof56j98', 'wqmscp6l', 't97pdl4u', 'cyfdvgvy', '8dobncuw']
1092	['0mwz8kwo', '0cnjtxyq', 'pjh2lr22', '59u9ezr2', 'qi1henyy']
1093	['hqkrer9m', '8f83k2ce', '36flecmg', 'jisznsr3', 'y12veqre']
1094	['t2gbeb3c', 'm9i9gu5g', '1lz5xobh', 't3xd28ly', '3cl3q80m']
1095	['tdlcb9bf', '8zm7n7j9', '2hbcbvt6', 'zu5mg2im', 'jisznsr3']
1096	['oeudi6lr', 'mxg2q1vd', 'a54kdnxm', 'btao9cun', 'ra28885e']
1097	['dc8z4jzo', 'k30wvnx8', 'l4zku2e9', 'u42d1p1j', '723l0buc']
1098	['octtj2vf', '3jn7tdaj', 'ey0r1py7', 'lr20prun', '80yu5aiv']
1099	['aqke0012', 'x4yrppe4', '0vy5yifk', 'n2wqalcu', 'wcmxmahq']
1100	['mo23hpe1', '4gof1yl8', '8co5gwkz', '8o2xddof', 'sq01hlaa']
1101	['bh8zshy9', '72jwlfqr', 'i4p0n7d6', '582ts5mf', 'gha1wg4w']
1102	['jhge9qy5', '0emibwp3', 'yrowv62k', '3rxsplrl', 'f96qs295']
1103	['km2uxj9p', 'x7ybnese', 'sikgdopk', 'phl4mmpt', '446p4tbc']
1104	['qh7biax3', '3w5ouagx', 'sgo76prc', '35nshnn2', 'f3mvdpq1']
1105	['7mcfehzc', 'hqkrer9m', 'pzqmg22v', 'j0sr3ifq', 'fcdwitxy']
1106	['mkgszhkk', '9b6cepf4', '4mx9t5td', 'z86g8dzs', 'gb1sk22m']
1107	['jer4jwwf', 'hzv51czu', '8wyfvk1k', '1yvsae2q', 'f1utp08a']
1108	['me08w1ir', 'td8uwcas', '6mzqk12f', '6zjzy0ft', '54fmvcl5']
1109	['5ckds66x', 'es8l29ub', 'efox6z5q', 'z152rm9y', 'xi20pdvy']
1110	['2sp8nm0i', '81pr5etw', '3kl4p7h9', 'brt4zrhe', 'ziyzdcmg']
1111	['x9sfgtim', 'ropgq7tr', 'z86g8dzs', '9hpkmjvu', 'gin90aef']
1112	['hqkrer9m', 'et1ekgdl', 'y12veqre', '0lk8eujq', '36flecmg']
1113	['xuiswu2l', '0y2kq6zg', 'j58f1lwa', 'q9d88fxx', 'nyvluckw']
1114	['mxg2q1vd', '4mblzyxk', '8p0xdqba', 'ko42qlzr', 'zkhdjct7']
1115	['u22z526l', '2w6p6jji', '3cl3q80m', 'gtbegs4r', 'xld7ztx5']
1116	['awb1stsr', 'xbqbwh9j', 'mt0c57cp', 'l5nncxqo', '9hpkmjvu']
1117	['y1gt6bfu', '25bdifv6', 'qh7biax3', 'c4ihkcyr', 'rnfh9v1h']
1118	['gi3vfi68', 'z3ock8ar', 'xp2qkk52', 'am2rrgrb', 'oh23px9c']
1119	['p3dex2to', 'jk37ej4c', 'yw5lzibk', 'nwb7qf9l', '89n52jny']
1120	['uxz185vr', 'ny7wkswf', 'vgffg4c1', 'efbj3uur', 'klh90lvp']
1121	['qys4jl5j', '5iwgutxo', '07a30kd9', 'uu883ofc', 'iv3kps2i']
1122	['s1hmhupe', '8f83k2ce', 'b70zywkw', 'y1uk8yfa', 'c5fn8t7f']
1123	['am2rrgrb', 'tc6btsdu', 'vjwu0fvp', 'xp2qkk52', 'tql5cv8k']
1124	['ji3s6rnu', 'jvood8ur', 'wd13eb5s', '6nsoj5we', 'jp87rp44']
1125	['hqkrer9m', '2u5zxc2i', 'pzqmg22v', 'et1ekgdl', 'y12veqre']
1126	['2oi5km6u', 'kb3xi0fk', 'bbs7zocu', 't5sgguxr', 't2gxkxxd']
1127	['c187k4yc', 'j5erjttt', '43joavrl', 'ruegzkoo', 'd7024aia']
1128	['w9zyshzb', 'uexahhdr', 'cpc1yefj', 'car394ou', 'tsyl7crt']
1129	['ryj83uw3', 'gcecgi3n', 'ypls4zau', '8i1u1a9t', '1oatq6x0']
1130	['pz3e9y4i', 'fhc1qf8d', '4ifng0a6', '0gxjjqpd', 'e4y6l4lx']
1131	['4e82s91a', 'kwutlh8k', 'x9sfgtim', 'ropgq7tr', 'pw58gayr']
1132	['hiw576og', 'jincu9xx', 'qkjieod9', 'pscw933i', '56rn6d6o']
1133	['25jq098w', '7wu8bfo4', 'di4p48ax', 'wh9vvgv2', 'irhizn0b']
1134	['wknaotjt', '5azti19e', 'u6tbu9jf', '9iomlhpv', 'zew4tzy7']
1135	['lclxe7i9', 'fdsaajpy', 'wubcq0xx', 'rcb943w2', '0pptqw7o']
1136	['rjelshrp', 'd60chk12', '6entp07f', 'ln6t374j', 'ep9moftg']
1137	['24u6q3ae', 'bw6a5gmy', 'ngywgodg', 'r2cx0nmw', 'isivkz8b']
1138	['7ld7hyaw', 'vgffg4c1', '414dyokn', 'yj62tnz6', 'l6ksaaaj']
1139	['cf3l8uzq', 'puu8wib8', 'g4nceu64', 'fo4ax1od', 'h89eb6pd']
1140	['noale9n1', '8of3u2sc', '3nxmw97e', '5m23wtpi', 'lmzkseiz']
1141	['2e2s1gof', '30r8zd0l', '0pcgcbjw', 'ouk4adod', 'n040i865']
1142	['hjuftxwg', 'uifnjio5', 'zjpxfd7c', 'tmp6yxlv', '1oatq6x0']
1143	['n6ro088v', 'akvp7d3s', '92ezdiap', '07niopag', '6wb18u6w']
1144	['t5sgguxr', 't9hbbqay', 'ml8j19l7', '0rftk787', 'e3dh0huv']
1145	['sr9qxnu2', 'ruewzstg', 'wubcq0xx', '8l5i1z27', 't4y1ylb3']
1146	['l9lni5d3', 'n1ysi7qc', 's19w1p2i', '4p6fcy8f', 'm26sn2qg']
1147	['hqkrer9m', 's1hmhupe', 'ii3di3dz', 'jpenhh92', 'jisznsr3']
1148	['y7lrp0gc', '0lk8eujq', 'isxasd9b', 'e0pz0z4j', 'wmpjfc02']
1149	['ivy95jpw', 'onlly1ga', 'd21lvneh', 'ml27mexb', 'roe6g61u']
1150	['awzozt7u', 'cb3u1s7s', 'c8rgn7e9', '6d3qvtne', '6uli512b']
1151	['nz976qc6', 'fub50lvt', '0r580il2', 'roe6g61u', 'hcw0cisk']
1152	['iylmvmv3', '1aqf98e0', 'upiu3e2d', 'gin90aef', 'xpwv8xlv']
1153	['7mcfehzc', 'hxyn84jt', 'boew323c', 'ag6lu4em', 'z4s7u17l']
1154	['mt8h4rk5', '32v44sw9', '2146o727', 'ch7nna59', '1w3x0g42']
1155	['ximw03ej', 'i99lqr0p', 'n4kke717', 'a0q61mpi', 'rpwmcqbg']
1156	['ypls4zau', 'ryj83uw3', 'moxjaxuy', '1l0vrbi0', '1oatq6x0']
1157	['ioclf03d', '7t7ho26v', 'q54el8tf', 'z94skip6', 'd0nj3fsa']
1158	['a702kkx0', 'rg5sd5ya', '3phrv0c4', 'n6ro088v', '8hkxbxz9']
1159	['hb2lieh3', 'yx3j6373', 'iqgw6jaq', 'm26sn2qg', 'ixvsemvw']
1160	['5t16srpn', 'p42w7vjf', '0z7ey1nm', 'q93luiw2', 'k5jkntul']
1161	['z86g8dzs', 'yrowv62k', '9b6cepf4', 'unl3n0tn', '7ruoysxu']
1162	['36flecmg', 'y12veqre', 'jisznsr3', 'e0pz0z4j', 'wmpjfc02']
1163	['0rzaa0fd', '1aqf98e0', 'xpwv8xlv', '1fr7j93h', 'cnmawglq']
1164	['7aaiyppx', 'mup5hr7e', 'u07jsjmf', '8vk15klh', '29opurlw']
1165	['zdfx3zo3', 'd1w8xqvo', 'oud5ioks', 'dbwew1op', '7e8zlt3t']
1166	['660gckc7', '1a2jptg3', '72s5lbz1', '0xnpfdt9', 'rytw6rfd']
1167	['1smu8yc3', 'ks0zkp57', 'a9prti0f', 'd19v8qca', 'n2ih64pz']
1168	['b4yj7vw0', 'n2t35wgn', '32v44sw9', 'rej743ia', 'vrixi8sq']
1169	['xchvlphf', 'jo38hjqa', 'mt8h4rk5', 'vu8ao4pt', '11os51qg']
1170	['h0spcvjl', 'x3f1yyjk', 'mevnb9v0', 'whm2wkx2', 'l85fi3lf']
1171	['45r3ccwe', 'r4j1rcm5', '27jytj4k', '2damkjcs', 'yo815hnj']
1172	['8ncc6d2n', '3qvh482o', 'jrqlhjsm', 'hg3xpej0', 'bqn29m9k']
1173	['znwa2kig', 'd1w8xqvo', '8pislcjr', 'd1pgjtjh', '5dgggmv6']
1174	['xxlvyp5c', 'z86g8dzs', '0cnjtxyq', '0clp6zt6', 'hf79cbuq']
1175	['r2cx0nmw', '6xc4j09c', 'h35we3mn', '01q4pu9k', '8i1u1a9t']
1176	['3tlv2b5x', 'pa81t00f', 'qy4gsvac', 'zzyibdy7', 'g0g84bqy']
1177	['g2j4uqem', 'dc8z4jzo', 'jfuwelzt', 'k30wvnx8', 'kfjgy6wl']
1178	['jfjxujwj', '4bu08m2w', 'b6bl0xrc', '09fmkhu5', 'sybr04qy']
1179	['yrxgaiy7', 'yeowvvqi', '78d7vub4', 'asrkuts7', 't2gxkxxd']
1180	['hqkrer9m', '2u5zxc2i', 'fcdwitxy', 'y12veqre', 'ii3di3dz']
1181	['7hporv6w', 'm2nupp4k', 'xigbp7vh', 'y4m987yn', 'xykncac7']
1182	['w1azm2mc', '3jgm3uhs', '4hmecfi0', '73b58lcm', 'rvygtpvb']
1183	['bns5eb1t', 'epar8qi4', 'lv5s1bko', 'nblbacmn', 'v7szuzfa']
1184	['mjb3ip7a', 'jtgpzrf9', 'spfc0fc0', 'hn6clwoj', 'zbi0llig']
1185	['jhge9qy5', 'lav0kp21', '53vvp3j5', 't9hbbqay', '3wjmmr6i']
1186	['h2u5w4a8', 'oo6ba081', 'hm1n8wz2', 'jdg8gsve', 'jo38hjqa']
1187	['a0q61mpi', 'u8mu4yga', '1vcc1khg', 'xtmn1n0r', 'mkgszhkk']
1188	['tv014ubp', 'a3fvifax', 'l5nncxqo', 'c4m63cr3', '6bwd99d9']
1189	['pdiyqdb3', 'fo9uq389', '86gqxajw', 'oywhabcd', 'abq9w77q']
1190	['ivy95jpw', 'onlly1ga', 'roe6g61u', '407va85q', 'fien6nra']
1191	['u8mu4yga', 'z86g8dzs', 'zl4ixyg1', '9mn6trtn', 'uyb0of5p']
1192	['mz7b6ey3', 'konern28', 'dnm7s947', 'lbxg93hl', 'd2pzezq8']
1193	['lav0kp21', '6ys3uogb', 'q54el8tf', 'wh3k3u28', '1t1sykok']
1194	['i99lqr0p', 'ximw03ej', 'n4kke717', 'rpwmcqbg', 'a0q61mpi']
1195	['122yi9np', 'znswomwk', '2ui7z8wi', 'lai0otkm', 'ravcm60e']
1196	['36zu137v', 'gbpfypmn', 'c0i45oix', '1jpwtd4t', 'e2rtzymt']
1197	['z8ajje2l', '8l5i1z27', 'car394ou', 'qkg8fwbp', '42t0zriz']
1198	['5tdmh0ac', 'w04z2f0q', 'zi0cedd9', '2aoyzj2b', '2a12nsnl']
1199	['38paoyuc', 'ljpeq5aw', 'hgpiig0g', 'n5sei1oc', 'ueid1mma']
1200	['wslsqytj', 'dqg6ecxj', 'qqdcs77q', 'v8ujnrbi', 'n3yuvf8v']
1201	['b1w9ns78', 'jmdrupds', '3oetrhdh', 'udtoutew', 'ok33bqqg']
1202	['ki93iltt', 'jmzjfwxi', 'whloioyi', 'zvlt168l', 'mz7b6ey3']
1203	['40fvjskj', 'q7mm4nwm', '4sq7t6hg', '7n6pva1l', 'lzgwxshi']
1204	['089b1z4b', 'tij7lakb', 'uliopaz0', 'eza5qh47', 'x0kcrmol']
1205	['jk37ej4c', 'uei4ovko', 'sonxopa0', 'udtoutew', 'nwb7qf9l']
1206	['3u3i5myh', 'z6cdyy0w', 'di4p48ax', '52jtd51o', '7pqy0ejn']
1207	['ruewzstg', 'sr9qxnu2', 't4y1ylb3', '7wu8bfo4', '8l5i1z27']
1208	['bl96upg3', '1omv4r30', 'khkw1hhv', '0extp6r3', 'mut94ov1']
1209	['wg5cfp0k', 'ueid1mma', '4dpe5q54', '2cv0vuin', 'gton069r']
1210	['4ag4oune', '42wh36ge', 'xyuj1j57', 'snsjrjx3', 'rrvj5sc1']
1211	['zyrvgaql', 'hlulg3wf', '24ie3mhq', '7097q0r1', '0bdi3yxk']
1212	['mlo8zypy', '9n7bkayx', 'u79trvqf', '9mvk86q6', '1l0vrbi0']
1213	['hltkddac', 'itvjhlnn', '2mtuw7gb', 'lcqxrcji', 'kp4j9snc']
1214	['08mfxvql', 'grmsydp0', '11xjl53c', 'xui25c83', 'msovjuk4']
1215	['4wi9lln9', 'gr3tnp3c', '3qequ1ap', 'cgdif7md', 'zd7a5v4q']
1216	['1r9975o8', 'dq3qunwe', '95e1kuux', 'dztaijzu', '52x62y5l']
1217	['lfqi7jsa', 'urv9o2f1', '94w1sbsb', 'bzzln9kc', '5vx2ylui']
1218	['o4ri7t16', '9sub2wtu', 'dsvmh7t6', '2bm389su', 'rog0fp93']
1219	['0n51j2jo', 'r0taoqsw', 'nle4axad', 'f6l0hwyw', 'rr87vhd0']
1220	['a9lw6vrs', 'vg7dvptg', 'f3eogz0n', 'h2iyustf', 'qf5l56ch']
1221	['gjustwrb', 'xmd8fh95', 'tbio295u', 'h365e9gx', 'j5erjttt']
1222	['1mu1o8rj', 'hapw6lv9', '1uabldiq', '6274gicp', '9uxazk87']
1223	['6k0nhmg9', 'jveh2w09', '6hkqe14l', 'fsid4a39', 'fgj2lvbg']
1224	['ut1k8xe7', '9f5i6crg', 'rgmkszfp', 'm1tv7mgm', 'lfo6otkc']
1225	['cgxs9uam', 'unx1pv2k', '1igydu3y', 'mj9xc5fv', 'mfop9fne']
1226	['3jrb0sn8', '0n51j2jo', 'f6l0hwyw', '555e3ndo', 'w3d33mq0']
1227	['zdfslfmb', 'hgg33kwz', '606oxq14', 'upqf41te', 'r69ivrej']
1228	['0qy6hcgp', 'hcw0cisk', '0r580il2', 'd21lvneh', 'ivy95jpw']
1229	['2qwk2z22', '16ff3c7m', 'u31ixcwa', '383sp7f5', 'sm0112e3']
1230	['w0ebmg16', 'z86g8dzs', '8je46886', '9pb2eqoa', 'xtraspw2']
1231	['lclxe7i9', 'tk0iwpnb', '12yshnt5', 'wt5qxe0j', 'nrhk8ctf']
1232	['jtb71lfd', 'yk872yaz', 'uaccs7k9', '7yldl4ld', 'wk4zxmz9']
1233	['0qy6hcgp', 'hcw0cisk', 'ivy95jpw', 'd21lvneh', 'nxu1xoax']
1234	['sfm82h0g', 'o78vcy90', 'vsphu6ih', '4xs9avr0', 'jbmzvljk']
1235	['op1d2o5x', '1wui9gwa', 'jk0ju2eb', 'jo38hjqa', '9im9gqw6']
1236	['7vadpp3d', 'u8ptvem7', 'uru7bkr4', 'auiod44t', 'svgguadm']
1237	['sxi0tpsf', '0clp6zt6', 'vygvs1x3', 'ropgq7tr', 'x9sfgtim']
1238	['x7qlnugx', '2uy0jjdh', 'bqn29m9k', 'ngb7pbyl', 'q55l1chd']
1239	['fteydbm8', 'dlwwcryb', '56m1r1z7', 'e9ba18fn', '0z1gzsfh']
1240	['cutwvq3b', 'm79zl7ka', 'vtagfrds', '8a3fp7ym', 'piap9pr6']
1241	['q4m2uj6r', '5dbuxvc4', 'car394ou', 'p6uliadr', 'z8ajje2l']
1242	['u89jd28e', '6a6tyvtz', 'y1gt6bfu', 'daj5g788', 'k2zrdjyo']
1243	['wubcq0xx', '4iuxm6z2', 'g6i3x433', 'in69fhw9', '6274gicp']
1244	['wubcq0xx', 'zrnxq5uq', 'ogchq8gz', '353wr671', '72jwlfqr']
1245	['ickzzm6y', 'yw81byd0', 'auo73dv7', '97vl2cfl', '597wavq2']
1246	['bw6a5gmy', 'ngywgodg', '05djnz4p', '7g7sgabs', '45qyz490']
1247	['wubcq0xx', 'hlv5zb0s', 'vw9jd88a', 'ngb7pbyl', 'vf7xj5qt']
1248	['0r580il2', 'ivy95jpw', '0qy6hcgp', 'hcw0cisk', 'd21lvneh']
1249	['5xfgmi2n', 'gysvo8e9', 'yaad1ve4', 'an8957d8', '91gytlg2']
1250	['ximw03ej', 'z86g8dzs', 'pdfl15fz', 'u8mu4yga', 'zue5hnal']
1251	['5ckds66x', '68cgub5o', '5zerlx1r', 'anosat1c', 'kk47kxwf']
1252	['80dfqjql', 'k9xhphpl', 'tjplc5j6', 'ewg9d4ei', 'vpqwkmlv']
1253	['tra5ewc5', 'jjh1z5c6', '763v4duh', 'z86g8dzs', '5z0xwlxp']
1254	['7lli72ph', 'rc6cza9r', '10v7kfcd', 'p8ckcvyj', '0vwspd6l']
1255	['tmgmqtjq', '0bczgiyy', 'i8cvxis2', 'c9sidpy9', 'k1adcls8']
1256	['aakzdkcj', 'iu5ndsxn', 'onlly1ga', 'ivy95jpw', 'hcw0cisk']
1257	['13kzv4b2', 'h4kc04w0', '9jfclm9c', '1ke7wisc', '3l3zs90e']
1258	['h4kc04w0', '0rftk787', '6oi8s315', 'opogstc5', 't8xyrsif']
1259	['gdbr8zwr', '35fnrje0', '2hzq5o0v', '5tkyir3r', '0n07fow0']
1260	['6hehg1yf', 'sg1e404x', 'sgezc9kx', 'cplyj4dm', 'jrqlhjsm']
1261	['hunepli1', 'vf7xj5qt', 'b9jcuwu5', 'ocxl6cf4', 'nd5r4yt4']
1262	['n2kn7o67', 'dcfqvp4p', 'i1ysg4l2', '9od5fthg', 'idhvf9vr']
1263	['r1wh54q1', 'w0vjyycy', '4bvxj7u3', 'qalficgu', 'gnhvvpn6']
1264	['yfpioqi5', 'km0yzqqq', 'xgfk6txz', '2l5gc4x2', '0vjxc1bm']
1265	['v14gqr6q', 'dxb6ulf3', 'nyvluckw', '4c3evbqw', 'd6qr2abi']
1266	['gg2swy7i', 'vadaxbsr', '9oui0l6v', 'dqfndau7', 'e1macqqm']
1267	['elycje9y', '582ts5mf', '5g02ykhi', 'pxo5uh4w', 'vp2t4xkn']
1268	['r0nmq9ne', 'e7gq365q', 't4y1ylb3', '2d2y5gmg', 'cj3cpn5j']
1269	['7xb7hj9u', 'eu2vjpw9', 'iff8cuum', '6pn9jwfn', 'dccymlie']
1270	['55gugbs8', 'f3mvdpq1', '52jtd51o', 'byw8jsqv', 'eywnnzxe']
1271	['0njeeoc3', 'i6zofi4g', 'zydm23pf', 'kovi3uyz', 'ne7e12nj']
1272	['di4p48ax', '3u3i5myh', '72jwlfqr', 'zrnxq5uq', 't9hbbqay']
1273	['bw6a5gmy', '24u6q3ae', 'ngywgodg', '05djnz4p', 'r1tl2hrk']
1274	['wa5rxe76', 'uaccs7k9', 'vpoqfm7d', '37gpov43', 't13pehgc']
1275	['9169o29b', 'qkjieod9', 'z807g8i5', 'jgq968f6', '56rn6d6o']
1276	['y12veqre', 'q8l3ra55', '36flecmg', '8f83k2ce', '8xrccucr']
1277	['qkg8fwbp', '9p2pzsx0', 'wxor6kg3', 't84pu00z', 'u5nxm9tu']
1278	['qqbe2bop', 'hapw6lv9', 'cabmmgg6', 'os0sslxc', '1pemhh4n']
1279	['4mblzyxk', 'z6cdyy0w', 'c9fg1ni6', 'b0wy5zz4', 'kit7dfi2']
1280	['pgasbdpp', 'ogrlupbx', 'pmd1n2l1', 'd4eae8g3', '4gj7qdtw']
1281	['uk6whrhz', '3p2cuxk0', 'mtq19xku', 'x6sdpk6v', 'njivwikk']
1282	['k30wvnx8', '1itor6ic', 'u42d1p1j', '0a1m1niu', 'dx2cx9lx']
1283	['hqkrer9m', 'h13dq0x4', '8f83k2ce', 'et1ekgdl', 's01g5wxg']
1284	['hltkddac', 'qjfe2t9v', 'lcqxrcji', '5rhrd0s4', 'kp4j9snc']
1285	['582ts5mf', 'osct0lj6', 'bhleyzhc', 'mgtxchud', '1zbsbcdd']
1286	['1wui9gwa', 'dkukwnov', '7wu8bfo4', 'jkm496ip', 't9hbbqay']
1287	['0klbjvrj', '4gj9d181', '7d6snq1v', 'eo89w6qp', '8z7wo9kz']
1288	['kjr6dcqv', '089b1z4b', '1smu8yc3', 'gc9eg5j3', 'xli7wyg4']
1289	['72s5lbz1', 'hb3wcm04', 'qvj36vut', 'q3yt3udf', 'x4mgnhbg']
1290	['oi8epg9m', 'y1gt6bfu', 'nmdlet38', 'joy8utv1', 'zdfx3zo3']
1291	['gkf3wez8', '10dkpj5h', '3xvphg52', 'v13kzr5y', '5sfojk7y']
1292	['ok9o9tta', 'mgtxchud', '9getsuci', 'm79zl7ka', 't5sgguxr']
1293	['rfchb7ar', 'r4dgrxel', 'nq79qw82', 'zu07vbc4', 'auiod44t']
1294	['jo38hjqa', 'mgtxchud', 'm79zl7ka', 'm8yyntls', '236otwxj']
1295	['6ndqgxy8', 'zweyxxg2', 'vx9vqr1k', 'wfc2psyz', 'oc7koh6s']
1296	['vdgu6h0a', 'gqwwfpch', 'od5nnxvg', '5zn5mgi9', 'llcit7x2']
1297	['r2hovw0y', 'rr87vhd0', '555e3ndo', 'y047cuxp', 'f6l0hwyw']
1298	['55gugbs8', '929rrh59', 'r5v2gi3v', 'byw8jsqv', 'jgcv1wf3']
1299	['hkk23tqt', 'z92xqedn', '2w6p6jji', 'm80rklg5', 'rtus1qyw']
1300	['q58dzxwc', 'krg8jvfz', 'r1wh54q1', 'supf8vel', 'i3ahtzdd']
1301	['xpwv8xlv', 'xtraspw2', 'knbngla3', 'dxrltm25', '2f7wqamp']
1302	['me08w1ir', 'td8uwcas', 'glpca9u0', '3l3zs90e', '5e5cavkw']
1303	['aqcllik0', 'yj25zkx6', '914oafkn', '4c7ug40v', 'ravcm60e']
1304	['h5fvf5ja', 'nxh1su1i', '2iul5pxa', '5o0ihd3f', 'unbx6od5']
1305	['g4nto9kf', 'c9cenvt4', 'y6ufb4l6', '24u6q3ae', '45qyz490']
1306	['ximw03ej', '9qsqj91d', 'rpwmcqbg', '7ruoysxu', '8ko7mmu3']
1307	['z68tl88x', 'juofmvz2', 'arcz8ku9', 'rwgqkow3', 'qv1xfrg6']
1308	['ovgk0wsn', '929rrh59', 'kkbed30m', '7o97t2t7', 'nq79qw82']
1309	['styavbvi', 'jrqlhjsm', '82y56t7d', '3qvh482o', 'hg3xpej0']
1310	['mlo8zypy', '9n7bkayx', '4hdj6mtf', 'vgk1sgcp', 'ypls4zau']
1311	['p9c3g251', '1tamgmzm', 'oe7fzahb', 's1ypdhzv', 'gtbegs4r']
1312	['jisznsr3', 'zu5mg2im', 'ktwazcrd', 'tdlcb9bf', '8zm7n7j9']
1313	['9ixpj162', 'plzklj7c', '9e6g15iw', 'v5beddu4', '6d3qvtne']
1314	['5q49qq42', 'mo4luyx6', 'dlpgq0rm', 'tafg1xoo', 'jkm496ip']
1315	['cnz7jlw4', 'mz1bof2x', 'f0kcf2y0', 'jxsldz4o', 'evuixig8']
1316	['582ts5mf', 'mx1d9qqg', 'v47publm', '11d18w9y', '70s04wty']
1317	['v5beddu4', '9ixpj162', '9e6g15iw', 'cutwvq3b', 'yqx0xqz9']
1318	['407va85q', 'fub50lvt', 'roe6g61u', '0qy6hcgp', 'hcw0cisk']
1319	['z86g8dzs', 'u8mu4yga', '0clp6zt6', 'w1bx4a7v', '9qsqj91d']
1320	['d9b814yp', 'wubcq0xx', 'dkfohub3', 'in69fhw9', 'p3yxqgpp']
1321	['zweyxxg2', 'vx9vqr1k', '63en895x', 'wfc2psyz', 'qd73h1ie']
1322	['3a7utmsd', 'zbbh6wl3', '6qwj922f', 't5sgguxr', '7j2nxop2']
1323	['zp93k874', 'gw6qnwe3', 'rf8mo2bs', 'i89fbfea', 'iha9gjt4']
1324	['6entp07f', 'ep9moftg', '312cg7b7', 'g5uu01aa', 'vstwckpw']
1325	['3kng7qea', '59u9ezr2', '6hl6rtsh', '5t4twnpm', 'pjh2lr22']
1326	['4kfl29ul', 'dfhxcqr8', 'whkfvd7l', 'ksgdjdh1', 'm4vu77v6']
1327	['y7lrp0gc', 'dgnddq80', '6hhauza0', '0lk8eujq', 'su41e4vo']
1328	['rgmkszfp', 'o47v5vgw', 'yhap30qx', 'o877uul1', '0chuwvg6']
1329	['fsid4a39', 'dfhxcqr8', 'fe72aj3a', '0rftk787', 'rbau5dc2']
1330	['26kx1b0h', 'lty6oq3d', '8zufbeuz', 'uc316ncl', 'j0bu0upi']
1331	['gkf3wez8', 'n5bnpzj6', 'd0lulco7', 'f0wzxv39', 'cfe6rb1x']
1332	['mkgszhkk', '30pl5tx3', '844229sb', '8ko7mmu3', '9qsqj91d']
1333	['iuziorsk', 'wmpjfc02', 'z22g03v4', 'yr27lnq8', 'y12veqre']
1334	['jc5ik84m', 'egzlstrz', 'lz8b60ew', 'l16a5nq7', 'wizlpkrk']
1335	['qlng0zvn', '5s1zz2lm', 'wc6e0pxf', 'sdsmy0bw', 'dcx6cv2q']
1336	['6x8xp62f', 'pecyac7l', 'pibg1iw7', 'yjsxen4d', 'qh59uqx4']
1337	['14alhxc3', 'ivy95jpw', '0qy6hcgp', 'hcw0cisk', '5ax78ysz']
1338	['0njeeoc3', 'mo4luyx6', 'jkm496ip', '2d2y5gmg', '1d8sb9rw']
1339	['jk0ju2eb', 'n040i865', '56m1r1z7', 'my2fyqp7', 'mgtxchud']
1340	['7xb7hj9u', 'xcomjvaa', 'iff8cuum', 'pjh2lr22', 'jjgfgqwg']
1341	['43joavrl', 'vcl64usu', '3lzm42wq', '6yio5mjl', 'wq0mebm4']
1342	['1fdnbq1f', 'ocxl6cf4', 'yb9uyov3', 'rhnr430g', '81rxs247']
1343	['hb3wcm04', '72s5lbz1', '0eftiyuw', '660gckc7', 'jzm6nc41']
1344	['0d6sa9pe', 'jrgeasqy', 'wcq3qqt4', 'vndj6f7w', '0mwz8kwo']
1345	['zecuhkcd', 'ucmzbezx', 'yi2m5ukw', '7mc4dq6p', 'u8ptvem7']
1346	['hfk8nikl', 'dcli6uaq', 'yw81byd0', 'ickzzm6y', 'auo73dv7']
1347	['k7vjqzx1', 'xneu8glk', '0pcgcbjw', 'wuojo19n', 'eywnnzxe']
1348	['yrowv62k', 'gtwg0m54', 'u8mu4yga', '0clp6zt6', 'pdfl15fz']
1349	['4p6fcy8f', 's19w1p2i', 'm26sn2qg', 'psrsed4b', '9169o29b']
1350	['lh82rl24', 'fiiyythk', 'i5vlkqvr', '9rgv88qf', '9ex61dl5']
1351	['mkgszhkk', '30pl5tx3', '844229sb', '8ko7mmu3', 'o6dd2vu1']
1352	['aqcllik0', 'yj25zkx6', 'bw6a5gmy', '914oafkn', 'isivkz8b']
1353	['4d6az41t', 'z2z0hu49', 'lg6qorv0', '5azti19e', '92ljfia5']
1354	['ivy95jpw', 'iu5ndsxn', 'roe6g61u', 'fien6nra', 'nxu1xoax']
1355	['ax3e82js', 'cq5z8lqu', 'uohbxoeb', 'oud5ioks', 'oyr4klqk']
1356	['rh2jrojk', 'ivy95jpw', '407va85q', 'roe6g61u', 'd21lvneh']
1357	['jgq968f6', '4p6fcy8f', 'h6dsjkvz', 'pg50i2ql', '8acldtv2']
1358	['tra5ewc5', 'z86g8dzs', 'u8mu4yga', '0clp6zt6', 'w1bx4a7v']
1359	['spfc0fc0', '517qrcc5', 'k9erix1s', 'm7q1roay', 'sniabjhu']
1360	['mo4luyx6', 'dlpgq0rm', 'tu1vevx9', 'k450igys', '9rhydy8u']
1361	['apfimvix', '1j4w2hyp', '4vkkaqhz', 'c187k4yc', '5nr3j1ew']
1362	['8hchfgx6', 'cg6v3yma', 'm2z6k2va', 'lkb09vs8', 'ordof7g5']
1363	['2tggadqm', 'yr27lnq8', 'eyhtf6mv', 'w6i72ivp', 'yj652emy']
1364	['lbyvgqp2', 'sqxdwu6j', 'ijp87jav', '0bk9jmdu', 'dnm7s947']
1365	['5bl4h80v', 'ud8cz3sp', '5utq6bzk', 'zna49ifn', 'xcduaqje']
1366	['8ihlm3fw', '0phf73r6', 'n7oankiq', 'p3cxk8gd', 'l7zlby4y']
1367	['oud5ioks', 'uohbxoeb', 'hn6clwoj', 'zdfx3zo3', 'zbi0llig']
1368	['97vw83zu', 'iu2frsec', 'ohqr1v13', 'ibnudp1x', 'kugpzkyx']
1369	['qijo070w', 'kfbrar54', '92f2xg0y', 'gywxvzm6', 'rimct0c4']
1370	['wgfdd3lm', 'a4klrp3h', '8i1u1a9t', 'dudc5eh8', '0tn06al2']
1371	['hm332jqo', 'q8dl0gcc', 'qhqidit5', 'bakwk4tm', 'glpca9u0']
1372	['3p2cuxk0', 'zhg1hvsq', '296lr317', '0illlel7', '52qpcg63']
1373	['d9b814yp', 'wubcq0xx', '8qdcls1k', 'v5yny0dw', 'zrjvpoq0']
1374	['ximw03ej', 'tra5ewc5', 'u8mu4yga', 'i99lqr0p', '4mx9t5td']
1375	['y349r3r6', 'xjc0l0tv', 'ebbaw3td', '09jbs6mx', 'o8aosx2q']
1376	['bdlhd5i1', 'uw0rrel5', '3da30lb2', 'rcp6xlpg', 's1ypdhzv']
1377	['m6eotnko', 'xtnyad3j', 'lmzkseiz', '3yi44xfe', '3nxmw97e']
1378	['gk3wr6s1', '0l5li1f0', '34ulkvl4', 'qci7khki', '8ruux4sw']
1379	['u07jsjmf', '7aaiyppx', 'mup5hr7e', '8wqii0nd', 'leokcqqy']
1380	['ivy95jpw', 'roe6g61u', '0qy6hcgp', '0r580il2', 'd21lvneh']
1381	['ocxl6cf4', '9ok153yl', 'ju87prqm', 'qp34apct', 'rhnr430g']
1382	['u8mu4yga', 'ximw03ej', 'tra5ewc5', 'n4kke717', 'z86g8dzs']
1383	['focpnnks', 'gvn2v6rt', 'n3swuykg', '1fx7x8af', '3v240tcz']
1384	['xmtv0v6q', '7hq10f2a', 'dc8z4jzo', 'ivug325f', 'qmo1zzkg']
1385	['0j4z4ez7', '0tn06al2', 'grm6kfx7', '3unp46lw', 'xre1l41y']
1386	['u8mu4yga', 'ximw03ej', 'tra5ewc5', 'n4kke717', 'x9sfgtim']
1387	['104lecie', '8rgpr2lo', 'bk3ss63e', '95zrth5d', 'zqzs6vtf']
1388	['bgljm9q2', 'w2w98hey', '6wsa54w2', 'ng193dnk', '4kyy2g76']
1389	['km0yzqqq', 'xgfk6txz', 'b0qj7tck', '0vjxc1bm', 'wgbyqfrx']
1390	['t3dzso36', 'g1zce6p9', 'ajwhnmli', 'v0zxdkla', 'b0nkhsvv']
1391	['onlly1ga', 'ml27mexb', 'aakzdkcj', 'hcw0cisk', 'd21lvneh']
1392	['unx1pv2k', 'cgxs9uam', 'mfop9fne', 'jlr943nv', 'aifv23fw']
1393	['urazxa6x', 'no7n99cg', '3p2cuxk0', 'zli3t1wx', 'l1rnnebt']
1394	['mg7dfs1r', 'y07xjnpe', 'v60ydkm6', 'eoumpu50', 'z22g03v4']
1395	['y349r3r6', '582ts5mf', 'xigbp7vh', 'utak6i4e', 'y1gt6bfu']
1396	['bpnqz1cn', 'q9d54z1s', '99ln2zzs', '3ss41iea', 'tv1a1hwj']
1397	['m79zl7ka', 'q9bwvh0t', 'pn516wom', 'vtagfrds', 'v60ydkm6']
1398	['g266ttng', 'z8ajje2l', 'ksii37ja', '5t72hl4l', '5nxcmedx']
1399	['t3dzso36', 'rb20ge7e', '7xnga86x', 'nt1e70dv', '2j11uxmx']
1400	['zj0yxy2z', 'g7e1mcve', '0r12f0h3', '8q2gdy5n', 'fc86sjec']
1401	['ivy95jpw', '0qy6hcgp', 'roe6g61u', 'hcw0cisk', '14alhxc3']
1402	['lae18d0l', 'on53pegz', '9p73l3rw', '6sgeraws', 'tc1exm56']
1403	['zpxnr9s9', 'bumpnp7q', '42wh36ge', 't0s5ufzv', '0qyhjutm']
1404	['dksw5yzp', '0zjpvzof', 'g0cgjlok', 'xli7wyg4', 'qlejjw9s']
1405	['16ff3c7m', 'u31ixcwa', '2qwk2z22', '383sp7f5', '40dsvwyb']
1406	['ucmzbezx', 'zecuhkcd', 'yi2m5ukw', '7mc4dq6p', '0cnjtxyq']
1407	['cjfn4dna', 'f2ypnls4', 'xeb14weg', '4socpj73', 'bshcsfxr']
1408	['erdcvj30', '6sgeraws', 'yfbg2n2u', '4ttda53p', 'vrzl7h45']
1409	['k30wvnx8', 'z2jtzsl6', 'rwovxw7a', 'lgtpeqhw', '4kfbs7j4']
1410	['hltkddac', 'lcqxrcji', 'kp4j9snc', '2mtuw7gb', 'qjfe2t9v']
1411	['71x3b75z', '2sb905jt', 'bw6a5gmy', 't3xd28ly', 'oe7fzahb']
1412	['bw6a5gmy', 'r2cx0nmw', 'cgc0v1dg', 'cfkh0ypy', 'z3ktkgyp']
1413	['y12veqre', 'hqkrer9m', 'yr27lnq8', '36flecmg', '2u5zxc2i']
1414	['2scp98u0', 'lzgwxshi', 'iff8cuum', '59u9ezr2', '7xb7hj9u']
1415	['6entp07f', 'ybpev0vi', 'g5uu01aa', '312cg7b7', 'kczhrxxd']
1416	['ml8j19l7', '2jdlavwj', 't2gxkxxd', '376x58k1', 'hfaiddki']
1417	['z86g8dzs', 'w2c01295', 'lr20prun', 'octtj2vf', 'lkb09vs8']
1418	['sygm6irl', 'dqhdws5k', '3m9yonqe', 'trmwm9qq', 'hcw0cisk']
1419	['qp34apct', 'q1nye2ih', '582ts5mf', 'tf5a48i2', 'b9jcuwu5']
1420	['y6jw3gws', 'vpih1wvs', 'fytashvs', 'xykncac7', 'bnzb1yon']
1421	['6xxm7hcs', 'sz5fr79q', 'jnmpyovl', 'b8ipstv2', '9getsuci']
1422	['dfhxcqr8', 'fsid4a39', '7k8nlea3', 'mrxpmqw8', 'wvfw94n1']
1423	['33znyrn8', 'fbsrggog', 'po32j519', 'ljt9rn8z', 'k8xp61uu']
1424	['octtj2vf', '3jn7tdaj', 's2vckt2w', '0n51j2jo', 'vrs88dcy']
1425	['g3ny530a', 'wp3rwdum', '1be4l05u', '7tqxng6p', '0rrhgz26']
1426	['zhg1hvsq', '3p2cuxk0', '0illlel7', '6eivv0d9', '296lr317']
1427	['m72i8vtq', 's245n3qw', 'd8lmft7i', 'eumvomou', 'u691yyuc']
1428	['hgmwmrtq', 'ko8lyoob', 'llqpfhwg', '40fvjskj', 'd3owu2ob']
1429	['irx4pcsx', 'v5beddu4', 'zp93k874', '09q2so3j', 'ef3qmfxk']
1430	['yhmuvort', '6fyrj0xv', 'pm2wfblq', 'fsid4a39', '13kzv4b2']
1431	['tbio295u', 'xee6npr3', '40fvjskj', 'xmd8fh95', '9az7i7bk']
1432	['u8mu4yga', 'ximw03ej', 'tra5ewc5', 'i99lqr0p', 'rfchb7ar']
1433	['rr0v0ju1', 'urk8aa5b', '550ik6bk', 'n9fddzn8', '1h01ziqb']
1434	['ximw03ej', 'tra5ewc5', 'u8mu4yga', 'w1bx4a7v', 'pdfl15fz']
1435	['uaccs7k9', 'vpoqfm7d', 'ebgu29uh', 'hp62t734', '18b6ikq3']
1436	['089b1z4b', 'hh643w7m', 'eza5qh47', 'x0kcrmol', 'tij7lakb']
1437	['6r4jyop7', 'gvaslwh9', 'v0y734lu', 'qqdcs77q', 'n9aqux5a']
1438	['k30wvnx8', '723l0buc', 'z2jtzsl6', 'nfem3htm', 'nnp6sv19']
1439	['089b1z4b', 'tij7lakb', 'uliopaz0', 'g0cgjlok', 'x0kcrmol']
1440	['81fv8lzd', 'gdfvt4pu', 'm79zl7ka', 'bnzb1yon', 'ajwhnmli']
1441	['b0nkhsvv', '4jx0oq65', 'g1zpqy18', 'lyewg2c9', '03z4u9v4']
1442	['ohyvuybc', 'x64zft78', '06fwhyac', 'vq9m9m94', '5rpd8d0t']
1443	['32ut5vr7', 'solieify', 'q48rqmw5', '1iagbaow', 'fm6lf66a']
1444	['ftq6ed38', '3jn7tdaj', 'f5twvg9g', 'vprj63y2', 'r5iu5nr1']
1445	['leg5ntvu', 'samf1kwn', '58qneoj5', 'u6a65x9h', 'nlnkgkjo']
1446	['hqkrer9m', 'jisznsr3', 'et1ekgdl', 'y12veqre', '36flecmg']
